--------------------------------------------------------
--  파일이 생성됨 - 일요일-9월-22-2024   
--------------------------------------------------------
--------------------------------------------------------
--  DDL for Sequence BOARDFILE_SEQ
--------------------------------------------------------

   CREATE SEQUENCE  "ADMIN"."BOARDFILE_SEQ"  MINVALUE 1 MAXVALUE 9999999999999999999999999999 INCREMENT BY 1 START WITH 61 CACHE 20 NOORDER  NOCYCLE  NOKEEP  NOSCALE  GLOBAL ;
--------------------------------------------------------
--  DDL for Sequence COMMENT_SEQ
--------------------------------------------------------

   CREATE SEQUENCE  "ADMIN"."COMMENT_SEQ"  MINVALUE 1 MAXVALUE 9999999999999999999999999999 INCREMENT BY 1 START WITH 200000037 NOCACHE  NOORDER  NOCYCLE  NOKEEP  NOSCALE  GLOBAL ;
--------------------------------------------------------
--  DDL for Sequence FAQ_SEQ
--------------------------------------------------------

   CREATE SEQUENCE  "ADMIN"."FAQ_SEQ"  MINVALUE 1 MAXVALUE 9999999999999999999999999999 INCREMENT BY 1 START WITH 13 NOCACHE  NOORDER  NOCYCLE  NOKEEP  NOSCALE  GLOBAL ;
--------------------------------------------------------
--  DDL for Sequence NOTICE_SEQ
--------------------------------------------------------

   CREATE SEQUENCE  "ADMIN"."NOTICE_SEQ"  MINVALUE 1 MAXVALUE 9999999999999999999999999999 INCREMENT BY 1 START WITH 13 NOCACHE  NOORDER  NOCYCLE  NOKEEP  NOSCALE  GLOBAL ;
--------------------------------------------------------
--  DDL for Sequence REFUND_SEQ
--------------------------------------------------------

   CREATE SEQUENCE  "ADMIN"."REFUND_SEQ"  MINVALUE 1 MAXVALUE 9999999999999999999999999999 INCREMENT BY 1 START WITH 1 NOCACHE  NOORDER  NOCYCLE  NOKEEP  NOSCALE  GLOBAL ;
--------------------------------------------------------
--  DDL for Sequence SEQ_BOARD_ID
--------------------------------------------------------

   CREATE SEQUENCE  "ADMIN"."SEQ_BOARD_ID"  MINVALUE 1 MAXVALUE 9999999999999999999999999999 INCREMENT BY 1 START WITH 143 NOCACHE  NOORDER  NOCYCLE  NOKEEP  NOSCALE  GLOBAL ;
--------------------------------------------------------
--  DDL for Sequence SEQ_LIKEID
--------------------------------------------------------

   CREATE SEQUENCE  "ADMIN"."SEQ_LIKEID"  MINVALUE 1 MAXVALUE 9999999999999999999999999999 INCREMENT BY 1 START WITH 26 NOCACHE  NOORDER  NOCYCLE  NOKEEP  NOSCALE  GLOBAL ;
--------------------------------------------------------
--  DDL for Table TBL_BOARDFILE
--------------------------------------------------------

  CREATE TABLE "ADMIN"."TBL_BOARDFILE" 
   (	"FILENO" NUMBER, 
	"BOARDNO" NUMBER, 
	"FILENAME" VARCHAR2(50 BYTE), 
	"FILEORIGINAL" VARCHAR2(50 BYTE), 
	"FILEPATH" VARCHAR2(200 BYTE), 
	"FILESIZE" NUMBER, 
	"FILEEXT" VARCHAR2(10 BYTE), 
	"THUMBN" VARCHAR2(1 BYTE), 
	"FILECREATEDATE" DATE
   ) SEGMENT CREATION IMMEDIATE 
  PCTFREE 10 PCTUSED 40 INITRANS 1 MAXTRANS 255 
 NOCOMPRESS LOGGING
  STORAGE(INITIAL 65536 NEXT 1048576 MINEXTENTS 1 MAXEXTENTS 2147483645
  PCTINCREASE 0 FREELISTS 1 FREELIST GROUPS 1
  BUFFER_POOL DEFAULT FLASH_CACHE DEFAULT CELL_FLASH_CACHE DEFAULT)
  TABLESPACE "USERS" ;
--------------------------------------------------------
--  DDL for Table TBL_BOOK
--------------------------------------------------------

  CREATE TABLE "ADMIN"."TBL_BOOK" 
   (	"BOOK_ID" NUMBER, 
	"TITLE" VARCHAR2(200 BYTE), 
	"DESCRIPTION" VARCHAR2(3000 BYTE), 
	"AUTHOR" VARCHAR2(100 BYTE), 
	"PUBLISHER" VARCHAR2(200 BYTE), 
	"PRICE" NUMBER, 
	"IMAGE" VARCHAR2(255 BYTE), 
	"QUANTITY" NUMBER, 
	"CATEGORY" NUMBER, 
	"EBOOK" CHAR(1 BYTE) DEFAULT 'N', 
	"CREATED_AT" DATE DEFAULT SYSDATE, 
	"UPDATED_AT" DATE
   ) SEGMENT CREATION IMMEDIATE 
  PCTFREE 10 PCTUSED 40 INITRANS 1 MAXTRANS 255 
 NOCOMPRESS LOGGING
  STORAGE(INITIAL 65536 NEXT 1048576 MINEXTENTS 1 MAXEXTENTS 2147483645
  PCTINCREASE 0 FREELISTS 1 FREELIST GROUPS 1
  BUFFER_POOL DEFAULT FLASH_CACHE DEFAULT CELL_FLASH_CACHE DEFAULT)
  TABLESPACE "USERS" ;
--------------------------------------------------------
--  DDL for Table TBL_CART
--------------------------------------------------------

  CREATE TABLE "ADMIN"."TBL_CART" 
   (	"CART_ID" NUMBER GENERATED BY DEFAULT ON NULL AS IDENTITY MINVALUE 1 MAXVALUE 9999999999999999999999999999 INCREMENT BY 1 START WITH 1 CACHE 20 NOORDER  NOCYCLE  NOKEEP  NOSCALE , 
	"USER_ID" NUMBER, 
	"BOOK_ID" NUMBER, 
	"QUANTITY" NUMBER, 
	"ADDED_AT" DATE DEFAULT SYSDATE
   ) SEGMENT CREATION IMMEDIATE 
  PCTFREE 10 PCTUSED 40 INITRANS 1 MAXTRANS 255 
 NOCOMPRESS LOGGING
  STORAGE(INITIAL 65536 NEXT 1048576 MINEXTENTS 1 MAXEXTENTS 2147483645
  PCTINCREASE 0 FREELISTS 1 FREELIST GROUPS 1
  BUFFER_POOL DEFAULT FLASH_CACHE DEFAULT CELL_FLASH_CACHE DEFAULT)
  TABLESPACE "USERS" ;
--------------------------------------------------------
--  DDL for Table TBL_CATEGORIES
--------------------------------------------------------

  CREATE TABLE "ADMIN"."TBL_CATEGORIES" 
   (	"CATEGORY_ID" NUMBER, 
	"CATEGORY_NAME" VARCHAR2(100 BYTE), 
	"CATEGORY1" VARCHAR2(500 BYTE)
   ) SEGMENT CREATION DEFERRED 
  PCTFREE 10 PCTUSED 40 INITRANS 1 MAXTRANS 255 
 NOCOMPRESS LOGGING
  TABLESPACE "USERS" ;
--------------------------------------------------------
--  DDL for Table TBL_FAQ
--------------------------------------------------------

  CREATE TABLE "ADMIN"."TBL_FAQ" 
   (	"FAQ_ID" NUMBER(*,0), 
	"QUESTION" CLOB, 
	"ANSWER" CLOB, 
	"CATEGORY" VARCHAR2(50 BYTE), 
	"CREATED_AT" TIMESTAMP (6) DEFAULT CURRENT_TIMESTAMP, 
	"UPDATED_AT" TIMESTAMP (6) DEFAULT NULL
   ) SEGMENT CREATION IMMEDIATE 
  PCTFREE 10 PCTUSED 40 INITRANS 1 MAXTRANS 255 
 NOCOMPRESS LOGGING
  STORAGE(INITIAL 65536 NEXT 1048576 MINEXTENTS 1 MAXEXTENTS 2147483645
  PCTINCREASE 0 FREELISTS 1 FREELIST GROUPS 1
  BUFFER_POOL DEFAULT FLASH_CACHE DEFAULT CELL_FLASH_CACHE DEFAULT)
  TABLESPACE "USERS" 
 LOB ("QUESTION") STORE AS SECUREFILE (
  TABLESPACE "USERS" ENABLE STORAGE IN ROW CHUNK 8192
  NOCACHE LOGGING  NOCOMPRESS  KEEP_DUPLICATES 
  STORAGE(INITIAL 106496 NEXT 1048576 MINEXTENTS 1 MAXEXTENTS 2147483645
  PCTINCREASE 0
  BUFFER_POOL DEFAULT FLASH_CACHE DEFAULT CELL_FLASH_CACHE DEFAULT)) 
 LOB ("ANSWER") STORE AS SECUREFILE (
  TABLESPACE "USERS" ENABLE STORAGE IN ROW CHUNK 8192
  NOCACHE LOGGING  NOCOMPRESS  KEEP_DUPLICATES 
  STORAGE(INITIAL 106496 NEXT 1048576 MINEXTENTS 1 MAXEXTENTS 2147483645
  PCTINCREASE 0
  BUFFER_POOL DEFAULT FLASH_CACHE DEFAULT CELL_FLASH_CACHE DEFAULT)) ;
--------------------------------------------------------
--  DDL for Table TBL_LIKES
--------------------------------------------------------

  CREATE TABLE "ADMIN"."TBL_LIKES" 
   (	"LIKEID" NUMBER, 
	"LIKEUSERID" VARCHAR2(50 BYTE), 
	"TARGETID" NUMBER, 
	"TARGETTYPE" VARCHAR2(50 BYTE), 
	"LIKEDATE" DATE DEFAULT NULL
   ) SEGMENT CREATION IMMEDIATE 
  PCTFREE 10 PCTUSED 40 INITRANS 1 MAXTRANS 255 
 NOCOMPRESS LOGGING
  STORAGE(INITIAL 65536 NEXT 1048576 MINEXTENTS 1 MAXEXTENTS 2147483645
  PCTINCREASE 0 FREELISTS 1 FREELIST GROUPS 1
  BUFFER_POOL DEFAULT FLASH_CACHE DEFAULT CELL_FLASH_CACHE DEFAULT)
  TABLESPACE "USERS" ;
--------------------------------------------------------
--  DDL for Table TBL_NOTICE
--------------------------------------------------------

  CREATE TABLE "ADMIN"."TBL_NOTICE" 
   (	"NOTICE_ID" NUMBER, 
	"TITLE" VARCHAR2(255 BYTE), 
	"CONTENT" CLOB, 
	"AUTHOR" VARCHAR2(100 BYTE), 
	"HIT" NUMBER DEFAULT 0, 
	"CATEGORY" VARCHAR2(50 BYTE) DEFAULT '공지사항', 
	"CREATED_AT" TIMESTAMP (6) DEFAULT CURRENT_TIMESTAMP, 
	"UPDATED_AT" TIMESTAMP (6) DEFAULT NULL
   ) SEGMENT CREATION IMMEDIATE 
  PCTFREE 10 PCTUSED 40 INITRANS 1 MAXTRANS 255 
 NOCOMPRESS LOGGING
  STORAGE(INITIAL 65536 NEXT 1048576 MINEXTENTS 1 MAXEXTENTS 2147483645
  PCTINCREASE 0 FREELISTS 1 FREELIST GROUPS 1
  BUFFER_POOL DEFAULT FLASH_CACHE DEFAULT CELL_FLASH_CACHE DEFAULT)
  TABLESPACE "USERS" 
 LOB ("CONTENT") STORE AS SECUREFILE (
  TABLESPACE "USERS" ENABLE STORAGE IN ROW CHUNK 8192
  NOCACHE LOGGING  NOCOMPRESS  KEEP_DUPLICATES 
  STORAGE(INITIAL 106496 NEXT 1048576 MINEXTENTS 1 MAXEXTENTS 2147483645
  PCTINCREASE 0
  BUFFER_POOL DEFAULT FLASH_CACHE DEFAULT CELL_FLASH_CACHE DEFAULT)) ;
--------------------------------------------------------
--  DDL for Table TBL_ORDER
--------------------------------------------------------

  CREATE TABLE "ADMIN"."TBL_ORDER" 
   (	"ORDER_ID" VARCHAR2(200 BYTE), 
	"USER_ID" VARCHAR2(100 BYTE), 
	"ORDER_DATE" DATE DEFAULT SYSDATE+9/24, 
	"SHIPPING_ADDRESS" VARCHAR2(255 BYTE), 
	"STATUS" VARCHAR2(100 BYTE), 
	"ARRIVED_DATE" DATE DEFAULT SYSDATE+(3+9/24)
   ) SEGMENT CREATION IMMEDIATE 
  PCTFREE 10 PCTUSED 40 INITRANS 1 MAXTRANS 255 
 NOCOMPRESS LOGGING
  STORAGE(INITIAL 65536 NEXT 1048576 MINEXTENTS 1 MAXEXTENTS 2147483645
  PCTINCREASE 0 FREELISTS 1 FREELIST GROUPS 1
  BUFFER_POOL DEFAULT FLASH_CACHE DEFAULT CELL_FLASH_CACHE DEFAULT)
  TABLESPACE "USERS" ;
--------------------------------------------------------
--  DDL for Table TBL_ORDER_ITEM
--------------------------------------------------------

  CREATE TABLE "ADMIN"."TBL_ORDER_ITEM" 
   (	"ORDER_ID" VARCHAR2(200 BYTE), 
	"BOOK_ID" NUMBER, 
	"QUANTITY" NUMBER, 
	"PRICE" NUMBER, 
	"STATUS" VARCHAR2(100 BYTE)
   ) SEGMENT CREATION IMMEDIATE 
  PCTFREE 10 PCTUSED 40 INITRANS 1 MAXTRANS 255 
 NOCOMPRESS LOGGING
  STORAGE(INITIAL 65536 NEXT 1048576 MINEXTENTS 1 MAXEXTENTS 2147483645
  PCTINCREASE 0 FREELISTS 1 FREELIST GROUPS 1
  BUFFER_POOL DEFAULT FLASH_CACHE DEFAULT CELL_FLASH_CACHE DEFAULT)
  TABLESPACE "USERS" ;
--------------------------------------------------------
--  DDL for Table TBL_REFUND
--------------------------------------------------------

  CREATE TABLE "ADMIN"."TBL_REFUND" 
   (	"REFUND_ID" VARCHAR2(200 BYTE), 
	"ORDER_ID" VARCHAR2(200 BYTE), 
	"REASON" VARCHAR2(200 BYTE), 
	"CREATED_DATE" DATE DEFAULT SYSDATE, 
	"UPDATE_DATE" DATE, 
	"CATEGORY" NUMBER
   ) SEGMENT CREATION DEFERRED 
  PCTFREE 10 PCTUSED 40 INITRANS 1 MAXTRANS 255 
 NOCOMPRESS LOGGING
  TABLESPACE "USERS" ;
--------------------------------------------------------
--  DDL for Table TBL_REFUND_ITEM
--------------------------------------------------------

  CREATE TABLE "ADMIN"."TBL_REFUND_ITEM" 
   (	"REFUND_ID" VARCHAR2(200 BYTE), 
	"BOOK_ID" NUMBER, 
	"QUANTITY" NUMBER, 
	"STATUS" VARCHAR2(100 BYTE), 
	"REJECT_COMMENT" VARCHAR2(200 BYTE)
   ) SEGMENT CREATION DEFERRED 
  PCTFREE 10 PCTUSED 40 INITRANS 1 MAXTRANS 255 
 NOCOMPRESS LOGGING
  TABLESPACE "USERS" ;
--------------------------------------------------------
--  DDL for Table TBL_REFUND_REASON_LIST
--------------------------------------------------------

  CREATE TABLE "ADMIN"."TBL_REFUND_REASON_LIST" 
   (	"REASON_ID" NUMBER, 
	"REASON_TEXT" VARCHAR2(500 BYTE), 
	"TEXTAREA" VARCHAR2(200 BYTE) DEFAULT 'N', 
	"FILE_UPLOAD" CHAR(1 BYTE), 
	"PARENT_REASON_ID" NUMBER
   ) SEGMENT CREATION IMMEDIATE 
  PCTFREE 10 PCTUSED 40 INITRANS 1 MAXTRANS 255 
 NOCOMPRESS LOGGING
  STORAGE(INITIAL 65536 NEXT 1048576 MINEXTENTS 1 MAXEXTENTS 2147483645
  PCTINCREASE 0 FREELISTS 1 FREELIST GROUPS 1
  BUFFER_POOL DEFAULT FLASH_CACHE DEFAULT CELL_FLASH_CACHE DEFAULT)
  TABLESPACE "USERS" ;
--------------------------------------------------------
--  DDL for Table TBL_STU_COMM
--------------------------------------------------------

  CREATE TABLE "ADMIN"."TBL_STU_COMM" 
   (	"BOARD_ID" NUMBER, 
	"BOARD_TYPE" NUMBER, 
	"TITLE" VARCHAR2(100 BYTE), 
	"CONTENT" CLOB, 
	"AUTHOR" VARCHAR2(50 BYTE), 
	"CREATED_DATE" DATE, 
	"UPDATE_DATE" DATE, 
	"VIEWS" NUMBER DEFAULT 0, 
	"LIKES" NUMBER DEFAULT 0                -- 좋아요 수	
, 
	"BOARD_STATUS" VARCHAR2(20 BYTE) DEFAULT 'N'
   ) SEGMENT CREATION IMMEDIATE 
  PCTFREE 10 PCTUSED 40 INITRANS 1 MAXTRANS 255 
 NOCOMPRESS LOGGING
  STORAGE(INITIAL 65536 NEXT 1048576 MINEXTENTS 1 MAXEXTENTS 2147483645
  PCTINCREASE 0 FREELISTS 1 FREELIST GROUPS 1
  BUFFER_POOL DEFAULT FLASH_CACHE DEFAULT CELL_FLASH_CACHE DEFAULT)
  TABLESPACE "USERS" 
 LOB ("CONTENT") STORE AS SECUREFILE (
  TABLESPACE "USERS" ENABLE STORAGE IN ROW CHUNK 8192
  NOCACHE LOGGING  NOCOMPRESS  KEEP_DUPLICATES 
  STORAGE(INITIAL 106496 NEXT 1048576 MINEXTENTS 1 MAXEXTENTS 2147483645
  PCTINCREASE 0
  BUFFER_POOL DEFAULT FLASH_CACHE DEFAULT CELL_FLASH_CACHE DEFAULT)) ;
--------------------------------------------------------
--  DDL for Table TBL_STU_COMMENTS
--------------------------------------------------------

  CREATE TABLE "ADMIN"."TBL_STU_COMMENTS" 
   (	"COMMENT_ID" NUMBER, 
	"POST_ID" NUMBER, 
	"CONTENT" CLOB, 
	"AUTHOR" VARCHAR2(50 BYTE), 
	"CREATED_DATE" DATE, 
	"UPDATE_DATE" DATE, 
	"PARENT_COMMENT_ID" NUMBER, 
	"COMMENTSTATUS" VARCHAR2(20 BYTE) DEFAULT 'N'
   ) SEGMENT CREATION IMMEDIATE 
  PCTFREE 10 PCTUSED 40 INITRANS 1 MAXTRANS 255 
 NOCOMPRESS LOGGING
  STORAGE(INITIAL 65536 NEXT 1048576 MINEXTENTS 1 MAXEXTENTS 2147483645
  PCTINCREASE 0 FREELISTS 1 FREELIST GROUPS 1
  BUFFER_POOL DEFAULT FLASH_CACHE DEFAULT CELL_FLASH_CACHE DEFAULT)
  TABLESPACE "USERS" 
 LOB ("CONTENT") STORE AS SECUREFILE (
  TABLESPACE "USERS" ENABLE STORAGE IN ROW CHUNK 8192
  NOCACHE LOGGING  NOCOMPRESS  KEEP_DUPLICATES 
  STORAGE(INITIAL 106496 NEXT 1048576 MINEXTENTS 1 MAXEXTENTS 2147483645
  PCTINCREASE 0
  BUFFER_POOL DEFAULT FLASH_CACHE DEFAULT CELL_FLASH_CACHE DEFAULT)) ;
--------------------------------------------------------
--  DDL for Table TBL_STU_COMM_BOARD_TYPES
--------------------------------------------------------

  CREATE TABLE "ADMIN"."TBL_STU_COMM_BOARD_TYPES" 
   (	"BOARD_TYPE_ID" NUMBER(*,0), 
	"NAME" VARCHAR2(50 BYTE), 
	"PART" NUMBER(*,0), 
	"FULLVIEW" VARCHAR2(20 BYTE) DEFAULT 1000
   ) SEGMENT CREATION IMMEDIATE 
  PCTFREE 10 PCTUSED 40 INITRANS 1 MAXTRANS 255 
 NOCOMPRESS LOGGING
  STORAGE(INITIAL 65536 NEXT 1048576 MINEXTENTS 1 MAXEXTENTS 2147483645
  PCTINCREASE 0 FREELISTS 1 FREELIST GROUPS 1
  BUFFER_POOL DEFAULT FLASH_CACHE DEFAULT CELL_FLASH_CACHE DEFAULT)
  TABLESPACE "USERS" ;
--------------------------------------------------------
--  DDL for Table TBL_USER
--------------------------------------------------------

  CREATE TABLE "ADMIN"."TBL_USER" 
   (	"USER_ID" VARCHAR2(20 BYTE), 
	"USER_NAME" VARCHAR2(50 BYTE), 
	"USER_NICKNAME" VARCHAR2(50 BYTE), 
	"PASSWORD" VARCHAR2(20 BYTE), 
	"EMAIL" VARCHAR2(100 BYTE), 
	"ADDR" VARCHAR2(300 BYTE), 
	"BAN" VARCHAR2(20 BYTE) DEFAULT 'N', 
	"STATUS" VARCHAR2(20 BYTE) DEFAULT 'USER', 
	"PHONE_NUM" VARCHAR2(20 BYTE), 
	"CREATED_DATE" TIMESTAMP (6) DEFAULT CURRENT_TIMESTAMP, 
	"UPDATE_DATE" TIMESTAMP (6) DEFAULT CURRENT_TIMESTAMP
   ) SEGMENT CREATION IMMEDIATE 
  PCTFREE 10 PCTUSED 40 INITRANS 1 MAXTRANS 255 
 NOCOMPRESS LOGGING
  STORAGE(INITIAL 65536 NEXT 1048576 MINEXTENTS 1 MAXEXTENTS 2147483645
  PCTINCREASE 0 FREELISTS 1 FREELIST GROUPS 1
  BUFFER_POOL DEFAULT FLASH_CACHE DEFAULT CELL_FLASH_CACHE DEFAULT)
  TABLESPACE "USERS" ;
--------------------------------------------------------
--  DDL for Table 알파용준
--------------------------------------------------------

  CREATE TABLE "ADMIN"."알파용준" 
   (	"NAME" VARCHAR2(50 BYTE), 
	"GENERATION" VARCHAR2(50 BYTE)
   ) SEGMENT CREATION IMMEDIATE 
  PCTFREE 10 PCTUSED 40 INITRANS 1 MAXTRANS 255 
 NOCOMPRESS LOGGING
  STORAGE(INITIAL 65536 NEXT 1048576 MINEXTENTS 1 MAXEXTENTS 2147483645
  PCTINCREASE 0 FREELISTS 1 FREELIST GROUPS 1
  BUFFER_POOL DEFAULT FLASH_CACHE DEFAULT CELL_FLASH_CACHE DEFAULT)
  TABLESPACE "USERS" ;
REM INSERTING into ADMIN.TBL_BOARDFILE
SET DEFINE OFF;
Insert into ADMIN.TBL_BOARDFILE (FILENO,BOARDNO,FILENAME,FILEORIGINAL,FILEPATH,FILESIZE,FILEEXT,THUMBN,FILECREATEDATE) values (1,125,'202482005313753.png','profile.png','../../img/202482005313753.png',30670,'.png','N',null);
Insert into ADMIN.TBL_BOARDFILE (FILENO,BOARDNO,FILENAME,FILEORIGINAL,FILEPATH,FILESIZE,FILEEXT,THUMBN,FILECREATEDATE) values (2,126,'202482005550793.png','mainLogo.png','../../img/202482005550793.png',388148,'.png','N',null);
Insert into ADMIN.TBL_BOARDFILE (FILENO,BOARDNO,FILENAME,FILEORIGINAL,FILEPATH,FILESIZE,FILEEXT,THUMBN,FILECREATEDATE) values (3,127,'20248201429284.png','mainLogo.png','../../img/20248201429284.png',388148,'.png','N',null);
Insert into ADMIN.TBL_BOARDFILE (FILENO,BOARDNO,FILENAME,FILEORIGINAL,FILEPATH,FILESIZE,FILEEXT,THUMBN,FILECREATEDATE) values (5,129,'202482022231436.png','profile.png','../src/202482022231436.png',30670,'.png','N',null);
Insert into ADMIN.TBL_BOARDFILE (FILENO,BOARDNO,FILENAME,FILEORIGINAL,FILEPATH,FILESIZE,FILEEXT,THUMBN,FILECREATEDATE) values (6,130,'20248202252317.png','mainLogo.png','../src/20248202252317.png',388148,'.png','N',null);
Insert into ADMIN.TBL_BOARDFILE (FILENO,BOARDNO,FILENAME,FILEORIGINAL,FILEPATH,FILESIZE,FILEEXT,THUMBN,FILECREATEDATE) values (29,139,'202482142311858.png','17.png','../src/202482142311858.png',89612,'.png','N',to_date('24/09/21','RR/MM/DD'));
Insert into ADMIN.TBL_BOARDFILE (FILENO,BOARDNO,FILENAME,FILEORIGINAL,FILEPATH,FILESIZE,FILEEXT,THUMBN,FILECREATEDATE) values (31,200000018,'20248214373939.png','17.png','../src/20248214373939.png',89612,'.png','N',to_date('24/09/21','RR/MM/DD'));
Insert into ADMIN.TBL_BOARDFILE (FILENO,BOARDNO,FILENAME,FILEORIGINAL,FILEPATH,FILESIZE,FILEEXT,THUMBN,FILECREATEDATE) values (32,200000020,'202482143733322.png','12.png','../src/202482143733322.png',101119,'.png','N',to_date('24/09/21','RR/MM/DD'));
Insert into ADMIN.TBL_BOARDFILE (FILENO,BOARDNO,FILENAME,FILEORIGINAL,FILEPATH,FILESIZE,FILEEXT,THUMBN,FILECREATEDATE) values (33,200000021,'202482143839267.png','17.png','../src/202482143839267.png',89612,'.png','N',to_date('24/09/21','RR/MM/DD'));
Insert into ADMIN.TBL_BOARDFILE (FILENO,BOARDNO,FILENAME,FILEORIGINAL,FILEPATH,FILESIZE,FILEEXT,THUMBN,FILECREATEDATE) values (34,200000022,'202482143854696.png','17.png','../src/202482143854696.png',89612,'.png','N',to_date('24/09/21','RR/MM/DD'));
Insert into ADMIN.TBL_BOARDFILE (FILENO,BOARDNO,FILENAME,FILEORIGINAL,FILEPATH,FILESIZE,FILEEXT,THUMBN,FILECREATEDATE) values (35,200000023,'202482143921166.png','24.png','../src/202482143921166.png',199707,'.png','N',to_date('24/09/21','RR/MM/DD'));
Insert into ADMIN.TBL_BOARDFILE (FILENO,BOARDNO,FILENAME,FILEORIGINAL,FILEPATH,FILESIZE,FILEEXT,THUMBN,FILECREATEDATE) values (36,200000024,'202482144043974.png','11.png','../src/202482144043974.png',152467,'.png','N',to_date('24/09/21','RR/MM/DD'));
Insert into ADMIN.TBL_BOARDFILE (FILENO,BOARDNO,FILENAME,FILEORIGINAL,FILEPATH,FILESIZE,FILEEXT,THUMBN,FILECREATEDATE) values (37,140,'2024821102815546.png','13.png','../src/2024821102815546.png',99612,'.png','N',to_date('24/09/21','RR/MM/DD'));
Insert into ADMIN.TBL_BOARDFILE (FILENO,BOARDNO,FILENAME,FILEORIGINAL,FILEPATH,FILESIZE,FILEEXT,THUMBN,FILECREATEDATE) values (38,200000026,'2024821111454446.png','11.png','../src/2024821111454446.png',152467,'.png','N',to_date('24/09/21','RR/MM/DD'));
Insert into ADMIN.TBL_BOARDFILE (FILENO,BOARDNO,FILENAME,FILEORIGINAL,FILEPATH,FILESIZE,FILEEXT,THUMBN,FILECREATEDATE) values (4,128,'202482011110658.png','mainLogo.png','../../img/202482011110658.png',388148,'.png','N',null);
Insert into ADMIN.TBL_BOARDFILE (FILENO,BOARDNO,FILENAME,FILEORIGINAL,FILEPATH,FILESIZE,FILEEXT,THUMBN,FILECREATEDATE) values (39,141,'20248220116751.png','19.png','../src/20248220116751.png',101526,'.png','N',to_date('24/09/22','RR/MM/DD'));
Insert into ADMIN.TBL_BOARDFILE (FILENO,BOARDNO,FILENAME,FILEORIGINAL,FILEPATH,FILESIZE,FILEEXT,THUMBN,FILECREATEDATE) values (7,131,'202482025829235.jfif','dddd.jfif','../src/202482025829235.jfif',87738,'.jfif','N',null);
Insert into ADMIN.TBL_BOARDFILE (FILENO,BOARDNO,FILENAME,FILEORIGINAL,FILEPATH,FILESIZE,FILEEXT,THUMBN,FILECREATEDATE) values (30,140,'20248214245651.png','18.png','../src/20248214245651.png',115511,'.png','N',to_date('24/09/21','RR/MM/DD'));
Insert into ADMIN.TBL_BOARDFILE (FILENO,BOARDNO,FILENAME,FILEORIGINAL,FILEPATH,FILESIZE,FILEEXT,THUMBN,FILECREATEDATE) values (8,133,'20248204241310.jfif','dddd.jfif','../src/20248204241310.jfif',87738,'.jfif','N',null);
Insert into ADMIN.TBL_BOARDFILE (FILENO,BOARDNO,FILENAME,FILEORIGINAL,FILEPATH,FILESIZE,FILEEXT,THUMBN,FILECREATEDATE) values (21,135,'20248211139759.png','1.png','../src/20248211139759.png',197022,'.png','N',null);
Insert into ADMIN.TBL_BOARDFILE (FILENO,BOARDNO,FILENAME,FILEORIGINAL,FILEPATH,FILESIZE,FILEEXT,THUMBN,FILECREATEDATE) values (22,136,'202482111343189.png','12.png','../src/202482111343189.png',101119,'.png','N',null);
Insert into ADMIN.TBL_BOARDFILE (FILENO,BOARDNO,FILENAME,FILEORIGINAL,FILEPATH,FILESIZE,FILEEXT,THUMBN,FILECREATEDATE) values (23,136,'202482101437469.png','mainLogo.png','../src/202482101437469.png',649334,'.png','N',null);
Insert into ADMIN.TBL_BOARDFILE (FILENO,BOARDNO,FILENAME,FILEORIGINAL,FILEPATH,FILESIZE,FILEEXT,THUMBN,FILECREATEDATE) values (24,137,'202482101653974.png','17.png','../src/202482101653974.png',89612,'.png','N',to_date('24/09/21','RR/MM/DD'));
Insert into ADMIN.TBL_BOARDFILE (FILENO,BOARDNO,FILENAME,FILEORIGINAL,FILEPATH,FILESIZE,FILEEXT,THUMBN,FILECREATEDATE) values (25,138,'202482101956599.png','4.png','../src/202482101956599.png',180418,'.png','N',to_date('24/09/21','RR/MM/DD'));
Insert into ADMIN.TBL_BOARDFILE (FILENO,BOARDNO,FILENAME,FILEORIGINAL,FILEPATH,FILESIZE,FILEEXT,THUMBN,FILECREATEDATE) values (26,138,'202482102026268.png','18.png','../src/202482102026268.png',115511,'.png','N',to_date('24/09/21','RR/MM/DD'));
Insert into ADMIN.TBL_BOARDFILE (FILENO,BOARDNO,FILENAME,FILEORIGINAL,FILEPATH,FILESIZE,FILEEXT,THUMBN,FILECREATEDATE) values (27,138,'202482102656814.png','19.png','../src/202482102656814.png',101526,'.png','N',to_date('24/09/21','RR/MM/DD'));
Insert into ADMIN.TBL_BOARDFILE (FILENO,BOARDNO,FILENAME,FILEORIGINAL,FILEPATH,FILESIZE,FILEEXT,THUMBN,FILECREATEDATE) values (28,138,'202482123053549.png','15.png','../src/202482123053549.png',94877,'.png','N',to_date('24/09/21','RR/MM/DD'));
Insert into ADMIN.TBL_BOARDFILE (FILENO,BOARDNO,FILENAME,FILEORIGINAL,FILEPATH,FILESIZE,FILEEXT,THUMBN,FILECREATEDATE) values (40,200000027,'202482201116914.png','18.png','../src/202482201116914.png',115511,'.png','N',to_date('24/09/22','RR/MM/DD'));
Insert into ADMIN.TBL_BOARDFILE (FILENO,BOARDNO,FILENAME,FILEORIGINAL,FILEPATH,FILESIZE,FILEEXT,THUMBN,FILECREATEDATE) values (41,200000029,'202482201342842.png','17.png','../src/202482201342842.png',89612,'.png','N',to_date('24/09/22','RR/MM/DD'));
Insert into ADMIN.TBL_BOARDFILE (FILENO,BOARDNO,FILENAME,FILEORIGINAL,FILEPATH,FILESIZE,FILEEXT,THUMBN,FILECREATEDATE) values (42,200000031,'20248220227686.png','3.png','../src/20248220227686.png',181364,'.png','N',to_date('24/09/22','RR/MM/DD'));
Insert into ADMIN.TBL_BOARDFILE (FILENO,BOARDNO,FILENAME,FILEORIGINAL,FILEPATH,FILESIZE,FILEEXT,THUMBN,FILECREATEDATE) values (43,200000032,'202482202256676.png','17.png','../src/202482202256676.png',89612,'.png','N',to_date('24/09/22','RR/MM/DD'));
Insert into ADMIN.TBL_BOARDFILE (FILENO,BOARDNO,FILENAME,FILEORIGINAL,FILEPATH,FILESIZE,FILEEXT,THUMBN,FILECREATEDATE) values (44,200000033,'202482202515575.png','16.png','../src/202482202515575.png',97436,'.png','N',to_date('24/09/22','RR/MM/DD'));
Insert into ADMIN.TBL_BOARDFILE (FILENO,BOARDNO,FILENAME,FILEORIGINAL,FILEPATH,FILESIZE,FILEEXT,THUMBN,FILECREATEDATE) values (45,200000034,'202482202547352.png','17.png','../src/202482202547352.png',89612,'.png','N',to_date('24/09/22','RR/MM/DD'));
Insert into ADMIN.TBL_BOARDFILE (FILENO,BOARDNO,FILENAME,FILEORIGINAL,FILEPATH,FILESIZE,FILEEXT,THUMBN,FILECREATEDATE) values (46,142,'202482203636455.png','17.png','../src/202482203636455.png',89612,'.png','N',to_date('24/09/22','RR/MM/DD'));
Insert into ADMIN.TBL_BOARDFILE (FILENO,BOARDNO,FILENAME,FILEORIGINAL,FILEPATH,FILESIZE,FILEEXT,THUMBN,FILECREATEDATE) values (47,200000035,'202482203748430.png','18.png','../src/202482203748430.png',115511,'.png','N',to_date('24/09/22','RR/MM/DD'));
Insert into ADMIN.TBL_BOARDFILE (FILENO,BOARDNO,FILENAME,FILEORIGINAL,FILEPATH,FILESIZE,FILEEXT,THUMBN,FILECREATEDATE) values (48,200000036,'202482203758954.png','24.png','../src/202482203758954.png',199707,'.png','N',to_date('24/09/22','RR/MM/DD'));
REM INSERTING into ADMIN.TBL_BOOK
SET DEFINE OFF;
Insert into ADMIN.TBL_BOOK (BOOK_ID,TITLE,DESCRIPTION,AUTHOR,PUBLISHER,PRICE,IMAGE,QUANTITY,CATEGORY,EBOOK,CREATED_AT,UPDATED_AT) values (9788932931231,'토익 기출 VOCA','토익 빈출 단어 정리','김진영','능률',13500,'https://contents.kyobobook.co.kr/sih/fit-in/200x0/pdt/9788965422785.jpg',10,2,'N',to_date('24/09/20','RR/MM/DD'),to_date('24/09/20','RR/MM/DD'));
Insert into ADMIN.TBL_BOOK (BOOK_ID,TITLE,DESCRIPTION,AUTHOR,PUBLISHER,PRICE,IMAGE,QUANTITY,CATEGORY,EBOOK,CREATED_AT,UPDATED_AT) values (978893293123,'영어회화 100일의 기적','하루 30분 영어 학습법','문성현','넥서스',13500,'https://contents.kyobobook.co.kr/sih/fit-in/200x0/pdt/9791166833557.jpg',10,3,'N',to_date('24/09/20','RR/MM/DD'),to_date('24/09/20','RR/MM/DD'));
Insert into ADMIN.TBL_BOOK (BOOK_ID,TITLE,DESCRIPTION,AUTHOR,PUBLISHER,PRICE,IMAGE,QUANTITY,CATEGORY,EBOOK,CREATED_AT,UPDATED_AT) values (9788932931238,'이것이 자바다','자바 기본부터 심화까지','신용권','한빛미디어',32000,'https://contents.kyobobook.co.kr/sih/fit-in/200x0/pdt/9791169212298.jpg',8,4,'N',to_date('24/09/20','RR/MM/DD'),to_date('24/09/20','RR/MM/DD'));
Insert into ADMIN.TBL_BOOK (BOOK_ID,TITLE,DESCRIPTION,AUTHOR,PUBLISHER,PRICE,IMAGE,QUANTITY,CATEGORY,EBOOK,CREATED_AT,UPDATED_AT) values (9788932931239,'클린 코드','애자일 소프트웨어 장인 정신','로버트 C. 마틴','인사이트',30000,'https://contents.kyobobook.co.kr/sih/fit-in/200x0/pdt/9791169212779.jpg',7,4,'N',to_date('24/09/20','RR/MM/DD'),to_date('24/09/20','RR/MM/DD'));
Insert into ADMIN.TBL_BOOK (BOOK_ID,TITLE,DESCRIPTION,AUTHOR,PUBLISHER,PRICE,IMAGE,QUANTITY,CATEGORY,EBOOK,CREATED_AT,UPDATED_AT) values (9788932931310,'객체지향의 사실과 오해','객체지향의 철학적 배경','조영호','위키북스',22000,'https://contents.kyobobook.co.kr/sih/fit-in/200x0/pdt/9788998139766.jpg',9,4,'N',to_date('24/09/20','RR/MM/DD'),to_date('24/09/20','RR/MM/DD'));
Insert into ADMIN.TBL_BOOK (BOOK_ID,TITLE,DESCRIPTION,AUTHOR,PUBLISHER,PRICE,IMAGE,QUANTITY,CATEGORY,EBOOK,CREATED_AT,UPDATED_AT) values (9788932931311,'모던 자바스크립트 Deep Dive','자바스크립트 심화 학습','이웅모','위키북스',45000,'https://contents.kyobobook.co.kr/sih/fit-in/200x0/pdt/9791158392239.jpg',5,4,'N',to_date('24/09/20','RR/MM/DD'),to_date('24/09/20','RR/MM/DD'));
Insert into ADMIN.TBL_BOOK (BOOK_ID,TITLE,DESCRIPTION,AUTHOR,PUBLISHER,PRICE,IMAGE,QUANTITY,CATEGORY,EBOOK,CREATED_AT,UPDATED_AT) values (9788932931312,'리액트를 다루는 기술','리액트 입문부터 실전까지','김민준','길벗',34000,'https://contents.kyobobook.co.kr/sih/fit-in/200x0/pdt/9791160508796.jpg',8,4,'N',to_date('24/09/20','RR/MM/DD'),to_date('24/09/20','RR/MM/DD'));
Insert into ADMIN.TBL_BOOK (BOOK_ID,TITLE,DESCRIPTION,AUTHOR,PUBLISHER,PRICE,IMAGE,QUANTITY,CATEGORY,EBOOK,CREATED_AT,UPDATED_AT) values (9788932931313,'Effective Java','자바 성능 개선을 위한 실전 팁','조슈아 블로크','인사이트',42000,'https://contents.kyobobook.co.kr/sih/fit-in/200x0/pdt/9788966262281.jpg',5,4,'N',to_date('24/09/20','RR/MM/DD'),to_date('24/09/20','RR/MM/DD'));
Insert into ADMIN.TBL_BOOK (BOOK_ID,TITLE,DESCRIPTION,AUTHOR,PUBLISHER,PRICE,IMAGE,QUANTITY,CATEGORY,EBOOK,CREATED_AT,UPDATED_AT) values (9788932931314,'SQL 첫걸음','SQL 입문자를 위한 가이드','최재훈','한빛미디어',18000,'https://contents.kyobobook.co.kr/sih/fit-in/200x0/pdt/9788968482311.jpg',10,5,'N',to_date('24/09/20','RR/MM/DD'),to_date('24/09/20','RR/MM/DD'));
Insert into ADMIN.TBL_BOOK (BOOK_ID,TITLE,DESCRIPTION,AUTHOR,PUBLISHER,PRICE,IMAGE,QUANTITY,CATEGORY,EBOOK,CREATED_AT,UPDATED_AT) values (9788932931315,'Do it! HTML+CSS+자바스크립트 웹 표준의 정석','웹 개발 입문자를 위한 책','고경희','이지스퍼블리싱',23000,'https://contents.kyobobook.co.kr/sih/fit-in/200x0/pdt/9791163036227.jpg',12,5,'N',to_date('24/09/20','RR/MM/DD'),to_date('24/09/20','RR/MM/DD'));
Insert into ADMIN.TBL_BOOK (BOOK_ID,TITLE,DESCRIPTION,AUTHOR,PUBLISHER,PRICE,IMAGE,QUANTITY,CATEGORY,EBOOK,CREATED_AT,UPDATED_AT) values (9788932931316,'파이썬으로 배우는 머신러닝의 교과서','파이썬으로 배우는 기계 학습','쿠사노 쇼타','제이펍',35000,'https://contents.kyobobook.co.kr/sih/fit-in/200x0/pdt/9791162241240.jpg',6,1,'N',to_date('24/09/20','RR/MM/DD'),to_date('24/09/20','RR/MM/DD'));
Insert into ADMIN.TBL_BOOK (BOOK_ID,TITLE,DESCRIPTION,AUTHOR,PUBLISHER,PRICE,IMAGE,QUANTITY,CATEGORY,EBOOK,CREATED_AT,UPDATED_AT) values (9788932931317,'해커스 토익 스타트 Listening','초보자를 위한 토익 리스닝','해커스어학연구소','해커스',13500,'https://contents.kyobobook.co.kr/sih/fit-in/200x0/pdt/9788965423379.jpg',10,2,'N',to_date('24/09/20','RR/MM/DD'),to_date('24/09/20','RR/MM/DD'));
Insert into ADMIN.TBL_BOOK (BOOK_ID,TITLE,DESCRIPTION,AUTHOR,PUBLISHER,PRICE,IMAGE,QUANTITY,CATEGORY,EBOOK,CREATED_AT,UPDATED_AT) values (9788932931318,'정보처리기사 필기','정보처리기사 자격증 대비','윤정인','길벗',35000,'https://contents.kyobobook.co.kr/sih/fit-in/200x0/pdt/9791140706587.jpg',15,6,'N',to_date('24/09/20','RR/MM/DD'),to_date('24/09/20','RR/MM/DD'));
Insert into ADMIN.TBL_BOOK (BOOK_ID,TITLE,DESCRIPTION,AUTHOR,PUBLISHER,PRICE,IMAGE,QUANTITY,CATEGORY,EBOOK,CREATED_AT,UPDATED_AT) values (9788932931319,'파이썬 알고리즘 인터뷰','알고리즘 문제 해결 전략','박상길','책만',38000,'https://contents.kyobobook.co.kr/sih/fit-in/200x0/pdt/9791163033936.jpg',10,1,'N',to_date('24/09/20','RR/MM/DD'),to_date('24/09/20','RR/MM/DD'));
Insert into ADMIN.TBL_BOOK (BOOK_ID,TITLE,DESCRIPTION,AUTHOR,PUBLISHER,PRICE,IMAGE,QUANTITY,CATEGORY,EBOOK,CREATED_AT,UPDATED_AT) values (9788932923891,'Do it! 점프 투 파이썬','파이썬을 처음 배우는 사람들을 위한 입문서','박응용','이지스퍼블리싱',18000,'https://contents.kyobobook.co.kr/sih/fit-in/458x0/pdt/480D230606880.jpg',100,1,'N',to_date('24/09/19','RR/MM/DD'),null);
Insert into ADMIN.TBL_BOOK (BOOK_ID,TITLE,DESCRIPTION,AUTHOR,PUBLISHER,PRICE,IMAGE,QUANTITY,CATEGORY,EBOOK,CREATED_AT,UPDATED_AT) values (9788932923111,'혼자 공부하는 머신러닝+딥러닝','비전공자도 이해할 수 있는 쉬운 머신러닝과 딥러닝 입문서','박해선','한빛미디어',35000,'https://contents.kyobobook.co.kr/sih/fit-in/458x0/pdt/9791162243664.jpg',150,1,'N',to_date('24/09/19','RR/MM/DD'),null);
Insert into ADMIN.TBL_BOOK (BOOK_ID,TITLE,DESCRIPTION,AUTHOR,PUBLISHER,PRICE,IMAGE,QUANTITY,CATEGORY,EBOOK,CREATED_AT,UPDATED_AT) values (9788932923322,'모두의 데이터 과학','파이썬과 데이터 분석 도구를 이용한 데이터 과학 실습서','송석리','길벗',28000,'https://contents.kyobobook.co.kr/sih/fit-in/458x0/pdt/4801160502153.jpg',120,1,'Y',to_date('24/09/19','RR/MM/DD'),null);
Insert into ADMIN.TBL_BOOK (BOOK_ID,TITLE,DESCRIPTION,AUTHOR,PUBLISHER,PRICE,IMAGE,QUANTITY,CATEGORY,EBOOK,CREATED_AT,UPDATED_AT) values (9788932923814,'해커스 토익 실전 1000제','토익 실전 문제로 실력을 키울 수 있는 교재','David Cho','해커스',15000,'https://contents.kyobobook.co.kr/sih/fit-in/458x0/pdt/9788965425052.jpg',200,2,'N',to_date('24/09/19','RR/MM/DD'),null);
Insert into ADMIN.TBL_BOOK (BOOK_ID,TITLE,DESCRIPTION,AUTHOR,PUBLISHER,PRICE,IMAGE,QUANTITY,CATEGORY,EBOOK,CREATED_AT,UPDATED_AT) values (9788932923812,'영어회화 100일의 기적','100일 안에 영어 회화를 마스터하는 비법','문성현','넥서스',13500,'https://contents.kyobobook.co.kr/sih/fit-in/458x0/pdt/4801166833558.jpg',180,2,'Y',to_date('24/09/19','RR/MM/DD'),null);
Insert into ADMIN.TBL_BOOK (BOOK_ID,TITLE,DESCRIPTION,AUTHOR,PUBLISHER,PRICE,IMAGE,QUANTITY,CATEGORY,EBOOK,CREATED_AT,UPDATED_AT) values (9788932923864,'파피용 (베르나르 베르베르 장편소설)','우주 규모의 폭발적인 상상력!
새로운 모습으로 만나는 불멸의 걸작

우주 규모의 폭발적인 상상력으로 오랫동안 사랑받아 온 스테디셀러 『파피용』이 새로운 모습으로 독자들을 다시 만난다. 『파피용』은 인간들의 반목과 갈등으로 황폐해진 지구를 떠나 새로운 별을 찾아 나서는 이들의 모험담이다. 희망과 호기심을 품고 모여든 14만 4천 명은 도시 하나와 맞먹는 거대한 크기의 우주 범선 파피용호에 올라 1천 년간 펼쳐질 탐험의 대장정을 시작한다. 
독자들에게 더욱 친근하게 다가가고자 새로운 판형과 장정으로 단장한 『파피용』은 작품의 매력은 그대로, 책의 만듦새는 더욱 가볍게, 더욱 현대적으로 선보인다. 내용 역시 손봐 그간의 맞춤법 변화를 반영했다. 한편 거장 만화가 뫼비우스의 한국판 독점 일러스트가 여전히 빛나는 독창성으로 독서 경험을 한층 다채롭게 해준다.','베르나르 베르베르','열린책들',14220,'https://shopping-phinf.pstatic.net/main_4428426/44284266620.20231128081305.jpg',10,1,'N',to_date('24/09/18','RR/MM/DD'),null);
Insert into ADMIN.TBL_BOOK (BOOK_ID,TITLE,DESCRIPTION,AUTHOR,PUBLISHER,PRICE,IMAGE,QUANTITY,CATEGORY,EBOOK,CREATED_AT,UPDATED_AT) values (9788956897332,'파피용 (인간의 멍청함을 이야기하는 최초의 강아지)','파피용 작가가 전수하는 멍청한 반려인간 길들이기!

파피용 ‘주느비에브 여왕’이 들려주는 유쾌하고 발칙한 인간 관찰기 『파피용』. 파피용 품종의 개이자 인간의 습성에 통달한 연구자인 주느비에브가 들여다보기 어려웠던 반려견의 마음 속으로 초대한다. 주느비에브가 ‘멍멍’한 내용을 주느비에브의 반려인간 데니스 프라이드가 옮겨 쓴 것으로, 인간 데리고 살기의 어려움을 토로하며 동료 견공들에게 도움이 되는 다양한 노하우를 알려준다. 1997년 12월에 태어난 순종 파피용 주느비에브는 데니와 카트리나를 만나 가족이 된다. 하지만 그들이 가족이 된 첫날부터 자신의 프랑스 혈통을 자랑스럽게 생각하는 순종 파피용과 그런 파피용을 길들이려는 두 인간 사이에는 불꽃이 튀는데….','데니스 프라이드','뜰북',10800,'https://shopping-phinf.pstatic.net/main_3246686/32466867155.20220527041656.jpg',10,1,'N',to_date('24/09/18','RR/MM/DD'),null);
Insert into ADMIN.TBL_BOOK (BOOK_ID,TITLE,DESCRIPTION,AUTHOR,PUBLISHER,PRICE,IMAGE,QUANTITY,CATEGORY,EBOOK,CREATED_AT,UPDATED_AT) values (9791157581191,'파피용 (아주 폭신한 아기 고양이)','아주 폭신한 아기 고양이 파피용이 매력적인 그림책! 『아주 폭신한 아기 고양이 파피용』 은 공기보다 가벼워 둥둥 떠다니길 좋아하는 아주 폭신한 아기 고양이에 관한 이야기다. 그런데 어쩌지? 집에 혼자 남겨진 파피용이 친구에게 인사를 하려고 따라가다 그만 길을 잃고 말았다. 과연 파피용은 다시 집으로 돌아올 수 있을까?','A. N. 강','다담교육젤로스',10800,'https://shopping-phinf.pstatic.net/main_3246711/32467114106.20240628071056.jpg',10,1,'N',to_date('24/09/18','RR/MM/DD'),null);
Insert into ADMIN.TBL_BOOK (BOOK_ID,TITLE,DESCRIPTION,AUTHOR,PUBLISHER,PRICE,IMAGE,QUANTITY,CATEGORY,EBOOK,CREATED_AT,UPDATED_AT) values (9788932907741,'파피용 (양장) (베르나르 베르베르 장편소설)','&lt;개미&gt;, &lt;뇌&gt;, &lt;나무&gt;의 작가 베르나르 베르베르가 우주를 무대로 쓴 장편소설. 발명가 이브, 억만장자 맥 나마라, 생태학자이자 심리학자인 바이스, 항해 전문가 말로리... 각계각층에서 선발된 14만 4천 명의 마지막 지구인들이 인류의 미래를 건 ''마지막 희망'' 프로젝트에 임하게 된다.



지구가 위태롭다. 인류는 멸종의 위기에 처해 있다. 이런 인류를 구하기 위해 한 항공 우주 엔지니어가 태양빛을 추진 동력으로 움직이는 거대한 우주선에 14만 4천 명의 지구인을 태우겠다는 실현 불가능해 보이는 꿈을 꾼다.



&lt;파피용&gt;은 반목과 고통의 역사를 반복하는 인간에 의해 황폐해진 지구를 떠난 새로운 희망의 별을 찾아 나서는 이들의 모험담이다. 여행 기간 1252년, 거리 20조 킬로미터, 우주 범선 파피용은 40제곱킬로미터 넓이의 돛을 달고 미지의 별을 향해 날아오른다.



과학과 문학을 결합시키는 작가 특유의 재능이 잘 드러나 있는, 강한 흡인력의 소설이다. 베르나르 베르베르의 전작 &lt;나무&gt;에 삽화를 그렸던 프랑스의 베테랑 만화가 뫼비우스가 한국어판 독점 일러스트를 작업했다.



첫 출간 당시「렉스프레스」지에서는 ''베르나르 베르베르의 작품 세계에 중요한 의미를 가지는 몇 가지 주제들을 효과적으로 압축해 보여 주는 매력적인 판타지 소설''이라 평했으며, 프랑스 현지에서 &lt;파피용&gt;에 나온 가설들을 바탕으로 우주선을 제작하기 위한 사이트가 개설되기도 했다.','베르나르 베르베르','열린책들',14220,'https://shopping-phinf.pstatic.net/main_3246696/32466968367.20231120072016.jpg',10,1,'N',to_date('24/09/18','RR/MM/DD'),null);
Insert into ADMIN.TBL_BOOK (BOOK_ID,TITLE,DESCRIPTION,AUTHOR,PUBLISHER,PRICE,IMAGE,QUANTITY,CATEGORY,EBOOK,CREATED_AT,UPDATED_AT) values (9791190749466,'당신 곁의 파피용 (애니멀 SF 앤솔러지)','인간의 가장 가까이에 있으면서 가장 타자화된 존재, 비인간동물. 어떻게 하면 우리와 함께 살고 있는 타자화된 모든 존재의 완전성을 인정하고 다양성을 보호할 수 있을까. 한국을 대표하는 다섯 명의 SF 작가들이 SF적 상상력을 통해 착취와 수탈 없이 다른 종과 공존하는 세계의 가능성을 탐험한다. 개, 금붕어, 곰, 공룡 등 다양한 비인간동물이 등장하는 다섯 개의 이야기는 의미와 감동은 물론 재미까지 선사한다.','듀나^박문영^박해울^이신주^전삼혜','요다',13370,'https://shopping-phinf.pstatic.net/main_3601614/36016146618.20230214162914.jpg',10,1,'N',to_date('24/09/18','RR/MM/DD'),null);
Insert into ADMIN.TBL_BOOK (BOOK_ID,TITLE,DESCRIPTION,AUTHOR,PUBLISHER,PRICE,IMAGE,QUANTITY,CATEGORY,EBOOK,CREATED_AT,UPDATED_AT) values (9791157581184,'파피용 고양이 병원에 가다 (아주 폭신한 아기 고양이)','아주 뽀송뽀송한 아기 고양이 파피용의 매력적인 그림책!

『파피용 고양이 병원에 가다』 는 하늘의 구름처럼 둥둥 떠다니는 아주 폭신한 아기 고양이에 대한 이야기예요. 말도 안 돼! 놀잇감을 삼킨 후로 딸꾹질이 멈추지 않아 떠다닐 수 없게 된 파피용의 기분은 어떨까요? 딸꾹질 때문에 간 낯선 병원에서 새로운 친구를 만나게 되는 과정에 대해 생각해보는 이야기예요. 

파피용은 친구와 함께 잡기 놀이하는 것을 제일 좋아해요. 그런데 어느 날, 파피용이 잡기 놀이를 하던 놀잇감을 삼키고 말았어요. 맙소사! 떠다닐 수가 없게 되었어요. 틸리는 파피용을 곧장 고양이 병원으로 데려갔어요. 고양이 병원에서 하룻밤을 보내게 된 파피용은 슬퍼졌어요. 마치 혼자인 것 같아서 집으로 돌아가고 싶었죠. 슬픔에 빠진 파피용이 울면 울수록 딸꾹질은 더 심해졌어요. 파피용은 딸꾹질을 멈추고, 다시 떠다닐 수 있을까요?','A. N. 강','다담교육젤로스',10800,'https://shopping-phinf.pstatic.net/main_3246703/32467032743.20221230071823.jpg',10,1,'N',to_date('24/09/18','RR/MM/DD'),null);
REM INSERTING into ADMIN.TBL_CART
SET DEFINE OFF;
REM INSERTING into ADMIN.TBL_CATEGORIES
SET DEFINE OFF;
REM INSERTING into ADMIN.TBL_FAQ
SET DEFINE OFF;
Insert into ADMIN.TBL_FAQ (FAQ_ID,CATEGORY,CREATED_AT,UPDATED_AT) values (1,'서비스',to_timestamp('24/09/20 10:58:44.564203000','RR/MM/DD HH24:MI:SSXFF'),null);
Insert into ADMIN.TBL_FAQ (FAQ_ID,CATEGORY,CREATED_AT,UPDATED_AT) values (2,'계정',to_timestamp('24/09/20 10:58:44.580016000','RR/MM/DD HH24:MI:SSXFF'),null);
Insert into ADMIN.TBL_FAQ (FAQ_ID,CATEGORY,CREATED_AT,UPDATED_AT) values (3,'환불',to_timestamp('24/09/20 10:58:44.588733000','RR/MM/DD HH24:MI:SSXFF'),null);
Insert into ADMIN.TBL_FAQ (FAQ_ID,CATEGORY,CREATED_AT,UPDATED_AT) values (4,'배송',to_timestamp('24/09/20 10:58:44.596667000','RR/MM/DD HH24:MI:SSXFF'),null);
Insert into ADMIN.TBL_FAQ (FAQ_ID,CATEGORY,CREATED_AT,UPDATED_AT) values (5,'계정',to_timestamp('24/09/20 10:58:44.604479000','RR/MM/DD HH24:MI:SSXFF'),null);
Insert into ADMIN.TBL_FAQ (FAQ_ID,CATEGORY,CREATED_AT,UPDATED_AT) values (6,'쿠폰',to_timestamp('24/09/20 10:58:44.613155000','RR/MM/DD HH24:MI:SSXFF'),null);
Insert into ADMIN.TBL_FAQ (FAQ_ID,CATEGORY,CREATED_AT,UPDATED_AT) values (7,'고객센터',to_timestamp('24/09/20 10:58:44.621792000','RR/MM/DD HH24:MI:SSXFF'),null);
Insert into ADMIN.TBL_FAQ (FAQ_ID,CATEGORY,CREATED_AT,UPDATED_AT) values (8,'주문',to_timestamp('24/09/20 10:58:44.630003000','RR/MM/DD HH24:MI:SSXFF'),null);
Insert into ADMIN.TBL_FAQ (FAQ_ID,CATEGORY,CREATED_AT,UPDATED_AT) values (9,'혜택',to_timestamp('24/09/20 10:58:44.638574000','RR/MM/DD HH24:MI:SSXFF'),null);
Insert into ADMIN.TBL_FAQ (FAQ_ID,CATEGORY,CREATED_AT,UPDATED_AT) values (10,'리뷰',to_timestamp('24/09/20 10:58:44.647121000','RR/MM/DD HH24:MI:SSXFF'),null);
Insert into ADMIN.TBL_FAQ (FAQ_ID,CATEGORY,CREATED_AT,UPDATED_AT) values (11,'문의',to_timestamp('24/09/20 10:58:44.654599000','RR/MM/DD HH24:MI:SSXFF'),null);
Insert into ADMIN.TBL_FAQ (FAQ_ID,CATEGORY,CREATED_AT,UPDATED_AT) values (12,'적립금',to_timestamp('24/09/20 10:58:44.661951000','RR/MM/DD HH24:MI:SSXFF'),null);
REM INSERTING into ADMIN.TBL_LIKES
SET DEFINE OFF;
Insert into ADMIN.TBL_LIKES (LIKEID,LIKEUSERID,TARGETID,TARGETTYPE,LIKEDATE) values (13,'USER01',139,'게시글',to_date('24/09/22','RR/MM/DD'));
Insert into ADMIN.TBL_LIKES (LIKEID,LIKEUSERID,TARGETID,TARGETTYPE,LIKEDATE) values (14,'user01',141,'게시글',to_date('24/09/22','RR/MM/DD'));
Insert into ADMIN.TBL_LIKES (LIKEID,LIKEUSERID,TARGETID,TARGETTYPE,LIKEDATE) values (15,'user01',200000027,'댓글',to_date('24/09/22','RR/MM/DD'));
Insert into ADMIN.TBL_LIKES (LIKEID,LIKEUSERID,TARGETID,TARGETTYPE,LIKEDATE) values (17,'user03',141,'게시글',to_date('24/09/22','RR/MM/DD'));
Insert into ADMIN.TBL_LIKES (LIKEID,LIKEUSERID,TARGETID,TARGETTYPE,LIKEDATE) values (18,'user03',200000027,'댓글',to_date('24/09/22','RR/MM/DD'));
Insert into ADMIN.TBL_LIKES (LIKEID,LIKEUSERID,TARGETID,TARGETTYPE,LIKEDATE) values (19,'user01',200000027,'댓글',to_date('24/09/22','RR/MM/DD'));
Insert into ADMIN.TBL_LIKES (LIKEID,LIKEUSERID,TARGETID,TARGETTYPE,LIKEDATE) values (20,'user01',200000027,'댓글',to_date('24/09/22','RR/MM/DD'));
Insert into ADMIN.TBL_LIKES (LIKEID,LIKEUSERID,TARGETID,TARGETTYPE,LIKEDATE) values (22,'user01',200000027,'댓글',to_date('24/09/22','RR/MM/DD'));
Insert into ADMIN.TBL_LIKES (LIKEID,LIKEUSERID,TARGETID,TARGETTYPE,LIKEDATE) values (23,'user01',200000027,'댓글',to_date('24/09/22','RR/MM/DD'));
Insert into ADMIN.TBL_LIKES (LIKEID,LIKEUSERID,TARGETID,TARGETTYPE,LIKEDATE) values (24,'user01',200000027,'댓글',to_date('24/09/22','RR/MM/DD'));
Insert into ADMIN.TBL_LIKES (LIKEID,LIKEUSERID,TARGETID,TARGETTYPE,LIKEDATE) values (25,'user01',200000028,'댓글',to_date('24/09/22','RR/MM/DD'));
REM INSERTING into ADMIN.TBL_NOTICE
SET DEFINE OFF;
Insert into ADMIN.TBL_NOTICE (NOTICE_ID,TITLE,AUTHOR,HIT,CATEGORY,CREATED_AT,UPDATED_AT) values (1,'공지사항 1','admin',5,'공지사항',to_timestamp('24/09/20 10:21:29.202015000','RR/MM/DD HH24:MI:SSXFF'),null);
Insert into ADMIN.TBL_NOTICE (NOTICE_ID,TITLE,AUTHOR,HIT,CATEGORY,CREATED_AT,UPDATED_AT) values (2,'공지사항 2','admin',73,'공지사항',to_timestamp('24/09/20 10:21:29.233106000','RR/MM/DD HH24:MI:SSXFF'),null);
Insert into ADMIN.TBL_NOTICE (NOTICE_ID,TITLE,AUTHOR,HIT,CATEGORY,CREATED_AT,UPDATED_AT) values (3,'공지사항 3','admin',98,'공지사항',to_timestamp('24/09/20 10:21:29.246310000','RR/MM/DD HH24:MI:SSXFF'),null);
Insert into ADMIN.TBL_NOTICE (NOTICE_ID,TITLE,AUTHOR,HIT,CATEGORY,CREATED_AT,UPDATED_AT) values (4,'공지사항 4','admin',64,'공지사항',to_timestamp('24/09/20 10:21:29.257270000','RR/MM/DD HH24:MI:SSXFF'),null);
Insert into ADMIN.TBL_NOTICE (NOTICE_ID,TITLE,AUTHOR,HIT,CATEGORY,CREATED_AT,UPDATED_AT) values (5,'공지사항 5','admin',9,'공지사항',to_timestamp('24/09/20 10:21:29.266941000','RR/MM/DD HH24:MI:SSXFF'),null);
Insert into ADMIN.TBL_NOTICE (NOTICE_ID,TITLE,AUTHOR,HIT,CATEGORY,CREATED_AT,UPDATED_AT) values (6,'공지사항 6','admin',7,'공지사항',to_timestamp('24/09/20 10:21:29.276257000','RR/MM/DD HH24:MI:SSXFF'),null);
Insert into ADMIN.TBL_NOTICE (NOTICE_ID,TITLE,AUTHOR,HIT,CATEGORY,CREATED_AT,UPDATED_AT) values (7,'공지사항 7','admin',17,'공지사항',to_timestamp('24/09/20 10:21:29.287921000','RR/MM/DD HH24:MI:SSXFF'),null);
Insert into ADMIN.TBL_NOTICE (NOTICE_ID,TITLE,AUTHOR,HIT,CATEGORY,CREATED_AT,UPDATED_AT) values (8,'공지사항 8','admin',23,'공지사항',to_timestamp('24/09/20 10:21:29.299184000','RR/MM/DD HH24:MI:SSXFF'),null);
Insert into ADMIN.TBL_NOTICE (NOTICE_ID,TITLE,AUTHOR,HIT,CATEGORY,CREATED_AT,UPDATED_AT) values (9,'공지사항 9','admin',80,'공지사항',to_timestamp('24/09/20 10:21:29.313810000','RR/MM/DD HH24:MI:SSXFF'),null);
Insert into ADMIN.TBL_NOTICE (NOTICE_ID,TITLE,AUTHOR,HIT,CATEGORY,CREATED_AT,UPDATED_AT) values (10,'공지사항 10','admin',9,'공지사항',to_timestamp('24/09/20 10:21:29.326011000','RR/MM/DD HH24:MI:SSXFF'),null);
Insert into ADMIN.TBL_NOTICE (NOTICE_ID,TITLE,AUTHOR,HIT,CATEGORY,CREATED_AT,UPDATED_AT) values (11,'공지사항 11','admin',51,'공지사항',to_timestamp('24/09/20 10:21:29.340061000','RR/MM/DD HH24:MI:SSXFF'),null);
Insert into ADMIN.TBL_NOTICE (NOTICE_ID,TITLE,AUTHOR,HIT,CATEGORY,CREATED_AT,UPDATED_AT) values (12,'공지사항 12','admin',93,'공지사항',to_timestamp('24/09/20 10:21:29.351335000','RR/MM/DD HH24:MI:SSXFF'),null);
REM INSERTING into ADMIN.TBL_ORDER
SET DEFINE OFF;
Insert into ADMIN.TBL_ORDER (ORDER_ID,USER_ID,ORDER_DATE,SHIPPING_ADDRESS,STATUS,ARRIVED_DATE) values ('admin20240901_11:11:11','admin',to_date('24/09/01','RR/MM/DD'),'인천','배송완료',to_date('24/09/04','RR/MM/DD'));
Insert into ADMIN.TBL_ORDER (ORDER_ID,USER_ID,ORDER_DATE,SHIPPING_ADDRESS,STATUS,ARRIVED_DATE) values ('admin20240905_11:11:11','admin',to_date('24/09/05','RR/MM/DD'),'인천','배송완료',to_date('24/09/08','RR/MM/DD'));
Insert into ADMIN.TBL_ORDER (ORDER_ID,USER_ID,ORDER_DATE,SHIPPING_ADDRESS,STATUS,ARRIVED_DATE) values ('admin20230910_11:11:11','admin',to_date('23/09/10','RR/MM/DD'),'인천','배송완료',to_date('24/09/13','RR/MM/DD'));
REM INSERTING into ADMIN.TBL_ORDER_ITEM
SET DEFINE OFF;
Insert into ADMIN.TBL_ORDER_ITEM (ORDER_ID,BOOK_ID,QUANTITY,PRICE,STATUS) values ('admin20240901_11:11:11',9788932923864,1,14220,'구매완료');
Insert into ADMIN.TBL_ORDER_ITEM (ORDER_ID,BOOK_ID,QUANTITY,PRICE,STATUS) values ('admin20240905_11:11:11',9788956897332,1,10800,'구매완료');
Insert into ADMIN.TBL_ORDER_ITEM (ORDER_ID,BOOK_ID,QUANTITY,PRICE,STATUS) values ('admin20240905_11:11:11',9791157581191,1,10800,'구매완료');
Insert into ADMIN.TBL_ORDER_ITEM (ORDER_ID,BOOK_ID,QUANTITY,PRICE,STATUS) values ('admin20230910_11:11:11',9788932907741,1,14220,'구매완료');
Insert into ADMIN.TBL_ORDER_ITEM (ORDER_ID,BOOK_ID,QUANTITY,PRICE,STATUS) values ('admin20230910_11:11:11',9791190749466,1,13370,'구매완료');
Insert into ADMIN.TBL_ORDER_ITEM (ORDER_ID,BOOK_ID,QUANTITY,PRICE,STATUS) values ('admin20230910_11:11:11',9791157581184,1,10800,'구매완료');
REM INSERTING into ADMIN.TBL_REFUND
SET DEFINE OFF;
REM INSERTING into ADMIN.TBL_REFUND_ITEM
SET DEFINE OFF;
REM INSERTING into ADMIN.TBL_REFUND_REASON_LIST
SET DEFINE OFF;
Insert into ADMIN.TBL_REFUND_REASON_LIST (REASON_ID,REASON_TEXT,TEXTAREA,FILE_UPLOAD,PARENT_REASON_ID) values (1,'배송 문제','N','N',null);
Insert into ADMIN.TBL_REFUND_REASON_LIST (REASON_ID,REASON_TEXT,TEXTAREA,FILE_UPLOAD,PARENT_REASON_ID) values (2,'상품 문제','N','N',null);
Insert into ADMIN.TBL_REFUND_REASON_LIST (REASON_ID,REASON_TEXT,TEXTAREA,FILE_UPLOAD,PARENT_REASON_ID) values (3,'단순 변심','N','N',null);
Insert into ADMIN.TBL_REFUND_REASON_LIST (REASON_ID,REASON_TEXT,TEXTAREA,FILE_UPLOAD,PARENT_REASON_ID) values (11,'다른 상품이 배송됨','Y','Y',1);
Insert into ADMIN.TBL_REFUND_REASON_LIST (REASON_ID,REASON_TEXT,TEXTAREA,FILE_UPLOAD,PARENT_REASON_ID) values (12,'배송된 장소에 박스가 분실됨','N','N',1);
Insert into ADMIN.TBL_REFUND_REASON_LIST (REASON_ID,REASON_TEXT,TEXTAREA,FILE_UPLOAD,PARENT_REASON_ID) values (13,'다른 주소로 배송됨','N','N',1);
Insert into ADMIN.TBL_REFUND_REASON_LIST (REASON_ID,REASON_TEXT,TEXTAREA,FILE_UPLOAD,PARENT_REASON_ID) values (121,'배송완료 사진에 있는 박스가 없음','N','N',12);
Insert into ADMIN.TBL_REFUND_REASON_LIST (REASON_ID,REASON_TEXT,TEXTAREA,FILE_UPLOAD,PARENT_REASON_ID) values (122,'요청과 다르게 배송되어 분실됨','N','N',12);
Insert into ADMIN.TBL_REFUND_REASON_LIST (REASON_ID,REASON_TEXT,TEXTAREA,FILE_UPLOAD,PARENT_REASON_ID) values (123,'그 외 문제','Y','N',12);
Insert into ADMIN.TBL_REFUND_REASON_LIST (REASON_ID,REASON_TEXT,TEXTAREA,FILE_UPLOAD,PARENT_REASON_ID) values (131,'배송완료 사진이 선택한 주소와 다름','Y','Y',13);
Insert into ADMIN.TBL_REFUND_REASON_LIST (REASON_ID,REASON_TEXT,TEXTAREA,FILE_UPLOAD,PARENT_REASON_ID) values (132,'주소를 잘못 선택하고 주문함','Y','Y',13);
Insert into ADMIN.TBL_REFUND_REASON_LIST (REASON_ID,REASON_TEXT,TEXTAREA,FILE_UPLOAD,PARENT_REASON_ID) values (133,'요청과 다르게 배송됨 (문앞, 경비실 등)','Y','Y',13);
Insert into ADMIN.TBL_REFUND_REASON_LIST (REASON_ID,REASON_TEXT,TEXTAREA,FILE_UPLOAD,PARENT_REASON_ID) values (134,'그 외 문제','Y','Y',13);
Insert into ADMIN.TBL_REFUND_REASON_LIST (REASON_ID,REASON_TEXT,TEXTAREA,FILE_UPLOAD,PARENT_REASON_ID) values (21,'상품이 파손되어 배송됨','Y','Y',2);
Insert into ADMIN.TBL_REFUND_REASON_LIST (REASON_ID,REASON_TEXT,TEXTAREA,FILE_UPLOAD,PARENT_REASON_ID) values (31,'상품이 마음에 들지 않음','Y','N',3);
Insert into ADMIN.TBL_REFUND_REASON_LIST (REASON_ID,REASON_TEXT,TEXTAREA,FILE_UPLOAD,PARENT_REASON_ID) values (32,'더 저렴한 상품을 발견함','N','N',3);
REM INSERTING into ADMIN.TBL_STU_COMM
SET DEFINE OFF;
Insert into ADMIN.TBL_STU_COMM (BOARD_ID,BOARD_TYPE,TITLE,AUTHOR,CREATED_DATE,UPDATE_DATE,VIEWS,LIKES,BOARD_STATUS) values (139,1003,'23432414','user01',to_date('24/09/21','RR/MM/DD'),null,0,3,'N');
Insert into ADMIN.TBL_STU_COMM (BOARD_ID,BOARD_TYPE,TITLE,AUTHOR,CREATED_DATE,UPDATE_DATE,VIEWS,LIKES,BOARD_STATUS) values (81,1004,'그림이에요','user01',to_date('24/09/20','RR/MM/DD'),null,0,0,'Y');
Insert into ADMIN.TBL_STU_COMM (BOARD_ID,BOARD_TYPE,TITLE,AUTHOR,CREATED_DATE,UPDATE_DATE,VIEWS,LIKES,BOARD_STATUS) values (82,1004,'그림테스트 ','user01',to_date('24/09/20','RR/MM/DD'),null,0,0,'Y');
Insert into ADMIN.TBL_STU_COMM (BOARD_ID,BOARD_TYPE,TITLE,AUTHOR,CREATED_DATE,UPDATE_DATE,VIEWS,LIKES,BOARD_STATUS) values (83,1003,'테스트 223424','user01',to_date('24/09/20','RR/MM/DD'),null,0,0,'N');
Insert into ADMIN.TBL_STU_COMM (BOARD_ID,BOARD_TYPE,TITLE,AUTHOR,CREATED_DATE,UPDATE_DATE,VIEWS,LIKES,BOARD_STATUS) values (88,1004,'ㅁㄴㄹ',null,to_date('24/09/20','RR/MM/DD'),null,0,0,'N');
Insert into ADMIN.TBL_STU_COMM (BOARD_ID,BOARD_TYPE,TITLE,AUTHOR,CREATED_DATE,UPDATE_DATE,VIEWS,LIKES,BOARD_STATUS) values (100,1004,'asfasf',null,to_date('24/09/20','RR/MM/DD'),null,0,0,'N');
Insert into ADMIN.TBL_STU_COMM (BOARD_ID,BOARD_TYPE,TITLE,AUTHOR,CREATED_DATE,UPDATE_DATE,VIEWS,LIKES,BOARD_STATUS) values (101,2003,'asfasf',null,to_date('24/09/20','RR/MM/DD'),null,0,0,'N');
Insert into ADMIN.TBL_STU_COMM (BOARD_ID,BOARD_TYPE,TITLE,AUTHOR,CREATED_DATE,UPDATE_DATE,VIEWS,LIKES,BOARD_STATUS) values (102,2004,'asfas','admin',to_date('24/09/20','RR/MM/DD'),null,0,0,'N');
Insert into ADMIN.TBL_STU_COMM (BOARD_ID,BOARD_TYPE,TITLE,AUTHOR,CREATED_DATE,UPDATE_DATE,VIEWS,LIKES,BOARD_STATUS) values (103,1004,'asfasf','admin',to_date('24/09/20','RR/MM/DD'),null,0,0,'N');
Insert into ADMIN.TBL_STU_COMM (BOARD_ID,BOARD_TYPE,TITLE,AUTHOR,CREATED_DATE,UPDATE_DATE,VIEWS,LIKES,BOARD_STATUS) values (104,1004,'asfasfasf','admin',to_date('24/09/20','RR/MM/DD'),null,0,0,'N');
Insert into ADMIN.TBL_STU_COMM (BOARD_ID,BOARD_TYPE,TITLE,AUTHOR,CREATED_DATE,UPDATE_DATE,VIEWS,LIKES,BOARD_STATUS) values (105,2001,'asfasf','admin',to_date('24/09/20','RR/MM/DD'),null,0,0,'N');
Insert into ADMIN.TBL_STU_COMM (BOARD_ID,BOARD_TYPE,TITLE,AUTHOR,CREATED_DATE,UPDATE_DATE,VIEWS,LIKES,BOARD_STATUS) values (106,2001,'ㅁㄴㄻㄴ','admin',to_date('24/09/20','RR/MM/DD'),null,0,0,'N');
Insert into ADMIN.TBL_STU_COMM (BOARD_ID,BOARD_TYPE,TITLE,AUTHOR,CREATED_DATE,UPDATE_DATE,VIEWS,LIKES,BOARD_STATUS) values (107,2001,'ㅁㄴㄹ','admin',to_date('24/09/20','RR/MM/DD'),null,0,0,'N');
Insert into ADMIN.TBL_STU_COMM (BOARD_ID,BOARD_TYPE,TITLE,AUTHOR,CREATED_DATE,UPDATE_DATE,VIEWS,LIKES,BOARD_STATUS) values (108,2002,'ㅁㄴㄻㄴㄹ','admin',to_date('24/09/20','RR/MM/DD'),null,0,0,'N');
Insert into ADMIN.TBL_STU_COMM (BOARD_ID,BOARD_TYPE,TITLE,AUTHOR,CREATED_DATE,UPDATE_DATE,VIEWS,LIKES,BOARD_STATUS) values (109,1003,'ㅁㄴㄹ','admin',to_date('24/09/20','RR/MM/DD'),null,0,0,'N');
Insert into ADMIN.TBL_STU_COMM (BOARD_ID,BOARD_TYPE,TITLE,AUTHOR,CREATED_DATE,UPDATE_DATE,VIEWS,LIKES,BOARD_STATUS) values (110,1001,'asdasfasfasf','admin',to_date('24/09/20','RR/MM/DD'),null,0,0,'N');
Insert into ADMIN.TBL_STU_COMM (BOARD_ID,BOARD_TYPE,TITLE,AUTHOR,CREATED_DATE,UPDATE_DATE,VIEWS,LIKES,BOARD_STATUS) values (111,1002,'asd','admin',to_date('24/09/20','RR/MM/DD'),null,0,0,'N');
Insert into ADMIN.TBL_STU_COMM (BOARD_ID,BOARD_TYPE,TITLE,AUTHOR,CREATED_DATE,UPDATE_DATE,VIEWS,LIKES,BOARD_STATUS) values (112,1003,'asd','admin',to_date('24/09/20','RR/MM/DD'),null,0,0,'N');
Insert into ADMIN.TBL_STU_COMM (BOARD_ID,BOARD_TYPE,TITLE,AUTHOR,CREATED_DATE,UPDATE_DATE,VIEWS,LIKES,BOARD_STATUS) values (113,2001,'asd','admin',to_date('24/09/20','RR/MM/DD'),null,0,0,'N');
Insert into ADMIN.TBL_STU_COMM (BOARD_ID,BOARD_TYPE,TITLE,AUTHOR,CREATED_DATE,UPDATE_DATE,VIEWS,LIKES,BOARD_STATUS) values (115,2010,'asf','admin',to_date('24/09/20','RR/MM/DD'),null,0,0,'N');
Insert into ADMIN.TBL_STU_COMM (BOARD_ID,BOARD_TYPE,TITLE,AUTHOR,CREATED_DATE,UPDATE_DATE,VIEWS,LIKES,BOARD_STATUS) values (121,2002,'ㅇㅇ','admin',to_date('24/09/20','RR/MM/DD'),null,0,0,'N');
Insert into ADMIN.TBL_STU_COMM (BOARD_ID,BOARD_TYPE,TITLE,AUTHOR,CREATED_DATE,UPDATE_DATE,VIEWS,LIKES,BOARD_STATUS) values (122,2007,'ㅁㄴㅇㄹ','admin',to_date('24/09/20','RR/MM/DD'),null,0,0,'N');
Insert into ADMIN.TBL_STU_COMM (BOARD_ID,BOARD_TYPE,TITLE,AUTHOR,CREATED_DATE,UPDATE_DATE,VIEWS,LIKES,BOARD_STATUS) values (123,2004,'ㅋㅋㅋㅋ ','admin',to_date('24/09/20','RR/MM/DD'),null,0,0,'N');
Insert into ADMIN.TBL_STU_COMM (BOARD_ID,BOARD_TYPE,TITLE,AUTHOR,CREATED_DATE,UPDATE_DATE,VIEWS,LIKES,BOARD_STATUS) values (124,1004,'ddd','admin',to_date('24/09/20','RR/MM/DD'),null,0,0,'N');
Insert into ADMIN.TBL_STU_COMM (BOARD_ID,BOARD_TYPE,TITLE,AUTHOR,CREATED_DATE,UPDATE_DATE,VIEWS,LIKES,BOARD_STATUS) values (125,2004,'dd',null,to_date('24/09/20','RR/MM/DD'),null,0,0,'N');
Insert into ADMIN.TBL_STU_COMM (BOARD_ID,BOARD_TYPE,TITLE,AUTHOR,CREATED_DATE,UPDATE_DATE,VIEWS,LIKES,BOARD_STATUS) values (126,2002,'dddd','user04',to_date('24/09/20','RR/MM/DD'),null,0,0,'N');
Insert into ADMIN.TBL_STU_COMM (BOARD_ID,BOARD_TYPE,TITLE,AUTHOR,CREATED_DATE,UPDATE_DATE,VIEWS,LIKES,BOARD_STATUS) values (127,1003,'444','user03',to_date('24/09/20','RR/MM/DD'),null,0,0,'N');
Insert into ADMIN.TBL_STU_COMM (BOARD_ID,BOARD_TYPE,TITLE,AUTHOR,CREATED_DATE,UPDATE_DATE,VIEWS,LIKES,BOARD_STATUS) values (140,2003,'테스트입니다.','user01',to_date('24/09/21','RR/MM/DD'),to_date('24/09/21','RR/MM/DD'),0,0,'N');
Insert into ADMIN.TBL_STU_COMM (BOARD_ID,BOARD_TYPE,TITLE,AUTHOR,CREATED_DATE,UPDATE_DATE,VIEWS,LIKES,BOARD_STATUS) values (84,1001,'테스트','user03',to_date('24/09/20','RR/MM/DD'),null,0,0,'N');
Insert into ADMIN.TBL_STU_COMM (BOARD_ID,BOARD_TYPE,TITLE,AUTHOR,CREATED_DATE,UPDATE_DATE,VIEWS,LIKES,BOARD_STATUS) values (85,1001,'ㄴㅁㄹㄴㅇㄻㄴㅇ','user03',to_date('24/09/20','RR/MM/DD'),null,0,0,'N');
Insert into ADMIN.TBL_STU_COMM (BOARD_ID,BOARD_TYPE,TITLE,AUTHOR,CREATED_DATE,UPDATE_DATE,VIEWS,LIKES,BOARD_STATUS) values (86,2001,'20240920 120 오류','user03',to_date('24/09/20','RR/MM/DD'),null,0,0,'N');
Insert into ADMIN.TBL_STU_COMM (BOARD_ID,BOARD_TYPE,TITLE,AUTHOR,CREATED_DATE,UPDATE_DATE,VIEWS,LIKES,BOARD_STATUS) values (87,1004,'ㅁㄴㄹ','user03',to_date('24/09/20','RR/MM/DD'),null,0,0,'N');
Insert into ADMIN.TBL_STU_COMM (BOARD_ID,BOARD_TYPE,TITLE,AUTHOR,CREATED_DATE,UPDATE_DATE,VIEWS,LIKES,BOARD_STATUS) values (141,1002,'공지합니다.','user01',to_date('24/09/22','RR/MM/DD'),null,0,0,'N');
Insert into ADMIN.TBL_STU_COMM (BOARD_ID,BOARD_TYPE,TITLE,AUTHOR,CREATED_DATE,UPDATE_DATE,VIEWS,LIKES,BOARD_STATUS) values (72,2003,'수학 질문이요 ','user03',to_date('24/09/20','RR/MM/DD'),null,0,0,'N');
Insert into ADMIN.TBL_STU_COMM (BOARD_ID,BOARD_TYPE,TITLE,AUTHOR,CREATED_DATE,UPDATE_DATE,VIEWS,LIKES,BOARD_STATUS) values (73,1003,'ㅇㅇㅇ','user03',to_date('24/09/20','RR/MM/DD'),null,0,0,'N');
Insert into ADMIN.TBL_STU_COMM (BOARD_ID,BOARD_TYPE,TITLE,AUTHOR,CREATED_DATE,UPDATE_DATE,VIEWS,LIKES,BOARD_STATUS) values (74,2001,'2532532','user03',to_date('24/09/20','RR/MM/DD'),null,0,0,'N');
Insert into ADMIN.TBL_STU_COMM (BOARD_ID,BOARD_TYPE,TITLE,AUTHOR,CREATED_DATE,UPDATE_DATE,VIEWS,LIKES,BOARD_STATUS) values (114,2002,'asd','admin',to_date('24/09/20','RR/MM/DD'),null,0,0,'N');
Insert into ADMIN.TBL_STU_COMM (BOARD_ID,BOARD_TYPE,TITLE,AUTHOR,CREATED_DATE,UPDATE_DATE,VIEWS,LIKES,BOARD_STATUS) values (117,2001,'asd','admin',to_date('24/09/20','RR/MM/DD'),null,0,0,'N');
Insert into ADMIN.TBL_STU_COMM (BOARD_ID,BOARD_TYPE,TITLE,AUTHOR,CREATED_DATE,UPDATE_DATE,VIEWS,LIKES,BOARD_STATUS) values (118,1003,'ㅁㅁㅁ','admin',to_date('24/09/20','RR/MM/DD'),null,0,0,'N');
Insert into ADMIN.TBL_STU_COMM (BOARD_ID,BOARD_TYPE,TITLE,AUTHOR,CREATED_DATE,UPDATE_DATE,VIEWS,LIKES,BOARD_STATUS) values (119,1004,'asd','admin',to_date('24/09/20','RR/MM/DD'),null,0,0,'N');
Insert into ADMIN.TBL_STU_COMM (BOARD_ID,BOARD_TYPE,TITLE,AUTHOR,CREATED_DATE,UPDATE_DATE,VIEWS,LIKES,BOARD_STATUS) values (120,2002,'ㄴㅇㄹㅇ','admin',to_date('24/09/20','RR/MM/DD'),null,0,0,'N');
Insert into ADMIN.TBL_STU_COMM (BOARD_ID,BOARD_TYPE,TITLE,AUTHOR,CREATED_DATE,UPDATE_DATE,VIEWS,LIKES,BOARD_STATUS) values (136,2003,'용준킴 ㅋㅋㅋ','user01',to_date('24/09/21','RR/MM/DD'),null,0,0,'N');
Insert into ADMIN.TBL_STU_COMM (BOARD_ID,BOARD_TYPE,TITLE,AUTHOR,CREATED_DATE,UPDATE_DATE,VIEWS,LIKES,BOARD_STATUS) values (1,1002,'첫 번째 게시글','user01',to_date('24/09/13','RR/MM/DD'),to_date('24/09/13','RR/MM/DD'),0,0,'N');
Insert into ADMIN.TBL_STU_COMM (BOARD_ID,BOARD_TYPE,TITLE,AUTHOR,CREATED_DATE,UPDATE_DATE,VIEWS,LIKES,BOARD_STATUS) values (2,1003,'두 번째 게시글','user02',to_date('24/09/13','RR/MM/DD'),to_date('24/09/13','RR/MM/DD'),0,0,'N');
Insert into ADMIN.TBL_STU_COMM (BOARD_ID,BOARD_TYPE,TITLE,AUTHOR,CREATED_DATE,UPDATE_DATE,VIEWS,LIKES,BOARD_STATUS) values (3,1004,'세 번째 게시글','user03',to_date('24/09/13','RR/MM/DD'),to_date('24/09/13','RR/MM/DD'),0,0,'N');
Insert into ADMIN.TBL_STU_COMM (BOARD_ID,BOARD_TYPE,TITLE,AUTHOR,CREATED_DATE,UPDATE_DATE,VIEWS,LIKES,BOARD_STATUS) values (4,1005,'네 번째 게시글','user04',to_date('24/09/13','RR/MM/DD'),to_date('24/09/13','RR/MM/DD'),0,0,'N');
Insert into ADMIN.TBL_STU_COMM (BOARD_ID,BOARD_TYPE,TITLE,AUTHOR,CREATED_DATE,UPDATE_DATE,VIEWS,LIKES,BOARD_STATUS) values (5,2002,'다섯 번째 게시글','user05',to_date('24/09/13','RR/MM/DD'),to_date('24/09/13','RR/MM/DD'),0,0,'N');
Insert into ADMIN.TBL_STU_COMM (BOARD_ID,BOARD_TYPE,TITLE,AUTHOR,CREATED_DATE,UPDATE_DATE,VIEWS,LIKES,BOARD_STATUS) values (6,2003,'여섯 번째 게시글','user06',to_date('24/09/13','RR/MM/DD'),to_date('24/09/13','RR/MM/DD'),0,0,'N');
Insert into ADMIN.TBL_STU_COMM (BOARD_ID,BOARD_TYPE,TITLE,AUTHOR,CREATED_DATE,UPDATE_DATE,VIEWS,LIKES,BOARD_STATUS) values (7,2004,'일곱 번째 게시글','user07',to_date('24/09/13','RR/MM/DD'),to_date('24/09/13','RR/MM/DD'),0,0,'N');
Insert into ADMIN.TBL_STU_COMM (BOARD_ID,BOARD_TYPE,TITLE,AUTHOR,CREATED_DATE,UPDATE_DATE,VIEWS,LIKES,BOARD_STATUS) values (8,2005,'여덟 번째 게시글','user08',to_date('24/09/13','RR/MM/DD'),to_date('24/09/13','RR/MM/DD'),0,0,'N');
Insert into ADMIN.TBL_STU_COMM (BOARD_ID,BOARD_TYPE,TITLE,AUTHOR,CREATED_DATE,UPDATE_DATE,VIEWS,LIKES,BOARD_STATUS) values (9,3001,'아홉 번째 게시글','user09',to_date('24/09/13','RR/MM/DD'),to_date('24/09/13','RR/MM/DD'),0,0,'N');
Insert into ADMIN.TBL_STU_COMM (BOARD_ID,BOARD_TYPE,TITLE,AUTHOR,CREATED_DATE,UPDATE_DATE,VIEWS,LIKES,BOARD_STATUS) values (10,3002,'열 번째 게시글','user10',to_date('24/09/13','RR/MM/DD'),to_date('24/09/13','RR/MM/DD'),0,0,'N');
Insert into ADMIN.TBL_STU_COMM (BOARD_ID,BOARD_TYPE,TITLE,AUTHOR,CREATED_DATE,UPDATE_DATE,VIEWS,LIKES,BOARD_STATUS) values (41,1001,'인기 게시글','admin',to_date('24/09/14','RR/MM/DD'),to_date('24/09/14','RR/MM/DD'),10,2,'N');
Insert into ADMIN.TBL_STU_COMM (BOARD_ID,BOARD_TYPE,TITLE,AUTHOR,CREATED_DATE,UPDATE_DATE,VIEWS,LIKES,BOARD_STATUS) values (42,2001,'스터디 게시글','admin',to_date('24/09/15','RR/MM/DD'),to_date('24/09/15','RR/MM/DD'),15,3,'N');
Insert into ADMIN.TBL_STU_COMM (BOARD_ID,BOARD_TYPE,TITLE,AUTHOR,CREATED_DATE,UPDATE_DATE,VIEWS,LIKES,BOARD_STATUS) values (43,3001,'노트필기 경연대회','admin',to_date('24/09/16','RR/MM/DD'),to_date('24/09/16','RR/MM/DD'),8,1,'N');
Insert into ADMIN.TBL_STU_COMM (BOARD_ID,BOARD_TYPE,TITLE,AUTHOR,CREATED_DATE,UPDATE_DATE,VIEWS,LIKES,BOARD_STATUS) values (44,1002,'공지사항','user01',to_date('24/09/14','RR/MM/DD'),to_date('24/09/14','RR/MM/DD'),12,4,'N');
Insert into ADMIN.TBL_STU_COMM (BOARD_ID,BOARD_TYPE,TITLE,AUTHOR,CREATED_DATE,UPDATE_DATE,VIEWS,LIKES,BOARD_STATUS) values (45,2002,'영어 토론','user01',to_date('24/09/15','RR/MM/DD'),to_date('24/09/15','RR/MM/DD'),18,5,'N');
Insert into ADMIN.TBL_STU_COMM (BOARD_ID,BOARD_TYPE,TITLE,AUTHOR,CREATED_DATE,UPDATE_DATE,VIEWS,LIKES,BOARD_STATUS) values (46,3002,'이벤트 오답노트','user01',to_date('24/09/16','RR/MM/DD'),to_date('24/09/16','RR/MM/DD'),9,2,'N');
Insert into ADMIN.TBL_STU_COMM (BOARD_ID,BOARD_TYPE,TITLE,AUTHOR,CREATED_DATE,UPDATE_DATE,VIEWS,LIKES,BOARD_STATUS) values (47,1003,'자유 게시글','user02',to_date('24/09/14','RR/MM/DD'),to_date('24/09/14','RR/MM/DD'),5,1,'N');
Insert into ADMIN.TBL_STU_COMM (BOARD_ID,BOARD_TYPE,TITLE,AUTHOR,CREATED_DATE,UPDATE_DATE,VIEWS,LIKES,BOARD_STATUS) values (48,2003,'수학 토론','user02',to_date('24/09/15','RR/MM/DD'),to_date('24/09/15','RR/MM/DD'),20,7,'N');
Insert into ADMIN.TBL_STU_COMM (BOARD_ID,BOARD_TYPE,TITLE,AUTHOR,CREATED_DATE,UPDATE_DATE,VIEWS,LIKES,BOARD_STATUS) values (49,2004,'과학 게시글','user02',to_date('24/09/16','RR/MM/DD'),to_date('24/09/16','RR/MM/DD'),14,6,'N');
Insert into ADMIN.TBL_STU_COMM (BOARD_ID,BOARD_TYPE,TITLE,AUTHOR,CREATED_DATE,UPDATE_DATE,VIEWS,LIKES,BOARD_STATUS) values (50,1004,'질문 게시판 글','user03',to_date('24/09/14','RR/MM/DD'),to_date('24/09/14','RR/MM/DD'),6,2,'N');
Insert into ADMIN.TBL_STU_COMM (BOARD_ID,BOARD_TYPE,TITLE,AUTHOR,CREATED_DATE,UPDATE_DATE,VIEWS,LIKES,BOARD_STATUS) values (51,2005,'독서 토론','user03',to_date('24/09/15','RR/MM/DD'),to_date('24/09/15','RR/MM/DD'),11,3,'N');
Insert into ADMIN.TBL_STU_COMM (BOARD_ID,BOARD_TYPE,TITLE,AUTHOR,CREATED_DATE,UPDATE_DATE,VIEWS,LIKES,BOARD_STATUS) values (52,2011,'졸업 준비','user03',to_date('24/09/16','RR/MM/DD'),to_date('24/09/16','RR/MM/DD'),13,4,'N');
Insert into ADMIN.TBL_STU_COMM (BOARD_ID,BOARD_TYPE,TITLE,AUTHOR,CREATED_DATE,UPDATE_DATE,VIEWS,LIKES,BOARD_STATUS) values (53,1005,'자격증 게시글','user04',to_date('24/09/14','RR/MM/DD'),to_date('24/09/14','RR/MM/DD'),7,2,'N');
Insert into ADMIN.TBL_STU_COMM (BOARD_ID,BOARD_TYPE,TITLE,AUTHOR,CREATED_DATE,UPDATE_DATE,VIEWS,LIKES,BOARD_STATUS) values (54,2010,'프로젝트 소개','user04',to_date('24/09/15','RR/MM/DD'),to_date('24/09/15','RR/MM/DD'),22,5,'N');
Insert into ADMIN.TBL_STU_COMM (BOARD_ID,BOARD_TYPE,TITLE,AUTHOR,CREATED_DATE,UPDATE_DATE,VIEWS,LIKES,BOARD_STATUS) values (55,2008,'여행 이야기','user04',to_date('24/09/16','RR/MM/DD'),to_date('24/09/16','RR/MM/DD'),16,3,'N');
Insert into ADMIN.TBL_STU_COMM (BOARD_ID,BOARD_TYPE,TITLE,AUTHOR,CREATED_DATE,UPDATE_DATE,VIEWS,LIKES,BOARD_STATUS) values (56,1001,'인기글','user05',to_date('24/09/14','RR/MM/DD'),to_date('24/09/14','RR/MM/DD'),5,1,'N');
Insert into ADMIN.TBL_STU_COMM (BOARD_ID,BOARD_TYPE,TITLE,AUTHOR,CREATED_DATE,UPDATE_DATE,VIEWS,LIKES,BOARD_STATUS) values (57,2001,'스터디 그룹','user05',to_date('24/09/15','RR/MM/DD'),to_date('24/09/15','RR/MM/DD'),12,2,'N');
Insert into ADMIN.TBL_STU_COMM (BOARD_ID,BOARD_TYPE,TITLE,AUTHOR,CREATED_DATE,UPDATE_DATE,VIEWS,LIKES,BOARD_STATUS) values (58,1001,'커뮤니티 규칙 안내','admin',to_date('24/09/14','RR/MM/DD'),to_date('24/09/14','RR/MM/DD'),30,5,'N');
Insert into ADMIN.TBL_STU_COMM (BOARD_ID,BOARD_TYPE,TITLE,AUTHOR,CREATED_DATE,UPDATE_DATE,VIEWS,LIKES,BOARD_STATUS) values (59,2001,'스터디 모집','admin',to_date('24/09/15','RR/MM/DD'),to_date('24/09/15','RR/MM/DD'),45,12,'N');
Insert into ADMIN.TBL_STU_COMM (BOARD_ID,BOARD_TYPE,TITLE,AUTHOR,CREATED_DATE,UPDATE_DATE,VIEWS,LIKES,BOARD_STATUS) values (60,3001,'이벤트 공지','admin',to_date('24/09/16','RR/MM/DD'),to_date('24/09/16','RR/MM/DD'),70,20,'N');
Insert into ADMIN.TBL_STU_COMM (BOARD_ID,BOARD_TYPE,TITLE,AUTHOR,CREATED_DATE,UPDATE_DATE,VIEWS,LIKES,BOARD_STATUS) values (61,1002,'공지사항 업데이트','user01',to_date('24/09/14','RR/MM/DD'),to_date('24/09/14','RR/MM/DD'),55,9,'N');
Insert into ADMIN.TBL_STU_COMM (BOARD_ID,BOARD_TYPE,TITLE,AUTHOR,CREATED_DATE,UPDATE_DATE,VIEWS,LIKES,BOARD_STATUS) values (62,2002,'영어 스터디 모집','user01',to_date('24/09/15','RR/MM/DD'),to_date('24/09/15','RR/MM/DD'),38,6,'N');
Insert into ADMIN.TBL_STU_COMM (BOARD_ID,BOARD_TYPE,TITLE,AUTHOR,CREATED_DATE,UPDATE_DATE,VIEWS,LIKES,BOARD_STATUS) values (63,3002,'오답노트 공유합니다','user01',to_date('24/09/16','RR/MM/DD'),to_date('24/09/16','RR/MM/DD'),80,13,'N');
Insert into ADMIN.TBL_STU_COMM (BOARD_ID,BOARD_TYPE,TITLE,AUTHOR,CREATED_DATE,UPDATE_DATE,VIEWS,LIKES,BOARD_STATUS) values (64,1003,'자유 게시판 이용 안내','user02',to_date('24/09/14','RR/MM/DD'),to_date('24/09/14','RR/MM/DD'),25,3,'N');
Insert into ADMIN.TBL_STU_COMM (BOARD_ID,BOARD_TYPE,TITLE,AUTHOR,CREATED_DATE,UPDATE_DATE,VIEWS,LIKES,BOARD_STATUS) values (65,2003,'수학 문제풀이 모임','user02',to_date('24/09/15','RR/MM/DD'),to_date('24/09/15','RR/MM/DD'),40,7,'N');
Insert into ADMIN.TBL_STU_COMM (BOARD_ID,BOARD_TYPE,TITLE,AUTHOR,CREATED_DATE,UPDATE_DATE,VIEWS,LIKES,BOARD_STATUS) values (66,2004,'과학 토론','user02',to_date('24/09/16','RR/MM/DD'),to_date('24/09/16','RR/MM/DD'),33,4,'N');
Insert into ADMIN.TBL_STU_COMM (BOARD_ID,BOARD_TYPE,TITLE,AUTHOR,CREATED_DATE,UPDATE_DATE,VIEWS,LIKES,BOARD_STATUS) values (67,1004,'질문과 답변','user03',to_date('24/09/14','RR/MM/DD'),to_date('24/09/14','RR/MM/DD'),28,5,'N');
Insert into ADMIN.TBL_STU_COMM (BOARD_ID,BOARD_TYPE,TITLE,AUTHOR,CREATED_DATE,UPDATE_DATE,VIEWS,LIKES,BOARD_STATUS) values (68,2005,'독서 스터디','user03',to_date('24/09/15','RR/MM/DD'),to_date('24/09/15','RR/MM/DD'),36,6,'N');
Insert into ADMIN.TBL_STU_COMM (BOARD_ID,BOARD_TYPE,TITLE,AUTHOR,CREATED_DATE,UPDATE_DATE,VIEWS,LIKES,BOARD_STATUS) values (69,2010,'졸업준비 모임','user03',to_date('24/09/16','RR/MM/DD'),to_date('24/09/16','RR/MM/DD'),50,8,'N');
Insert into ADMIN.TBL_STU_COMM (BOARD_ID,BOARD_TYPE,TITLE,AUTHOR,CREATED_DATE,UPDATE_DATE,VIEWS,LIKES,BOARD_STATUS) values (70,1005,'자격증 정보 공유','user04',to_date('24/09/14','RR/MM/DD'),to_date('24/09/14','RR/MM/DD'),42,9,'N');
Insert into ADMIN.TBL_STU_COMM (BOARD_ID,BOARD_TYPE,TITLE,AUTHOR,CREATED_DATE,UPDATE_DATE,VIEWS,LIKES,BOARD_STATUS) values (89,1003,'asdasf',null,to_date('24/09/20','RR/MM/DD'),null,0,0,'N');
Insert into ADMIN.TBL_STU_COMM (BOARD_ID,BOARD_TYPE,TITLE,AUTHOR,CREATED_DATE,UPDATE_DATE,VIEWS,LIKES,BOARD_STATUS) values (90,1003,'asdfas','admin',to_date('24/09/20','RR/MM/DD'),null,0,0,'N');
Insert into ADMIN.TBL_STU_COMM (BOARD_ID,BOARD_TYPE,TITLE,AUTHOR,CREATED_DATE,UPDATE_DATE,VIEWS,LIKES,BOARD_STATUS) values (91,2003,'수학적으로 풀어보자','user03',to_date('24/09/20','RR/MM/DD'),null,0,0,'N');
Insert into ADMIN.TBL_STU_COMM (BOARD_ID,BOARD_TYPE,TITLE,AUTHOR,CREATED_DATE,UPDATE_DATE,VIEWS,LIKES,BOARD_STATUS) values (92,2001,'ㄹㄴㅇㄹㅇㄴㅁ','user03',to_date('24/09/20','RR/MM/DD'),null,0,0,'N');
Insert into ADMIN.TBL_STU_COMM (BOARD_ID,BOARD_TYPE,TITLE,AUTHOR,CREATED_DATE,UPDATE_DATE,VIEWS,LIKES,BOARD_STATUS) values (93,1003,'ㅇㅇㅇ','user03',to_date('24/09/20','RR/MM/DD'),null,0,0,'N');
Insert into ADMIN.TBL_STU_COMM (BOARD_ID,BOARD_TYPE,TITLE,AUTHOR,CREATED_DATE,UPDATE_DATE,VIEWS,LIKES,BOARD_STATUS) values (94,1002,'ㅇㅇㅇㅇㅇㅇㅇㅇㅇㅇㅇㅇ','user03',to_date('24/09/20','RR/MM/DD'),null,0,0,'N');
Insert into ADMIN.TBL_STU_COMM (BOARD_ID,BOARD_TYPE,TITLE,AUTHOR,CREATED_DATE,UPDATE_DATE,VIEWS,LIKES,BOARD_STATUS) values (95,1004,'ㅇㄴㄹㄴㅇㄹ','user03',to_date('24/09/20','RR/MM/DD'),null,0,0,'N');
Insert into ADMIN.TBL_STU_COMM (BOARD_ID,BOARD_TYPE,TITLE,AUTHOR,CREATED_DATE,UPDATE_DATE,VIEWS,LIKES,BOARD_STATUS) values (96,1004,'ㅁㄴㄻㄴㅁㄴㄹ','user03',to_date('24/09/20','RR/MM/DD'),null,0,0,'N');
Insert into ADMIN.TBL_STU_COMM (BOARD_ID,BOARD_TYPE,TITLE,AUTHOR,CREATED_DATE,UPDATE_DATE,VIEWS,LIKES,BOARD_STATUS) values (97,2002,'asfaf','user03',to_date('24/09/20','RR/MM/DD'),null,0,0,'N');
Insert into ADMIN.TBL_STU_COMM (BOARD_ID,BOARD_TYPE,TITLE,AUTHOR,CREATED_DATE,UPDATE_DATE,VIEWS,LIKES,BOARD_STATUS) values (98,2001,'asfasf','admin',to_date('24/09/20','RR/MM/DD'),null,0,0,'N');
Insert into ADMIN.TBL_STU_COMM (BOARD_ID,BOARD_TYPE,TITLE,AUTHOR,CREATED_DATE,UPDATE_DATE,VIEWS,LIKES,BOARD_STATUS) values (99,2003,'asfasf','admin',to_date('24/09/20','RR/MM/DD'),null,0,0,'N');
Insert into ADMIN.TBL_STU_COMM (BOARD_ID,BOARD_TYPE,TITLE,AUTHOR,CREATED_DATE,UPDATE_DATE,VIEWS,LIKES,BOARD_STATUS) values (116,1002,'ㅁㄴㅇㄹ','admin',to_date('24/09/20','RR/MM/DD'),null,0,0,'N');
Insert into ADMIN.TBL_STU_COMM (BOARD_ID,BOARD_TYPE,TITLE,AUTHOR,CREATED_DATE,UPDATE_DATE,VIEWS,LIKES,BOARD_STATUS) values (142,1002,'제가 했씁니다. ','user01',to_date('24/09/22','RR/MM/DD'),null,0,0,'N');
Insert into ADMIN.TBL_STU_COMM (BOARD_ID,BOARD_TYPE,TITLE,AUTHOR,CREATED_DATE,UPDATE_DATE,VIEWS,LIKES,BOARD_STATUS) values (137,1004,'ㅇㅇㅇ',null,to_date('24/09/21','RR/MM/DD'),null,0,0,'N');
Insert into ADMIN.TBL_STU_COMM (BOARD_ID,BOARD_TYPE,TITLE,AUTHOR,CREATED_DATE,UPDATE_DATE,VIEWS,LIKES,BOARD_STATUS) values (138,2001,'ㄴㅇㅇㄴㅇㄴㅋㅋㅋ','user01',to_date('24/09/21','RR/MM/DD'),to_date('24/09/21','RR/MM/DD'),0,0,'N');
REM INSERTING into ADMIN.TBL_STU_COMMENTS
SET DEFINE OFF;
Insert into ADMIN.TBL_STU_COMMENTS (COMMENT_ID,POST_ID,AUTHOR,CREATED_DATE,UPDATE_DATE,PARENT_COMMENT_ID,COMMENTSTATUS) values (54,115,'admin',to_date('24/09/20','RR/MM/DD'),null,null,'N');
Insert into ADMIN.TBL_STU_COMMENTS (COMMENT_ID,POST_ID,AUTHOR,CREATED_DATE,UPDATE_DATE,PARENT_COMMENT_ID,COMMENTSTATUS) values (57,131,'user03',to_date('24/09/20','RR/MM/DD'),null,null,'N');
Insert into ADMIN.TBL_STU_COMMENTS (COMMENT_ID,POST_ID,AUTHOR,CREATED_DATE,UPDATE_DATE,PARENT_COMMENT_ID,COMMENTSTATUS) values (200000000,138,'user01',to_date('24/09/21','RR/MM/DD'),null,null,'N');
Insert into ADMIN.TBL_STU_COMMENTS (COMMENT_ID,POST_ID,AUTHOR,CREATED_DATE,UPDATE_DATE,PARENT_COMMENT_ID,COMMENTSTATUS) values (200000011,138,'user01',to_date('24/09/21','RR/MM/DD'),null,null,'N');
Insert into ADMIN.TBL_STU_COMMENTS (COMMENT_ID,POST_ID,AUTHOR,CREATED_DATE,UPDATE_DATE,PARENT_COMMENT_ID,COMMENTSTATUS) values (200000012,138,'user01',to_date('24/09/21','RR/MM/DD'),null,null,'N');
Insert into ADMIN.TBL_STU_COMMENTS (COMMENT_ID,POST_ID,AUTHOR,CREATED_DATE,UPDATE_DATE,PARENT_COMMENT_ID,COMMENTSTATUS) values (200000013,139,'user01',to_date('24/09/21','RR/MM/DD'),null,null,'N');
Insert into ADMIN.TBL_STU_COMMENTS (COMMENT_ID,POST_ID,AUTHOR,CREATED_DATE,UPDATE_DATE,PARENT_COMMENT_ID,COMMENTSTATUS) values (200000014,140,'user01',to_date('24/09/21','RR/MM/DD'),null,null,'Y');
Insert into ADMIN.TBL_STU_COMMENTS (COMMENT_ID,POST_ID,AUTHOR,CREATED_DATE,UPDATE_DATE,PARENT_COMMENT_ID,COMMENTSTATUS) values (200000017,140,'user01',to_date('24/09/21','RR/MM/DD'),null,null,'N');
Insert into ADMIN.TBL_STU_COMMENTS (COMMENT_ID,POST_ID,AUTHOR,CREATED_DATE,UPDATE_DATE,PARENT_COMMENT_ID,COMMENTSTATUS) values (200000019,140,'user01',to_date('24/09/21','RR/MM/DD'),null,null,'N');
Insert into ADMIN.TBL_STU_COMMENTS (COMMENT_ID,POST_ID,AUTHOR,CREATED_DATE,UPDATE_DATE,PARENT_COMMENT_ID,COMMENTSTATUS) values (200000023,140,'user01',to_date('24/09/21','RR/MM/DD'),null,null,'N');
Insert into ADMIN.TBL_STU_COMMENTS (COMMENT_ID,POST_ID,AUTHOR,CREATED_DATE,UPDATE_DATE,PARENT_COMMENT_ID,COMMENTSTATUS) values (44,60,'user02',to_date('24/09/18','RR/MM/DD'),null,null,'N');
Insert into ADMIN.TBL_STU_COMMENTS (COMMENT_ID,POST_ID,AUTHOR,CREATED_DATE,UPDATE_DATE,PARENT_COMMENT_ID,COMMENTSTATUS) values (46,69,'user01',to_date('24/09/19','RR/MM/DD'),null,null,'N');
Insert into ADMIN.TBL_STU_COMMENTS (COMMENT_ID,POST_ID,AUTHOR,CREATED_DATE,UPDATE_DATE,PARENT_COMMENT_ID,COMMENTSTATUS) values (48,69,'user01',to_date('24/09/19','RR/MM/DD'),null,null,'N');
Insert into ADMIN.TBL_STU_COMMENTS (COMMENT_ID,POST_ID,AUTHOR,CREATED_DATE,UPDATE_DATE,PARENT_COMMENT_ID,COMMENTSTATUS) values (50,69,'user03',to_date('24/09/19','RR/MM/DD'),null,null,'N');
Insert into ADMIN.TBL_STU_COMMENTS (COMMENT_ID,POST_ID,AUTHOR,CREATED_DATE,UPDATE_DATE,PARENT_COMMENT_ID,COMMENTSTATUS) values (55,129,'user03',to_date('24/09/20','RR/MM/DD'),null,null,'N');
Insert into ADMIN.TBL_STU_COMMENTS (COMMENT_ID,POST_ID,AUTHOR,CREATED_DATE,UPDATE_DATE,PARENT_COMMENT_ID,COMMENTSTATUS) values (200000028,141,'user01',to_date('24/09/22','RR/MM/DD'),null,null,'N');
Insert into ADMIN.TBL_STU_COMMENTS (COMMENT_ID,POST_ID,AUTHOR,CREATED_DATE,UPDATE_DATE,PARENT_COMMENT_ID,COMMENTSTATUS) values (41,60,'user03',to_date('24/09/18','RR/MM/DD'),null,null,'N');
Insert into ADMIN.TBL_STU_COMMENTS (COMMENT_ID,POST_ID,AUTHOR,CREATED_DATE,UPDATE_DATE,PARENT_COMMENT_ID,COMMENTSTATUS) values (26,60,'user01',to_date('24/09/18','RR/MM/DD'),null,null,'N');
Insert into ADMIN.TBL_STU_COMMENTS (COMMENT_ID,POST_ID,AUTHOR,CREATED_DATE,UPDATE_DATE,PARENT_COMMENT_ID,COMMENTSTATUS) values (27,60,'user02',to_date('24/09/18','RR/MM/DD'),null,null,'N');
Insert into ADMIN.TBL_STU_COMMENTS (COMMENT_ID,POST_ID,AUTHOR,CREATED_DATE,UPDATE_DATE,PARENT_COMMENT_ID,COMMENTSTATUS) values (28,60,'user03',to_date('24/09/18','RR/MM/DD'),null,null,'N');
Insert into ADMIN.TBL_STU_COMMENTS (COMMENT_ID,POST_ID,AUTHOR,CREATED_DATE,UPDATE_DATE,PARENT_COMMENT_ID,COMMENTSTATUS) values (29,60,'user04',to_date('24/09/18','RR/MM/DD'),null,null,'N');
Insert into ADMIN.TBL_STU_COMMENTS (COMMENT_ID,POST_ID,AUTHOR,CREATED_DATE,UPDATE_DATE,PARENT_COMMENT_ID,COMMENTSTATUS) values (30,60,'user05',to_date('24/09/18','RR/MM/DD'),null,null,'N');
Insert into ADMIN.TBL_STU_COMMENTS (COMMENT_ID,POST_ID,AUTHOR,CREATED_DATE,UPDATE_DATE,PARENT_COMMENT_ID,COMMENTSTATUS) values (38,55,'admin',to_date('24/09/18','RR/MM/DD'),null,null,'N');
Insert into ADMIN.TBL_STU_COMMENTS (COMMENT_ID,POST_ID,AUTHOR,CREATED_DATE,UPDATE_DATE,PARENT_COMMENT_ID,COMMENTSTATUS) values (39,60,'admin',to_date('24/09/18','RR/MM/DD'),null,null,'N');
Insert into ADMIN.TBL_STU_COMMENTS (COMMENT_ID,POST_ID,AUTHOR,CREATED_DATE,UPDATE_DATE,PARENT_COMMENT_ID,COMMENTSTATUS) values (56,130,'user03',to_date('24/09/20','RR/MM/DD'),null,null,'N');
Insert into ADMIN.TBL_STU_COMMENTS (COMMENT_ID,POST_ID,AUTHOR,CREATED_DATE,UPDATE_DATE,PARENT_COMMENT_ID,COMMENTSTATUS) values (200000015,140,'user01',to_date('24/09/21','RR/MM/DD'),null,null,'N');
Insert into ADMIN.TBL_STU_COMMENTS (COMMENT_ID,POST_ID,AUTHOR,CREATED_DATE,UPDATE_DATE,PARENT_COMMENT_ID,COMMENTSTATUS) values (31,60,'admin',to_date('24/09/18','RR/MM/DD'),null,null,'N');
Insert into ADMIN.TBL_STU_COMMENTS (COMMENT_ID,POST_ID,AUTHOR,CREATED_DATE,UPDATE_DATE,PARENT_COMMENT_ID,COMMENTSTATUS) values (32,60,null,to_date('24/09/18','RR/MM/DD'),null,null,'N');
Insert into ADMIN.TBL_STU_COMMENTS (COMMENT_ID,POST_ID,AUTHOR,CREATED_DATE,UPDATE_DATE,PARENT_COMMENT_ID,COMMENTSTATUS) values (33,60,'admin',to_date('24/09/18','RR/MM/DD'),null,null,'N');
Insert into ADMIN.TBL_STU_COMMENTS (COMMENT_ID,POST_ID,AUTHOR,CREATED_DATE,UPDATE_DATE,PARENT_COMMENT_ID,COMMENTSTATUS) values (34,60,'admin',to_date('24/09/18','RR/MM/DD'),null,null,'N');
Insert into ADMIN.TBL_STU_COMMENTS (COMMENT_ID,POST_ID,AUTHOR,CREATED_DATE,UPDATE_DATE,PARENT_COMMENT_ID,COMMENTSTATUS) values (35,60,'admin',to_date('24/09/18','RR/MM/DD'),null,null,'N');
Insert into ADMIN.TBL_STU_COMMENTS (COMMENT_ID,POST_ID,AUTHOR,CREATED_DATE,UPDATE_DATE,PARENT_COMMENT_ID,COMMENTSTATUS) values (36,60,'admin',to_date('24/09/18','RR/MM/DD'),null,null,'N');
Insert into ADMIN.TBL_STU_COMMENTS (COMMENT_ID,POST_ID,AUTHOR,CREATED_DATE,UPDATE_DATE,PARENT_COMMENT_ID,COMMENTSTATUS) values (37,63,'admin',to_date('24/09/18','RR/MM/DD'),null,null,'N');
Insert into ADMIN.TBL_STU_COMMENTS (COMMENT_ID,POST_ID,AUTHOR,CREATED_DATE,UPDATE_DATE,PARENT_COMMENT_ID,COMMENTSTATUS) values (47,69,'user01',to_date('24/09/19','RR/MM/DD'),null,null,'N');
Insert into ADMIN.TBL_STU_COMMENTS (COMMENT_ID,POST_ID,AUTHOR,CREATED_DATE,UPDATE_DATE,PARENT_COMMENT_ID,COMMENTSTATUS) values (52,60,'user03',to_date('24/09/20','RR/MM/DD'),null,null,'N');
Insert into ADMIN.TBL_STU_COMMENTS (COMMENT_ID,POST_ID,AUTHOR,CREATED_DATE,UPDATE_DATE,PARENT_COMMENT_ID,COMMENTSTATUS) values (200000016,140,'user01',to_date('24/09/21','RR/MM/DD'),null,null,'N');
Insert into ADMIN.TBL_STU_COMMENTS (COMMENT_ID,POST_ID,AUTHOR,CREATED_DATE,UPDATE_DATE,PARENT_COMMENT_ID,COMMENTSTATUS) values (200000035,142,'user01',to_date('24/09/22','RR/MM/DD'),null,null,'N');
Insert into ADMIN.TBL_STU_COMMENTS (COMMENT_ID,POST_ID,AUTHOR,CREATED_DATE,UPDATE_DATE,PARENT_COMMENT_ID,COMMENTSTATUS) values (40,63,'user03',to_date('24/09/18','RR/MM/DD'),null,null,'N');
Insert into ADMIN.TBL_STU_COMMENTS (COMMENT_ID,POST_ID,AUTHOR,CREATED_DATE,UPDATE_DATE,PARENT_COMMENT_ID,COMMENTSTATUS) values (42,60,'user03',to_date('24/09/18','RR/MM/DD'),null,null,'N');
Insert into ADMIN.TBL_STU_COMMENTS (COMMENT_ID,POST_ID,AUTHOR,CREATED_DATE,UPDATE_DATE,PARENT_COMMENT_ID,COMMENTSTATUS) values (45,60,'user01',to_date('24/09/19','RR/MM/DD'),null,null,'N');
Insert into ADMIN.TBL_STU_COMMENTS (COMMENT_ID,POST_ID,AUTHOR,CREATED_DATE,UPDATE_DATE,PARENT_COMMENT_ID,COMMENTSTATUS) values (49,69,'user01',to_date('24/09/19','RR/MM/DD'),null,null,'N');
Insert into ADMIN.TBL_STU_COMMENTS (COMMENT_ID,POST_ID,AUTHOR,CREATED_DATE,UPDATE_DATE,PARENT_COMMENT_ID,COMMENTSTATUS) values (51,69,'user03',to_date('24/09/19','RR/MM/DD'),null,null,'N');
Insert into ADMIN.TBL_STU_COMMENTS (COMMENT_ID,POST_ID,AUTHOR,CREATED_DATE,UPDATE_DATE,PARENT_COMMENT_ID,COMMENTSTATUS) values (53,77,'user03',to_date('24/09/20','RR/MM/DD'),null,null,'N');
Insert into ADMIN.TBL_STU_COMMENTS (COMMENT_ID,POST_ID,AUTHOR,CREATED_DATE,UPDATE_DATE,PARENT_COMMENT_ID,COMMENTSTATUS) values (58,138,'user01',to_date('24/09/21','RR/MM/DD'),null,null,'N');
Insert into ADMIN.TBL_STU_COMMENTS (COMMENT_ID,POST_ID,AUTHOR,CREATED_DATE,UPDATE_DATE,PARENT_COMMENT_ID,COMMENTSTATUS) values (200000001,138,'user01',to_date('24/09/21','RR/MM/DD'),null,null,'N');
Insert into ADMIN.TBL_STU_COMMENTS (COMMENT_ID,POST_ID,AUTHOR,CREATED_DATE,UPDATE_DATE,PARENT_COMMENT_ID,COMMENTSTATUS) values (200000002,138,'user01',to_date('24/09/21','RR/MM/DD'),null,null,'N');
Insert into ADMIN.TBL_STU_COMMENTS (COMMENT_ID,POST_ID,AUTHOR,CREATED_DATE,UPDATE_DATE,PARENT_COMMENT_ID,COMMENTSTATUS) values (200000003,138,'user01',to_date('24/09/21','RR/MM/DD'),null,null,'N');
Insert into ADMIN.TBL_STU_COMMENTS (COMMENT_ID,POST_ID,AUTHOR,CREATED_DATE,UPDATE_DATE,PARENT_COMMENT_ID,COMMENTSTATUS) values (200000004,138,'user01',to_date('24/09/21','RR/MM/DD'),null,null,'N');
Insert into ADMIN.TBL_STU_COMMENTS (COMMENT_ID,POST_ID,AUTHOR,CREATED_DATE,UPDATE_DATE,PARENT_COMMENT_ID,COMMENTSTATUS) values (200000005,138,'user01',to_date('24/09/21','RR/MM/DD'),null,null,'N');
Insert into ADMIN.TBL_STU_COMMENTS (COMMENT_ID,POST_ID,AUTHOR,CREATED_DATE,UPDATE_DATE,PARENT_COMMENT_ID,COMMENTSTATUS) values (200000006,138,'user01',to_date('24/09/21','RR/MM/DD'),null,null,'N');
Insert into ADMIN.TBL_STU_COMMENTS (COMMENT_ID,POST_ID,AUTHOR,CREATED_DATE,UPDATE_DATE,PARENT_COMMENT_ID,COMMENTSTATUS) values (200000007,138,'user01',to_date('24/09/21','RR/MM/DD'),null,null,'N');
Insert into ADMIN.TBL_STU_COMMENTS (COMMENT_ID,POST_ID,AUTHOR,CREATED_DATE,UPDATE_DATE,PARENT_COMMENT_ID,COMMENTSTATUS) values (200000008,138,'user01',to_date('24/09/21','RR/MM/DD'),null,null,'N');
Insert into ADMIN.TBL_STU_COMMENTS (COMMENT_ID,POST_ID,AUTHOR,CREATED_DATE,UPDATE_DATE,PARENT_COMMENT_ID,COMMENTSTATUS) values (200000009,138,'user01',to_date('24/09/21','RR/MM/DD'),null,null,'N');
Insert into ADMIN.TBL_STU_COMMENTS (COMMENT_ID,POST_ID,AUTHOR,CREATED_DATE,UPDATE_DATE,PARENT_COMMENT_ID,COMMENTSTATUS) values (200000010,138,'user01',to_date('24/09/21','RR/MM/DD'),null,null,'N');
Insert into ADMIN.TBL_STU_COMMENTS (COMMENT_ID,POST_ID,AUTHOR,CREATED_DATE,UPDATE_DATE,PARENT_COMMENT_ID,COMMENTSTATUS) values (200000025,140,'user03',to_date('24/09/21','RR/MM/DD'),null,null,'N');
Insert into ADMIN.TBL_STU_COMMENTS (COMMENT_ID,POST_ID,AUTHOR,CREATED_DATE,UPDATE_DATE,PARENT_COMMENT_ID,COMMENTSTATUS) values (200000026,140,'user03',to_date('24/09/21','RR/MM/DD'),null,null,'Y');
Insert into ADMIN.TBL_STU_COMMENTS (COMMENT_ID,POST_ID,AUTHOR,CREATED_DATE,UPDATE_DATE,PARENT_COMMENT_ID,COMMENTSTATUS) values (200000029,141,'user01',to_date('24/09/22','RR/MM/DD'),null,null,'N');
Insert into ADMIN.TBL_STU_COMMENTS (COMMENT_ID,POST_ID,AUTHOR,CREATED_DATE,UPDATE_DATE,PARENT_COMMENT_ID,COMMENTSTATUS) values (200000030,141,null,to_date('24/09/22','RR/MM/DD'),null,null,'N');
Insert into ADMIN.TBL_STU_COMMENTS (COMMENT_ID,POST_ID,AUTHOR,CREATED_DATE,UPDATE_DATE,PARENT_COMMENT_ID,COMMENTSTATUS) values (200000031,141,'user01',to_date('24/09/22','RR/MM/DD'),null,null,'N');
Insert into ADMIN.TBL_STU_COMMENTS (COMMENT_ID,POST_ID,AUTHOR,CREATED_DATE,UPDATE_DATE,PARENT_COMMENT_ID,COMMENTSTATUS) values (200000032,141,'user01',to_date('24/09/22','RR/MM/DD'),null,null,'N');
Insert into ADMIN.TBL_STU_COMMENTS (COMMENT_ID,POST_ID,AUTHOR,CREATED_DATE,UPDATE_DATE,PARENT_COMMENT_ID,COMMENTSTATUS) values (200000033,141,'user01',to_date('24/09/22','RR/MM/DD'),null,null,'N');
Insert into ADMIN.TBL_STU_COMMENTS (COMMENT_ID,POST_ID,AUTHOR,CREATED_DATE,UPDATE_DATE,PARENT_COMMENT_ID,COMMENTSTATUS) values (200000034,141,'user01',to_date('24/09/22','RR/MM/DD'),null,null,'N');
REM INSERTING into ADMIN.TBL_STU_COMM_BOARD_TYPES
SET DEFINE OFF;
Insert into ADMIN.TBL_STU_COMM_BOARD_TYPES (BOARD_TYPE_ID,NAME,PART,FULLVIEW) values (2012,'IT',2000,'1000');
Insert into ADMIN.TBL_STU_COMM_BOARD_TYPES (BOARD_TYPE_ID,NAME,PART,FULLVIEW) values (1000,'전체글보기',1000,'1000');
Insert into ADMIN.TBL_STU_COMM_BOARD_TYPES (BOARD_TYPE_ID,NAME,PART,FULLVIEW) values (1001,'인기글',1000,'1000');
Insert into ADMIN.TBL_STU_COMM_BOARD_TYPES (BOARD_TYPE_ID,NAME,PART,FULLVIEW) values (1002,'공지사항',1000,'1000');
Insert into ADMIN.TBL_STU_COMM_BOARD_TYPES (BOARD_TYPE_ID,NAME,PART,FULLVIEW) values (1003,'자유게시판',1000,'1000');
Insert into ADMIN.TBL_STU_COMM_BOARD_TYPES (BOARD_TYPE_ID,NAME,PART,FULLVIEW) values (1004,'질문게시판',1000,'1000');
Insert into ADMIN.TBL_STU_COMM_BOARD_TYPES (BOARD_TYPE_ID,NAME,PART,FULLVIEW) values (2000,'스터디 전체글보기',2000,'1000');
Insert into ADMIN.TBL_STU_COMM_BOARD_TYPES (BOARD_TYPE_ID,NAME,PART,FULLVIEW) values (2001,'국어',2000,'1000');
Insert into ADMIN.TBL_STU_COMM_BOARD_TYPES (BOARD_TYPE_ID,NAME,PART,FULLVIEW) values (2002,'영어',2000,'1000');
Insert into ADMIN.TBL_STU_COMM_BOARD_TYPES (BOARD_TYPE_ID,NAME,PART,FULLVIEW) values (2003,'수학',2000,'1000');
Insert into ADMIN.TBL_STU_COMM_BOARD_TYPES (BOARD_TYPE_ID,NAME,PART,FULLVIEW) values (2004,'과학',2000,'1000');
Insert into ADMIN.TBL_STU_COMM_BOARD_TYPES (BOARD_TYPE_ID,NAME,PART,FULLVIEW) values (2005,'역사',2000,'1000');
Insert into ADMIN.TBL_STU_COMM_BOARD_TYPES (BOARD_TYPE_ID,NAME,PART,FULLVIEW) values (2006,'독서',2000,'1000');
Insert into ADMIN.TBL_STU_COMM_BOARD_TYPES (BOARD_TYPE_ID,NAME,PART,FULLVIEW) values (2007,'논술',2000,'1000');
Insert into ADMIN.TBL_STU_COMM_BOARD_TYPES (BOARD_TYPE_ID,NAME,PART,FULLVIEW) values (2008,'어학',2000,'1000');
Insert into ADMIN.TBL_STU_COMM_BOARD_TYPES (BOARD_TYPE_ID,NAME,PART,FULLVIEW) values (2009,'자격증',2000,'1000');
Insert into ADMIN.TBL_STU_COMM_BOARD_TYPES (BOARD_TYPE_ID,NAME,PART,FULLVIEW) values (2010,'프로젝트',2000,'1000');
Insert into ADMIN.TBL_STU_COMM_BOARD_TYPES (BOARD_TYPE_ID,NAME,PART,FULLVIEW) values (2011,'취업준비',2000,'1000');
Insert into ADMIN.TBL_STU_COMM_BOARD_TYPES (BOARD_TYPE_ID,NAME,PART,FULLVIEW) values (3001,'[이벤트]노트필기 경쟁대회',3000,'1000');
Insert into ADMIN.TBL_STU_COMM_BOARD_TYPES (BOARD_TYPE_ID,NAME,PART,FULLVIEW) values (3002,'[이벤트]오답노트',3000,'1000');
REM INSERTING into ADMIN.TBL_USER
SET DEFINE OFF;
Insert into ADMIN.TBL_USER (USER_ID,USER_NAME,USER_NICKNAME,PASSWORD,EMAIL,ADDR,BAN,STATUS,PHONE_NUM,CREATED_DATE,UPDATE_DATE) values ('user08','김날두','외국사람','hbhyun0808!','hbhyun3107@naver.com','t서울시','N','USER','01090152369',to_timestamp('24/09/20 00:00:00.000000000','RR/MM/DD HH24:MI:SSXFF'),to_timestamp('24/09/20 00:00:00.000000000','RR/MM/DD HH24:MI:SSXFF'));
Insert into ADMIN.TBL_USER (USER_ID,USER_NAME,USER_NICKNAME,PASSWORD,EMAIL,ADDR,BAN,STATUS,PHONE_NUM,CREATED_DATE,UPDATE_DATE) values ('asd','asd','test','1234','asd','asd','N','asd','123',to_timestamp('24/09/11 00:00:00.000000000','RR/MM/DD HH24:MI:SSXFF'),to_timestamp('24/09/04 00:00:00.000000000','RR/MM/DD HH24:MI:SSXFF'));
Insert into ADMIN.TBL_USER (USER_ID,USER_NAME,USER_NICKNAME,PASSWORD,EMAIL,ADDR,BAN,STATUS,PHONE_NUM,CREATED_DATE,UPDATE_DATE) values ('dkssud123','honaldoo','dsf','dhodlfo1!','naver@naver.com','솔직히말해','N','맞죠','01012341234',to_timestamp('24/09/20 00:00:00.000000000','RR/MM/DD HH24:MI:SSXFF'),to_timestamp('24/09/20 00:00:00.000000000','RR/MM/DD HH24:MI:SSXFF'));
Insert into ADMIN.TBL_USER (USER_ID,USER_NAME,USER_NICKNAME,PASSWORD,EMAIL,ADDR,BAN,STATUS,PHONE_NUM,CREATED_DATE,UPDATE_DATE) values ('zxcv1q2','asdaf','test','asdfasf','asd','asd','N','asdf','1234',to_timestamp('24/09/04 00:00:00.000000000','RR/MM/DD HH24:MI:SSXFF'),to_timestamp('24/10/03 00:00:00.000000000','RR/MM/DD HH24:MI:SSXFF'));
Insert into ADMIN.TBL_USER (USER_ID,USER_NAME,USER_NICKNAME,PASSWORD,EMAIL,ADDR,BAN,STATUS,PHONE_NUM,CREATED_DATE,UPDATE_DATE) values ('admin','손흥민','관리자','admin1234','12','12','N','ADMIN','010',to_timestamp('24/09/13 17:07:15.988509000','RR/MM/DD HH24:MI:SSXFF'),to_timestamp('24/09/13 17:07:15.988509000','RR/MM/DD HH24:MI:SSXFF'));
Insert into ADMIN.TBL_USER (USER_ID,USER_NAME,USER_NICKNAME,PASSWORD,EMAIL,ADDR,BAN,STATUS,PHONE_NUM,CREATED_DATE,UPDATE_DATE) values ('1234','1234','1234','1234','1234','1234','N','1234','1234',to_timestamp('24/09/20 06:59:47.000000000','RR/MM/DD HH24:MI:SSXFF'),to_timestamp('24/09/20 06:59:47.000000000','RR/MM/DD HH24:MI:SSXFF'));
Insert into ADMIN.TBL_USER (USER_ID,USER_NAME,USER_NICKNAME,PASSWORD,EMAIL,ADDR,BAN,STATUS,PHONE_NUM,CREATED_DATE,UPDATE_DATE) values ('user01','김용준','MZ','user01','jisoo@naver.com','서울특별시 강남구 역삼동 123번지','Y','ADMIN','01012345678',to_timestamp('24/09/13 17:07:08.811479000','RR/MM/DD HH24:MI:SSXFF'),to_timestamp('24/09/13 17:07:08.811479000','RR/MM/DD HH24:MI:SSXFF'));
Insert into ADMIN.TBL_USER (USER_ID,USER_NAME,USER_NICKNAME,PASSWORD,EMAIL,ADDR,BAN,STATUS,PHONE_NUM,CREATED_DATE,UPDATE_DATE) values ('user02','하유성','팀장님','user02','loey@naver.com','서울특별시 송파구 문정동 456번지','N','ADMIN','01023456789',to_timestamp('24/09/13 17:07:15.988509000','RR/MM/DD HH24:MI:SSXFF'),to_timestamp('24/09/13 17:07:15.988509000','RR/MM/DD HH24:MI:SSXFF'));
Insert into ADMIN.TBL_USER (USER_ID,USER_NAME,USER_NICKNAME,PASSWORD,EMAIL,ADDR,BAN,STATUS,PHONE_NUM,CREATED_DATE,UPDATE_DATE) values ('user03','강선민','용준담당일진','user03','jungkook@naver.com','서울특별시 방배구 방배동 789번지','Y','USER','01034567890',to_timestamp('24/09/13 17:07:34.034641000','RR/MM/DD HH24:MI:SSXFF'),to_timestamp('24/09/13 17:07:34.034641000','RR/MM/DD HH24:MI:SSXFF'));
Insert into ADMIN.TBL_USER (USER_ID,USER_NAME,USER_NICKNAME,PASSWORD,EMAIL,ADDR,BAN,STATUS,PHONE_NUM,CREATED_DATE,UPDATE_DATE) values ('user04','송태근','확신의I','user04','taeyong@naver.com','서울특별시 강서구 화곡동 101번지','N','ADMIN','01045678901',to_timestamp('24/09/13 17:07:57.854073000','RR/MM/DD HH24:MI:SSXFF'),to_timestamp('24/09/13 17:07:57.854073000','RR/MM/DD HH24:MI:SSXFF'));
Insert into ADMIN.TBL_USER (USER_ID,USER_NAME,USER_NICKNAME,PASSWORD,EMAIL,ADDR,BAN,STATUS,PHONE_NUM,CREATED_DATE,UPDATE_DATE) values ('user05','황보현','레이디퍼스트','user05','lisa@naver.com','서울특별시 노원구 상계동 202번지','Y','USER','010-1234-4545',to_timestamp('24/09/13 17:08:13.900900000','RR/MM/DD HH24:MI:SSXFF'),to_timestamp('24/09/13 17:08:13.900900000','RR/MM/DD HH24:MI:SSXFF'));
Insert into ADMIN.TBL_USER (USER_ID,USER_NAME,USER_NICKNAME,PASSWORD,EMAIL,ADDR,BAN,STATUS,PHONE_NUM,CREATED_DATE,UPDATE_DATE) values ('user06','이강인','축구선수','user06','hbhyun3102@naver.com','서울시','N','ADMIN','010',to_timestamp('24/09/26 00:00:00.000000000','RR/MM/DD HH24:MI:SSXFF'),to_timestamp('24/09/20 00:00:00.000000000','RR/MM/DD HH24:MI:SSXFF'));
Insert into ADMIN.TBL_USER (USER_ID,USER_NAME,USER_NICKNAME,PASSWORD,EMAIL,ADDR,BAN,STATUS,PHONE_NUM,CREATED_DATE,UPDATE_DATE) values ('user07','김메시','외국인','user07','hbhyun3104@naver.com','서울시','N','ADMIN','010',to_timestamp('24/09/04 00:00:00.000000000','RR/MM/DD HH24:MI:SSXFF'),to_timestamp('24/09/20 00:00:00.000000000','RR/MM/DD HH24:MI:SSXFF'));
REM INSERTING into ADMIN."알파용준"
SET DEFINE OFF;
Insert into ADMIN."알파용준" (NAME,GENERATION) values ('선민','MZ세대');
Insert into ADMIN."알파용준" (NAME,GENERATION) values ('팀장님','X세대');
Insert into ADMIN."알파용준" (NAME,GENERATION) values ('용준','알파세대');
Insert into ADMIN."알파용준" (NAME,GENERATION) values ('현','MZ세대');
Insert into ADMIN."알파용준" (NAME,GENERATION) values ('태근','MZ세대');
--------------------------------------------------------
--  DDL for Index PK_TBL_BOARDFILE
--------------------------------------------------------

  CREATE UNIQUE INDEX "ADMIN"."PK_TBL_BOARDFILE" ON "ADMIN"."TBL_BOARDFILE" ("FILENO") 
  PCTFREE 10 INITRANS 2 MAXTRANS 255 COMPUTE STATISTICS 
  STORAGE(INITIAL 65536 NEXT 1048576 MINEXTENTS 1 MAXEXTENTS 2147483645
  PCTINCREASE 0 FREELISTS 1 FREELIST GROUPS 1
  BUFFER_POOL DEFAULT FLASH_CACHE DEFAULT CELL_FLASH_CACHE DEFAULT)
  TABLESPACE "USERS" ;
--------------------------------------------------------
--  DDL for Trigger TRG_FAQ_ID
--------------------------------------------------------

  CREATE OR REPLACE EDITIONABLE TRIGGER "ADMIN"."TRG_FAQ_ID" 
BEFORE INSERT ON TBL_FAQ
FOR EACH ROW
BEGIN
    :NEW.faq_id := faq_seq.NEXTVAL;
END;

/
ALTER TRIGGER "ADMIN"."TRG_FAQ_ID" ENABLE;
--------------------------------------------------------
--  DDL for Trigger TRG_NOTICE_ID
--------------------------------------------------------

  CREATE OR REPLACE EDITIONABLE TRIGGER "ADMIN"."TRG_NOTICE_ID" 
BEFORE INSERT ON TBL_NOTICE
FOR EACH ROW
BEGIN
    :NEW.notice_id := notice_seq.NEXTVAL;
END;

/
ALTER TRIGGER "ADMIN"."TRG_NOTICE_ID" ENABLE;
--------------------------------------------------------
--  Constraints for Table TBL_NOTICE
--------------------------------------------------------

  ALTER TABLE "ADMIN"."TBL_NOTICE" MODIFY ("TITLE" NOT NULL ENABLE);
  ALTER TABLE "ADMIN"."TBL_NOTICE" MODIFY ("AUTHOR" NOT NULL ENABLE);
  ALTER TABLE "ADMIN"."TBL_NOTICE" ADD PRIMARY KEY ("NOTICE_ID")
  USING INDEX PCTFREE 10 INITRANS 2 MAXTRANS 255 COMPUTE STATISTICS 
  STORAGE(INITIAL 65536 NEXT 1048576 MINEXTENTS 1 MAXEXTENTS 2147483645
  PCTINCREASE 0 FREELISTS 1 FREELIST GROUPS 1
  BUFFER_POOL DEFAULT FLASH_CACHE DEFAULT CELL_FLASH_CACHE DEFAULT)
  TABLESPACE "USERS"  ENABLE;
--------------------------------------------------------
--  Constraints for Table TBL_BOOK
--------------------------------------------------------

  ALTER TABLE "ADMIN"."TBL_BOOK" MODIFY ("BOOK_ID" NOT NULL ENABLE);
  ALTER TABLE "ADMIN"."TBL_BOOK" ADD PRIMARY KEY ("BOOK_ID")
  USING INDEX PCTFREE 10 INITRANS 2 MAXTRANS 255 COMPUTE STATISTICS 
  STORAGE(INITIAL 65536 NEXT 1048576 MINEXTENTS 1 MAXEXTENTS 2147483645
  PCTINCREASE 0 FREELISTS 1 FREELIST GROUPS 1
  BUFFER_POOL DEFAULT FLASH_CACHE DEFAULT CELL_FLASH_CACHE DEFAULT)
  TABLESPACE "USERS"  ENABLE;
--------------------------------------------------------
--  Constraints for Table TBL_STU_COMM
--------------------------------------------------------

  ALTER TABLE "ADMIN"."TBL_STU_COMM" ADD PRIMARY KEY ("BOARD_ID")
  USING INDEX PCTFREE 10 INITRANS 2 MAXTRANS 255 COMPUTE STATISTICS 
  STORAGE(INITIAL 65536 NEXT 1048576 MINEXTENTS 1 MAXEXTENTS 2147483645
  PCTINCREASE 0 FREELISTS 1 FREELIST GROUPS 1
  BUFFER_POOL DEFAULT FLASH_CACHE DEFAULT CELL_FLASH_CACHE DEFAULT)
  TABLESPACE "USERS"  ENABLE;
--------------------------------------------------------
--  Constraints for Table TBL_FAQ
--------------------------------------------------------

  ALTER TABLE "ADMIN"."TBL_FAQ" MODIFY ("QUESTION" NOT NULL ENABLE);
  ALTER TABLE "ADMIN"."TBL_FAQ" MODIFY ("ANSWER" NOT NULL ENABLE);
  ALTER TABLE "ADMIN"."TBL_FAQ" ADD PRIMARY KEY ("FAQ_ID")
  USING INDEX PCTFREE 10 INITRANS 2 MAXTRANS 255 COMPUTE STATISTICS 
  STORAGE(INITIAL 65536 NEXT 1048576 MINEXTENTS 1 MAXEXTENTS 2147483645
  PCTINCREASE 0 FREELISTS 1 FREELIST GROUPS 1
  BUFFER_POOL DEFAULT FLASH_CACHE DEFAULT CELL_FLASH_CACHE DEFAULT)
  TABLESPACE "USERS"  ENABLE;
--------------------------------------------------------
--  Constraints for Table TBL_STU_COMMENTS
--------------------------------------------------------

  ALTER TABLE "ADMIN"."TBL_STU_COMMENTS" ADD PRIMARY KEY ("COMMENT_ID")
  USING INDEX PCTFREE 10 INITRANS 2 MAXTRANS 255 COMPUTE STATISTICS 
  STORAGE(INITIAL 65536 NEXT 1048576 MINEXTENTS 1 MAXEXTENTS 2147483645
  PCTINCREASE 0 FREELISTS 1 FREELIST GROUPS 1
  BUFFER_POOL DEFAULT FLASH_CACHE DEFAULT CELL_FLASH_CACHE DEFAULT)
  TABLESPACE "USERS"  ENABLE;
--------------------------------------------------------
--  Constraints for Table TBL_ORDER_ITEM
--------------------------------------------------------

  ALTER TABLE "ADMIN"."TBL_ORDER_ITEM" MODIFY ("ORDER_ID" NOT NULL ENABLE);
  ALTER TABLE "ADMIN"."TBL_ORDER_ITEM" MODIFY ("BOOK_ID" NOT NULL ENABLE);
  ALTER TABLE "ADMIN"."TBL_ORDER_ITEM" MODIFY ("QUANTITY" NOT NULL ENABLE);
  ALTER TABLE "ADMIN"."TBL_ORDER_ITEM" MODIFY ("PRICE" NOT NULL ENABLE);
  ALTER TABLE "ADMIN"."TBL_ORDER_ITEM" ADD PRIMARY KEY ("ORDER_ID", "BOOK_ID")
  USING INDEX PCTFREE 10 INITRANS 2 MAXTRANS 255 COMPUTE STATISTICS 
  STORAGE(INITIAL 65536 NEXT 1048576 MINEXTENTS 1 MAXEXTENTS 2147483645
  PCTINCREASE 0 FREELISTS 1 FREELIST GROUPS 1
  BUFFER_POOL DEFAULT FLASH_CACHE DEFAULT CELL_FLASH_CACHE DEFAULT)
  TABLESPACE "USERS"  ENABLE;
--------------------------------------------------------
--  Constraints for Table TBL_CART
--------------------------------------------------------

  ALTER TABLE "ADMIN"."TBL_CART" MODIFY ("CART_ID" NOT NULL ENABLE);
  ALTER TABLE "ADMIN"."TBL_CART" MODIFY ("USER_ID" NOT NULL ENABLE);
  ALTER TABLE "ADMIN"."TBL_CART" MODIFY ("BOOK_ID" NOT NULL ENABLE);
  ALTER TABLE "ADMIN"."TBL_CART" MODIFY ("QUANTITY" NOT NULL ENABLE);
  ALTER TABLE "ADMIN"."TBL_CART" MODIFY ("ADDED_AT" NOT NULL ENABLE);
  ALTER TABLE "ADMIN"."TBL_CART" ADD PRIMARY KEY ("CART_ID")
  USING INDEX PCTFREE 10 INITRANS 2 MAXTRANS 255 COMPUTE STATISTICS 
  STORAGE(INITIAL 65536 NEXT 1048576 MINEXTENTS 1 MAXEXTENTS 2147483645
  PCTINCREASE 0 FREELISTS 1 FREELIST GROUPS 1
  BUFFER_POOL DEFAULT FLASH_CACHE DEFAULT CELL_FLASH_CACHE DEFAULT)
  TABLESPACE "USERS"  ENABLE;
--------------------------------------------------------
--  Constraints for Table TBL_ORDER
--------------------------------------------------------

  ALTER TABLE "ADMIN"."TBL_ORDER" MODIFY ("ORDER_ID" NOT NULL ENABLE);
  ALTER TABLE "ADMIN"."TBL_ORDER" MODIFY ("USER_ID" NOT NULL ENABLE);
  ALTER TABLE "ADMIN"."TBL_ORDER" MODIFY ("ORDER_DATE" NOT NULL ENABLE);
  ALTER TABLE "ADMIN"."TBL_ORDER" MODIFY ("SHIPPING_ADDRESS" NOT NULL ENABLE);
  ALTER TABLE "ADMIN"."TBL_ORDER" ADD PRIMARY KEY ("ORDER_ID")
  USING INDEX PCTFREE 10 INITRANS 2 MAXTRANS 255 COMPUTE STATISTICS 
  STORAGE(INITIAL 65536 NEXT 1048576 MINEXTENTS 1 MAXEXTENTS 2147483645
  PCTINCREASE 0 FREELISTS 1 FREELIST GROUPS 1
  BUFFER_POOL DEFAULT FLASH_CACHE DEFAULT CELL_FLASH_CACHE DEFAULT)
  TABLESPACE "USERS"  ENABLE;
--------------------------------------------------------
--  Constraints for Table TBL_LIKES
--------------------------------------------------------

  ALTER TABLE "ADMIN"."TBL_LIKES" MODIFY ("LIKEUSERID" NOT NULL ENABLE);
  ALTER TABLE "ADMIN"."TBL_LIKES" MODIFY ("TARGETID" NOT NULL ENABLE);
  ALTER TABLE "ADMIN"."TBL_LIKES" MODIFY ("TARGETTYPE" NOT NULL ENABLE);
  ALTER TABLE "ADMIN"."TBL_LIKES" ADD PRIMARY KEY ("LIKEID")
  USING INDEX PCTFREE 10 INITRANS 2 MAXTRANS 255 
  STORAGE(INITIAL 65536 NEXT 1048576 MINEXTENTS 1 MAXEXTENTS 2147483645
  PCTINCREASE 0 FREELISTS 1 FREELIST GROUPS 1
  BUFFER_POOL DEFAULT FLASH_CACHE DEFAULT CELL_FLASH_CACHE DEFAULT)
  TABLESPACE "USERS"  ENABLE;
--------------------------------------------------------
--  Constraints for Table TBL_REFUND
--------------------------------------------------------

  ALTER TABLE "ADMIN"."TBL_REFUND" MODIFY ("REFUND_ID" NOT NULL ENABLE);
  ALTER TABLE "ADMIN"."TBL_REFUND" MODIFY ("CREATED_DATE" NOT NULL ENABLE);
  ALTER TABLE "ADMIN"."TBL_REFUND" ADD PRIMARY KEY ("REFUND_ID")
  USING INDEX PCTFREE 10 INITRANS 2 MAXTRANS 255 
  TABLESPACE "USERS"  ENABLE;
--------------------------------------------------------
--  Constraints for Table TBL_USER
--------------------------------------------------------

  ALTER TABLE "ADMIN"."TBL_USER" MODIFY ("PHONE_NUM" NOT NULL ENABLE);
  ALTER TABLE "ADMIN"."TBL_USER" MODIFY ("USER_NAME" NOT NULL ENABLE);
  ALTER TABLE "ADMIN"."TBL_USER" MODIFY ("USER_NICKNAME" NOT NULL ENABLE);
  ALTER TABLE "ADMIN"."TBL_USER" MODIFY ("PASSWORD" NOT NULL ENABLE);
  ALTER TABLE "ADMIN"."TBL_USER" MODIFY ("EMAIL" NOT NULL ENABLE);
  ALTER TABLE "ADMIN"."TBL_USER" MODIFY ("ADDR" NOT NULL ENABLE);
  ALTER TABLE "ADMIN"."TBL_USER" MODIFY ("BAN" NOT NULL ENABLE);
  ALTER TABLE "ADMIN"."TBL_USER" MODIFY ("STATUS" NOT NULL ENABLE);
  ALTER TABLE "ADMIN"."TBL_USER" ADD PRIMARY KEY ("USER_ID")
  USING INDEX PCTFREE 10 INITRANS 2 MAXTRANS 255 COMPUTE STATISTICS 
  STORAGE(INITIAL 65536 NEXT 1048576 MINEXTENTS 1 MAXEXTENTS 2147483645
  PCTINCREASE 0 FREELISTS 1 FREELIST GROUPS 1
  BUFFER_POOL DEFAULT FLASH_CACHE DEFAULT CELL_FLASH_CACHE DEFAULT)
  TABLESPACE "USERS"  ENABLE;
  ALTER TABLE "ADMIN"."TBL_USER" ADD UNIQUE ("USER_NICKNAME") DISABLE;
  ALTER TABLE "ADMIN"."TBL_USER" ADD UNIQUE ("EMAIL") DISABLE;
--------------------------------------------------------
--  Constraints for Table TBL_BOARDFILE
--------------------------------------------------------

  ALTER TABLE "ADMIN"."TBL_BOARDFILE" MODIFY ("FILENO" NOT NULL ENABLE);
  ALTER TABLE "ADMIN"."TBL_BOARDFILE" ADD CONSTRAINT "PK_TBL_BOARDFILE" PRIMARY KEY ("FILENO")
  USING INDEX PCTFREE 10 INITRANS 2 MAXTRANS 255 COMPUTE STATISTICS 
  STORAGE(INITIAL 65536 NEXT 1048576 MINEXTENTS 1 MAXEXTENTS 2147483645
  PCTINCREASE 0 FREELISTS 1 FREELIST GROUPS 1
  BUFFER_POOL DEFAULT FLASH_CACHE DEFAULT CELL_FLASH_CACHE DEFAULT)
  TABLESPACE "USERS"  ENABLE;
--------------------------------------------------------
--  Constraints for Table TBL_REFUND_REASON_LIST
--------------------------------------------------------

  ALTER TABLE "ADMIN"."TBL_REFUND_REASON_LIST" MODIFY ("REASON_TEXT" NOT NULL ENABLE);
  ALTER TABLE "ADMIN"."TBL_REFUND_REASON_LIST" MODIFY ("TEXTAREA" NOT NULL ENABLE);
  ALTER TABLE "ADMIN"."TBL_REFUND_REASON_LIST" MODIFY ("FILE_UPLOAD" NOT NULL ENABLE);
  ALTER TABLE "ADMIN"."TBL_REFUND_REASON_LIST" ADD PRIMARY KEY ("REASON_ID")
  USING INDEX PCTFREE 10 INITRANS 2 MAXTRANS 255 COMPUTE STATISTICS 
  STORAGE(INITIAL 65536 NEXT 1048576 MINEXTENTS 1 MAXEXTENTS 2147483645
  PCTINCREASE 0 FREELISTS 1 FREELIST GROUPS 1
  BUFFER_POOL DEFAULT FLASH_CACHE DEFAULT CELL_FLASH_CACHE DEFAULT)
  TABLESPACE "USERS"  ENABLE;
--------------------------------------------------------
--  Constraints for Table TBL_REFUND_ITEM
--------------------------------------------------------

  ALTER TABLE "ADMIN"."TBL_REFUND_ITEM" MODIFY ("REFUND_ID" NOT NULL ENABLE);
  ALTER TABLE "ADMIN"."TBL_REFUND_ITEM" MODIFY ("QUANTITY" NOT NULL ENABLE);
--------------------------------------------------------
--  Constraints for Table TBL_CATEGORIES
--------------------------------------------------------

  ALTER TABLE "ADMIN"."TBL_CATEGORIES" MODIFY ("CATEGORY_ID" NOT NULL ENABLE);
  ALTER TABLE "ADMIN"."TBL_CATEGORIES" MODIFY ("CATEGORY_NAME" NOT NULL ENABLE);
  ALTER TABLE "ADMIN"."TBL_CATEGORIES" ADD PRIMARY KEY ("CATEGORY_ID")
  USING INDEX PCTFREE 10 INITRANS 2 MAXTRANS 255 
  TABLESPACE "USERS"  ENABLE;
  ALTER TABLE "ADMIN"."TBL_CATEGORIES" ADD UNIQUE ("CATEGORY_NAME")
  USING INDEX PCTFREE 10 INITRANS 2 MAXTRANS 255 
  TABLESPACE "USERS"  ENABLE;
--------------------------------------------------------
--  Constraints for Table TBL_STU_COMM_BOARD_TYPES
--------------------------------------------------------

  ALTER TABLE "ADMIN"."TBL_STU_COMM_BOARD_TYPES" ADD PRIMARY KEY ("BOARD_TYPE_ID")
  USING INDEX PCTFREE 10 INITRANS 2 MAXTRANS 255 COMPUTE STATISTICS 
  STORAGE(INITIAL 65536 NEXT 1048576 MINEXTENTS 1 MAXEXTENTS 2147483645
  PCTINCREASE 0 FREELISTS 1 FREELIST GROUPS 1
  BUFFER_POOL DEFAULT FLASH_CACHE DEFAULT CELL_FLASH_CACHE DEFAULT)
  TABLESPACE "USERS"  ENABLE;
