--------------------------------------------------------
--  기존 권한이 있는 DB에서 아래 명령어 실행 후 작업
--  ALTER USER ADMIN QUOTA UNLIMITED ON USERS;
--  계정의 경우 이름: ADMIN, 비밀번호: team2_!2#4
--------------------------------------------------------

--------------------------------------------------------
--  파일이 생성됨 - 월요일-10월-14-2024   
--------------------------------------------------------
--------------------------------------------------------
--  DDL for Sequence ANSWER_SEQ
--------------------------------------------------------

   CREATE SEQUENCE  "ADMIN"."ANSWER_SEQ"  MINVALUE 1 MAXVALUE 9999 INCREMENT BY 1 START WITH 22 NOCACHE  NOORDER  NOCYCLE  NOKEEP  NOSCALE  GLOBAL ;
--------------------------------------------------------
--  DDL for Sequence BOARDFILE_SEQ
--------------------------------------------------------

   CREATE SEQUENCE  "ADMIN"."BOARDFILE_SEQ"  MINVALUE 1 MAXVALUE 9999999999999999999999999999 INCREMENT BY 1 START WITH 623 CACHE 20 NOORDER  NOCYCLE  NOKEEP  NOSCALE  GLOBAL ;
--------------------------------------------------------
--  DDL for Sequence COMMENT_SEQ
--------------------------------------------------------

   CREATE SEQUENCE  "ADMIN"."COMMENT_SEQ"  MINVALUE 1 MAXVALUE 9999999999999999999999999999 INCREMENT BY 1 START WITH 200000306 NOCACHE  NOORDER  NOCYCLE  NOKEEP  NOSCALE  GLOBAL ;
--------------------------------------------------------
--  DDL for Sequence FAQ_SEQ
--------------------------------------------------------

   CREATE SEQUENCE  "ADMIN"."FAQ_SEQ"  MINVALUE 1 MAXVALUE 9999999999999999999999999999 INCREMENT BY 1 START WITH 13 NOCACHE  NOORDER  NOCYCLE  NOKEEP  NOSCALE  GLOBAL ;
--------------------------------------------------------
--  DDL for Sequence INQUIRY_SEQ
--------------------------------------------------------

   CREATE SEQUENCE  "ADMIN"."INQUIRY_SEQ"  MINVALUE 1 MAXVALUE 9999999999999999999999999999 INCREMENT BY 1 START WITH 28 NOCACHE  NOORDER  NOCYCLE  NOKEEP  NOSCALE  GLOBAL ;
--------------------------------------------------------
--  DDL for Sequence MESSAGESEQ
--------------------------------------------------------

   CREATE SEQUENCE  "ADMIN"."MESSAGESEQ"  MINVALUE 1000000000 MAXVALUE 9999999999999999999999999999 INCREMENT BY 1 START WITH 1000000420 CACHE 20 NOORDER  NOCYCLE  NOKEEP  NOSCALE  GLOBAL ;
--------------------------------------------------------
--  DDL for Sequence NOTICE_SEQ
--------------------------------------------------------

   CREATE SEQUENCE  "ADMIN"."NOTICE_SEQ"  MINVALUE 1 MAXVALUE 9999999999999999999999999999 INCREMENT BY 1 START WITH 56 NOCACHE  NOORDER  NOCYCLE  NOKEEP  NOSCALE  GLOBAL ;
--------------------------------------------------------
--  DDL for Sequence REFUND_FILE_SEQ
--------------------------------------------------------

   CREATE SEQUENCE  "ADMIN"."REFUND_FILE_SEQ"  MINVALUE 1 MAXVALUE 9999999999999999999999999999 INCREMENT BY 1 START WITH 800000055 NOCACHE  NOORDER  NOCYCLE  NOKEEP  NOSCALE  GLOBAL ;
--------------------------------------------------------
--  DDL for Sequence REFUND_SEQ
--------------------------------------------------------

   CREATE SEQUENCE  "ADMIN"."REFUND_SEQ"  MINVALUE 1 MAXVALUE 9999999999999999999999999999 INCREMENT BY 1 START WITH 1 NOCACHE  NOORDER  NOCYCLE  NOKEEP  NOSCALE  GLOBAL ;
--------------------------------------------------------
--  DDL for Sequence REVIEW_ID_SEQ
--------------------------------------------------------

   CREATE SEQUENCE  "ADMIN"."REVIEW_ID_SEQ"  MINVALUE 1 MAXVALUE 9999999999999999999999999999 INCREMENT BY 1 START WITH 1 NOCACHE  NOORDER  NOCYCLE  NOKEEP  NOSCALE  GLOBAL ;
--------------------------------------------------------
--  DDL for Sequence SEQ_ADDRESS
--------------------------------------------------------

   CREATE SEQUENCE  "ADMIN"."SEQ_ADDRESS"  MINVALUE 1 MAXVALUE 9999999999999999999999999999 INCREMENT BY 1 START WITH 7 NOCACHE  NOORDER  NOCYCLE  NOKEEP  NOSCALE  GLOBAL ;
--------------------------------------------------------
--  DDL for Sequence SEQ_BOARD_ID
--------------------------------------------------------

   CREATE SEQUENCE  "ADMIN"."SEQ_BOARD_ID"  MINVALUE 1 MAXVALUE 9999999999999999999999999999 INCREMENT BY 1 START WITH 189 NOCACHE  NOORDER  NOCYCLE  NOKEEP  NOSCALE  GLOBAL ;
--------------------------------------------------------
--  DDL for Sequence SEQ_FETCHAPPLICATIONID
--------------------------------------------------------

   CREATE SEQUENCE  "ADMIN"."SEQ_FETCHAPPLICATIONID"  MINVALUE 1 MAXVALUE 9999999999999999999999999999 INCREMENT BY 1 START WITH 447 NOCACHE  NOORDER  NOCYCLE  NOKEEP  NOSCALE  GLOBAL ;
--------------------------------------------------------
--  DDL for Sequence SEQ_LIKEID
--------------------------------------------------------

   CREATE SEQUENCE  "ADMIN"."SEQ_LIKEID"  MINVALUE 1 MAXVALUE 9999999999999999999999999999 INCREMENT BY 1 START WITH 441 NOCACHE  NOORDER  NOCYCLE  NOKEEP  NOSCALE  GLOBAL ;
--------------------------------------------------------
--  DDL for Sequence STUDY_GROUP_ID_SEQ
--------------------------------------------------------

   CREATE SEQUENCE  "ADMIN"."STUDY_GROUP_ID_SEQ"  MINVALUE 1 MAXVALUE 999999999999999999999999999 INCREMENT BY 1 START WITH 400000220 NOCACHE  NOORDER  NOCYCLE  NOKEEP  NOSCALE  GLOBAL ;
--------------------------------------------------------
--  DDL for Sequence USER_NO_SEQ
--------------------------------------------------------

   CREATE SEQUENCE  "ADMIN"."USER_NO_SEQ"  MINVALUE 1 MAXVALUE 9999999999999999999999999999 INCREMENT BY 1 START WITH 600000019 NOCACHE  NOORDER  NOCYCLE  NOKEEP  NOSCALE  GLOBAL ;
--------------------------------------------------------
--  DDL for Table TBL_ADDRESS
--------------------------------------------------------

  CREATE TABLE "ADMIN"."TBL_ADDRESS" 
   (	"ADDRESS_NO" NUMBER GENERATED BY DEFAULT AS IDENTITY MINVALUE 1 MAXVALUE 9999999999999999999999999999 INCREMENT BY 1 START WITH 1 CACHE 20 NOORDER  NOCYCLE  NOKEEP  NOSCALE , 
	"USER_ID" VARCHAR2(50 BYTE), 
	"USER_NAME" VARCHAR2(50 BYTE), 
	"PHONE" VARCHAR2(15 BYTE), 
	"ADDRESS" VARCHAR2(255 BYTE), 
	"ADDRESS_DETAIL" VARCHAR2(255 BYTE), 
	"ZONECODE" NUMBER, 
	"DEFAULTYN" CHAR(1 BYTE) DEFAULT 'Y', 
	"REQCOMMENT" VARCHAR2(500 BYTE) DEFAULT '', 
	"ENTRANCE_PASSWORD" VARCHAR2(100 BYTE) DEFAULT '', 
	"SAVEYN" CHAR(1 BYTE) DEFAULT 'Y'
   ) SEGMENT CREATION IMMEDIATE 
  PCTFREE 10 PCTUSED 40 INITRANS 1 MAXTRANS 255 
 NOCOMPRESS LOGGING
  STORAGE(INITIAL 65536 NEXT 1048576 MINEXTENTS 1 MAXEXTENTS 2147483645
  PCTINCREASE 0 FREELISTS 1 FREELIST GROUPS 1
  BUFFER_POOL DEFAULT FLASH_CACHE DEFAULT CELL_FLASH_CACHE DEFAULT)
  TABLESPACE "USERS" ;
--------------------------------------------------------
--  DDL for Table TBL_ANSWER
--------------------------------------------------------

  CREATE TABLE "ADMIN"."TBL_ANSWER" 
   (	"ANSWER_ID" NUMBER, 
	"INQUIRY_ID" NUMBER, 
	"ANSWER_MESSAGE" CLOB, 
	"CREATED" DATE DEFAULT CURRENT_TIMESTAMP, 
	"UPDATED" DATE DEFAULT NULL
   ) SEGMENT CREATION IMMEDIATE 
  PCTFREE 10 PCTUSED 40 INITRANS 1 MAXTRANS 255 
 NOCOMPRESS LOGGING
  STORAGE(INITIAL 65536 NEXT 1048576 MINEXTENTS 1 MAXEXTENTS 2147483645
  PCTINCREASE 0 FREELISTS 1 FREELIST GROUPS 1
  BUFFER_POOL DEFAULT FLASH_CACHE DEFAULT CELL_FLASH_CACHE DEFAULT)
  TABLESPACE "USERS" 
 LOB ("ANSWER_MESSAGE") STORE AS SECUREFILE (
  TABLESPACE "USERS" ENABLE STORAGE IN ROW CHUNK 8192
  NOCACHE LOGGING  NOCOMPRESS  KEEP_DUPLICATES 
  STORAGE(INITIAL 106496 NEXT 1048576 MINEXTENTS 1 MAXEXTENTS 2147483645
  PCTINCREASE 0
  BUFFER_POOL DEFAULT FLASH_CACHE DEFAULT CELL_FLASH_CACHE DEFAULT)) ;

   COMMENT ON COLUMN "ADMIN"."TBL_ANSWER"."ANSWER_ID" IS '답변 id';
   COMMENT ON COLUMN "ADMIN"."TBL_ANSWER"."INQUIRY_ID" IS '문의 id';
   COMMENT ON COLUMN "ADMIN"."TBL_ANSWER"."ANSWER_MESSAGE" IS '답변 내용';
--------------------------------------------------------
--  DDL for Table TBL_BOARDFILE
--------------------------------------------------------

  CREATE TABLE "ADMIN"."TBL_BOARDFILE" 
   (	"FILENO" NUMBER, 
	"BOARDNO" NUMBER, 
	"FILENAME" VARCHAR2(50 BYTE), 
	"FILEORIGINAL" VARCHAR2(50 BYTE), 
	"FILEPATH" VARCHAR2(200 BYTE), 
	"FILESIZE" NUMBER, 
	"FILEEXT" VARCHAR2(10 BYTE), 
	"THUMBN" VARCHAR2(1 BYTE), 
	"FILECREATEDATE" DATE
   ) SEGMENT CREATION IMMEDIATE 
  PCTFREE 10 PCTUSED 40 INITRANS 1 MAXTRANS 255 
 NOCOMPRESS LOGGING
  STORAGE(INITIAL 65536 NEXT 1048576 MINEXTENTS 1 MAXEXTENTS 2147483645
  PCTINCREASE 0 FREELISTS 1 FREELIST GROUPS 1
  BUFFER_POOL DEFAULT FLASH_CACHE DEFAULT CELL_FLASH_CACHE DEFAULT)
  TABLESPACE "USERS" ;
--------------------------------------------------------
--  DDL for Table TBL_BOOK
--------------------------------------------------------

  CREATE TABLE "ADMIN"."TBL_BOOK" 
   (	"BOOK_ID" NUMBER, 
	"TITLE" VARCHAR2(500 BYTE), 
	"DESCRIPTION" CLOB, 
	"AUTHOR" VARCHAR2(100 BYTE), 
	"PUBLISHER" VARCHAR2(200 BYTE), 
	"PRICE" NUMBER, 
	"IMAGE" VARCHAR2(255 BYTE), 
	"QUANTITY" NUMBER, 
	"CATEGORY" NUMBER, 
	"EBOOK" CHAR(1 BYTE) DEFAULT 'N', 
	"CREATED_AT" DATE DEFAULT SYSDATE + 9/24, 
	"UPDATED_AT" DATE, 
	"DISCOUNT" NUMBER DEFAULT 0
   ) SEGMENT CREATION IMMEDIATE 
  PCTFREE 10 PCTUSED 40 INITRANS 1 MAXTRANS 255 
 NOCOMPRESS LOGGING
  STORAGE(INITIAL 65536 NEXT 1048576 MINEXTENTS 1 MAXEXTENTS 2147483645
  PCTINCREASE 0 FREELISTS 1 FREELIST GROUPS 1
  BUFFER_POOL DEFAULT FLASH_CACHE DEFAULT CELL_FLASH_CACHE DEFAULT)
  TABLESPACE "USERS" 
 LOB ("DESCRIPTION") STORE AS SECUREFILE (
  TABLESPACE "USERS" ENABLE STORAGE IN ROW CHUNK 8192
  NOCACHE LOGGING  NOCOMPRESS  KEEP_DUPLICATES 
  STORAGE(INITIAL 106496 NEXT 1048576 MINEXTENTS 1 MAXEXTENTS 2147483645
  PCTINCREASE 0
  BUFFER_POOL DEFAULT FLASH_CACHE DEFAULT CELL_FLASH_CACHE DEFAULT)) ;
--------------------------------------------------------
--  DDL for Table TBL_CART
--------------------------------------------------------

  CREATE TABLE "ADMIN"."TBL_CART" 
   (	"CART_ID" NUMBER GENERATED BY DEFAULT ON NULL AS IDENTITY MINVALUE 1 MAXVALUE 9999999999999999999999999999 INCREMENT BY 1 START WITH 1 CACHE 20 NOORDER  NOCYCLE  NOKEEP  NOSCALE , 
	"USER_ID" VARCHAR2(20 BYTE), 
	"BOOK_ID" NUMBER, 
	"QUANTITY" NUMBER, 
	"ADDED_AT" DATE DEFAULT SYSDATE
   ) SEGMENT CREATION IMMEDIATE 
  PCTFREE 10 PCTUSED 40 INITRANS 1 MAXTRANS 255 
 NOCOMPRESS LOGGING
  STORAGE(INITIAL 65536 NEXT 1048576 MINEXTENTS 1 MAXEXTENTS 2147483645
  PCTINCREASE 0 FREELISTS 1 FREELIST GROUPS 1
  BUFFER_POOL DEFAULT FLASH_CACHE DEFAULT CELL_FLASH_CACHE DEFAULT)
  TABLESPACE "USERS" ;
--------------------------------------------------------
--  DDL for Table TBL_CATEGORIES
--------------------------------------------------------

  CREATE TABLE "ADMIN"."TBL_CATEGORIES" 
   (	"CATEGORY_ID" NUMBER, 
	"CATEGORY_NAME" VARCHAR2(100 BYTE), 
	"CATEGORY1" VARCHAR2(500 BYTE)
   ) SEGMENT CREATION DEFERRED 
  PCTFREE 10 PCTUSED 40 INITRANS 1 MAXTRANS 255 
 NOCOMPRESS LOGGING
  TABLESPACE "USERS" ;
--------------------------------------------------------
--  DDL for Table TBL_FAQ
--------------------------------------------------------

  CREATE TABLE "ADMIN"."TBL_FAQ" 
   (	"FAQ_ID" NUMBER(*,0), 
	"QUESTION" VARCHAR2(50 BYTE), 
	"ANSWER" VARCHAR2(50 BYTE), 
	"CATEGORY" VARCHAR2(50 BYTE), 
	"CREATED_AT" DATE DEFAULT CURRENT_TIMESTAMP, 
	"UPDATED_AT" DATE DEFAULT NULL
   ) SEGMENT CREATION IMMEDIATE 
  PCTFREE 10 PCTUSED 40 INITRANS 1 MAXTRANS 255 
 NOCOMPRESS LOGGING
  STORAGE(INITIAL 65536 NEXT 1048576 MINEXTENTS 1 MAXEXTENTS 2147483645
  PCTINCREASE 0 FREELISTS 1 FREELIST GROUPS 1
  BUFFER_POOL DEFAULT FLASH_CACHE DEFAULT CELL_FLASH_CACHE DEFAULT)
  TABLESPACE "USERS" 
 LOB ("QUESTION") STORE AS SECUREFILE (
  TABLESPACE "USERS" ENABLE STORAGE IN ROW CHUNK 8192
  NOCACHE LOGGING  NOCOMPRESS  KEEP_DUPLICATES 
  STORAGE(INITIAL 106496 NEXT 1048576 MINEXTENTS 1 MAXEXTENTS 2147483645
  PCTINCREASE 0
  BUFFER_POOL DEFAULT FLASH_CACHE DEFAULT CELL_FLASH_CACHE DEFAULT)) 
 LOB ("ANSWER") STORE AS SECUREFILE (
  TABLESPACE "USERS" ENABLE STORAGE IN ROW CHUNK 8192
  NOCACHE LOGGING  NOCOMPRESS  KEEP_DUPLICATES 
  STORAGE(INITIAL 106496 NEXT 1048576 MINEXTENTS 1 MAXEXTENTS 2147483645
  PCTINCREASE 0
  BUFFER_POOL DEFAULT FLASH_CACHE DEFAULT CELL_FLASH_CACHE DEFAULT)) ;
--------------------------------------------------------
--  DDL for Table TBL_INQUIRY
--------------------------------------------------------

  CREATE TABLE "ADMIN"."TBL_INQUIRY" 
   (	"INQUIRY_ID" NUMBER, 
	"CATEGORY" VARCHAR2(50 BYTE), 
	"TITLE" VARCHAR2(255 BYTE), 
	"MESSAGE" VARCHAR2(50 BYTE), 
	"CREATED_AT" DATE DEFAULT CURRENT_TIMESTAMP, 
	"UPDATED_AT" DATE DEFAULT NULL, 
	"USER_ID" VARCHAR2(20 BYTE), 
	"ANSWER" VARCHAR2(50 BYTE) DEFAULT '대기'
   ) SEGMENT CREATION IMMEDIATE 
  PCTFREE 10 PCTUSED 40 INITRANS 1 MAXTRANS 255 
 NOCOMPRESS LOGGING
  STORAGE(INITIAL 65536 NEXT 1048576 MINEXTENTS 1 MAXEXTENTS 2147483645
  PCTINCREASE 0 FREELISTS 1 FREELIST GROUPS 1
  BUFFER_POOL DEFAULT FLASH_CACHE DEFAULT CELL_FLASH_CACHE DEFAULT)
  TABLESPACE "USERS" 
 LOB ("MESSAGE") STORE AS SECUREFILE (
  TABLESPACE "USERS" ENABLE STORAGE IN ROW CHUNK 8192
  NOCACHE LOGGING  NOCOMPRESS  KEEP_DUPLICATES 
  STORAGE(INITIAL 106496 NEXT 1048576 MINEXTENTS 1 MAXEXTENTS 2147483645
  PCTINCREASE 0
  BUFFER_POOL DEFAULT FLASH_CACHE DEFAULT CELL_FLASH_CACHE DEFAULT)) ;

   COMMENT ON COLUMN "ADMIN"."TBL_INQUIRY"."INQUIRY_ID" IS '문의 id';
   COMMENT ON COLUMN "ADMIN"."TBL_INQUIRY"."CATEGORY" IS '문의 유형';
   COMMENT ON COLUMN "ADMIN"."TBL_INQUIRY"."TITLE" IS '제목';
   COMMENT ON COLUMN "ADMIN"."TBL_INQUIRY"."MESSAGE" IS '내용';
   COMMENT ON COLUMN "ADMIN"."TBL_INQUIRY"."CREATED_AT" IS '작성일';
   COMMENT ON COLUMN "ADMIN"."TBL_INQUIRY"."ANSWER" IS '답변 상태';
--------------------------------------------------------
--  DDL for Table TBL_LIKES
--------------------------------------------------------

  CREATE TABLE "ADMIN"."TBL_LIKES" 
   (	"LIKEID" NUMBER, 
	"LIKEUSERID" VARCHAR2(50 BYTE), 
	"TARGETID" NUMBER, 
	"TARGETTYPE" VARCHAR2(50 BYTE), 
	"LIKEDATE" DATE DEFAULT NULL
   ) SEGMENT CREATION IMMEDIATE 
  PCTFREE 10 PCTUSED 40 INITRANS 1 MAXTRANS 255 
 NOCOMPRESS LOGGING
  STORAGE(INITIAL 65536 NEXT 1048576 MINEXTENTS 1 MAXEXTENTS 2147483645
  PCTINCREASE 0 FREELISTS 1 FREELIST GROUPS 1
  BUFFER_POOL DEFAULT FLASH_CACHE DEFAULT CELL_FLASH_CACHE DEFAULT)
  TABLESPACE "USERS" ;
--------------------------------------------------------
--  DDL for Table TBL_MESSAGE
--------------------------------------------------------

  CREATE TABLE "ADMIN"."TBL_MESSAGE" 
   (	"MESSAGEID" NUMBER, 
	"MESSAGESTUDYGROUPID" NUMBER, 
	"MESSAGEUSERID" VARCHAR2(50 BYTE), 
	"MESSAGECONTENT" CLOB, 
	"MESSAGETYPE" VARCHAR2(20 BYTE), 
	"MESSAGECREATEDDATE" DATE DEFAULT SYSTIMESTAMP, 
	"MESSAGEISDELETED" VARCHAR2(20 BYTE) DEFAULT 'N'  -- 삭제 여부 ('N' = 삭제되지 않음, 'Y' = 삭제됨)

   ) SEGMENT CREATION IMMEDIATE 
  PCTFREE 10 PCTUSED 40 INITRANS 1 MAXTRANS 255 
 NOCOMPRESS LOGGING
  STORAGE(INITIAL 65536 NEXT 1048576 MINEXTENTS 1 MAXEXTENTS 2147483645
  PCTINCREASE 0 FREELISTS 1 FREELIST GROUPS 1
  BUFFER_POOL DEFAULT FLASH_CACHE DEFAULT CELL_FLASH_CACHE DEFAULT)
  TABLESPACE "USERS" 
 LOB ("MESSAGECONTENT") STORE AS SECUREFILE (
  TABLESPACE "USERS" ENABLE STORAGE IN ROW CHUNK 8192
  NOCACHE LOGGING  NOCOMPRESS  KEEP_DUPLICATES 
  STORAGE(INITIAL 106496 NEXT 1048576 MINEXTENTS 1 MAXEXTENTS 2147483645
  PCTINCREASE 0
  BUFFER_POOL DEFAULT FLASH_CACHE DEFAULT CELL_FLASH_CACHE DEFAULT)) ;
--------------------------------------------------------
--  DDL for Table TBL_NOTICE
--------------------------------------------------------

  CREATE TABLE "ADMIN"."TBL_NOTICE" 
   (	"NOTICE_ID" NUMBER, 
	"TITLE" VARCHAR2(255 BYTE), 
	"CONTENT" CLOB, 
	"AUTHOR" VARCHAR2(100 BYTE), 
	"HIT" NUMBER DEFAULT 0, 
	"CATEGORY" VARCHAR2(50 BYTE) DEFAULT '공지사항', 
	"CREATED_AT" TIMESTAMP (6) DEFAULT CURRENT_TIMESTAMP, 
	"UPDATED_AT" TIMESTAMP (6) DEFAULT NULL
   ) SEGMENT CREATION IMMEDIATE 
  PCTFREE 10 PCTUSED 40 INITRANS 1 MAXTRANS 255 
 NOCOMPRESS LOGGING
  STORAGE(INITIAL 65536 NEXT 1048576 MINEXTENTS 1 MAXEXTENTS 2147483645
  PCTINCREASE 0 FREELISTS 1 FREELIST GROUPS 1
  BUFFER_POOL DEFAULT FLASH_CACHE DEFAULT CELL_FLASH_CACHE DEFAULT)
  TABLESPACE "USERS" 
 LOB ("CONTENT") STORE AS SECUREFILE (
  TABLESPACE "USERS" ENABLE STORAGE IN ROW CHUNK 8192
  NOCACHE LOGGING  NOCOMPRESS  KEEP_DUPLICATES 
  STORAGE(INITIAL 106496 NEXT 1048576 MINEXTENTS 1 MAXEXTENTS 2147483645
  PCTINCREASE 0
  BUFFER_POOL DEFAULT FLASH_CACHE DEFAULT CELL_FLASH_CACHE DEFAULT)) ;
--------------------------------------------------------
--  DDL for Table TBL_NOTIFICATION
--------------------------------------------------------

  CREATE TABLE "ADMIN"."TBL_NOTIFICATION" 
   (	"NOTIFICATION_ID" NUMBER GENERATED BY DEFAULT AS IDENTITY MINVALUE 1 MAXVALUE 9999999999999999999999999999 INCREMENT BY 1 START WITH 1 CACHE 20 NOORDER  NOCYCLE  NOKEEP  NOSCALE , 
	"BOARD_NO" VARCHAR2(200 BYTE), 
	"CATEGORY" VARCHAR2(50 BYTE), 
	"USER_ID" VARCHAR2(20 BYTE), 
	"STATUS" VARCHAR2(20 BYTE) DEFAULT NULL, 
	"CNT" NUMBER DEFAULT 0, 
	"CREATED_DATE" DATE DEFAULT (SYSDATE +9/24), 
	"MESSAGE" VARCHAR2(200 BYTE)
   ) SEGMENT CREATION IMMEDIATE 
  PCTFREE 10 PCTUSED 40 INITRANS 1 MAXTRANS 255 
 NOCOMPRESS LOGGING
  STORAGE(INITIAL 65536 NEXT 1048576 MINEXTENTS 1 MAXEXTENTS 2147483645
  PCTINCREASE 0 FREELISTS 1 FREELIST GROUPS 1
  BUFFER_POOL DEFAULT FLASH_CACHE DEFAULT CELL_FLASH_CACHE DEFAULT)
  TABLESPACE "USERS" ;
--------------------------------------------------------
--  DDL for Table TBL_ORDER
--------------------------------------------------------

  CREATE TABLE "ADMIN"."TBL_ORDER" 
   (	"ORDER_ID" VARCHAR2(200 BYTE), 
	"USER_ID" VARCHAR2(100 BYTE), 
	"ORDER_DATE" DATE DEFAULT SYSDATE+9/24, 
	"SHIPPING_ADDRESS" NUMBER, 
	"STATUS" VARCHAR2(100 BYTE) DEFAULT '주문 완료', 
	"ARRIVED_DATE" DATE DEFAULT SYSDATE+(3+9/24), 
	"IMP" VARCHAR2(200 BYTE)
   ) SEGMENT CREATION IMMEDIATE 
  PCTFREE 10 PCTUSED 40 INITRANS 1 MAXTRANS 255 
 NOCOMPRESS LOGGING
  STORAGE(INITIAL 65536 NEXT 1048576 MINEXTENTS 1 MAXEXTENTS 2147483645
  PCTINCREASE 0 FREELISTS 1 FREELIST GROUPS 1
  BUFFER_POOL DEFAULT FLASH_CACHE DEFAULT CELL_FLASH_CACHE DEFAULT)
  TABLESPACE "USERS" ;
--------------------------------------------------------
--  DDL for Table TBL_ORDER_ITEM
--------------------------------------------------------

  CREATE TABLE "ADMIN"."TBL_ORDER_ITEM" 
   (	"ORDER_ID" VARCHAR2(200 BYTE), 
	"BOOK_ID" NUMBER, 
	"QUANTITY" NUMBER, 
	"PRICE" NUMBER, 
	"STATUS" VARCHAR2(100 BYTE) DEFAULT ''
   ) SEGMENT CREATION IMMEDIATE 
  PCTFREE 10 PCTUSED 40 INITRANS 1 MAXTRANS 255 
 NOCOMPRESS LOGGING
  STORAGE(INITIAL 65536 NEXT 1048576 MINEXTENTS 1 MAXEXTENTS 2147483645
  PCTINCREASE 0 FREELISTS 1 FREELIST GROUPS 1
  BUFFER_POOL DEFAULT FLASH_CACHE DEFAULT CELL_FLASH_CACHE DEFAULT)
  TABLESPACE "USERS" ;
--------------------------------------------------------
--  DDL for Table TBL_REFUND
--------------------------------------------------------

  CREATE TABLE "ADMIN"."TBL_REFUND" 
   (	"REFUND_ID" VARCHAR2(200 BYTE), 
	"ORDER_ID" VARCHAR2(200 BYTE), 
	"REASON" VARCHAR2(200 BYTE), 
	"CREATED_DATE" DATE DEFAULT SYSDATE+9/24, 
	"UPDATE_DATE" DATE DEFAULT NULL, 
	"REFUND_FILE" NUMBER DEFAULT -1
   ) SEGMENT CREATION IMMEDIATE 
  PCTFREE 10 PCTUSED 40 INITRANS 1 MAXTRANS 255 
 NOCOMPRESS LOGGING
  STORAGE(INITIAL 65536 NEXT 1048576 MINEXTENTS 1 MAXEXTENTS 2147483645
  PCTINCREASE 0 FREELISTS 1 FREELIST GROUPS 1
  BUFFER_POOL DEFAULT FLASH_CACHE DEFAULT CELL_FLASH_CACHE DEFAULT)
  TABLESPACE "USERS" ;
--------------------------------------------------------
--  DDL for Table TBL_REFUND_ITEM
--------------------------------------------------------

  CREATE TABLE "ADMIN"."TBL_REFUND_ITEM" 
   (	"REFUND_ID" VARCHAR2(200 BYTE), 
	"BOOK_ID" NUMBER, 
	"QUANTITY" NUMBER, 
	"STATUS" VARCHAR2(100 BYTE) DEFAULT '환불 대기', 
	"REJECT_COMMENT" VARCHAR2(200 BYTE), 
	"REFUND_REASON" CLOB
   ) SEGMENT CREATION IMMEDIATE 
  PCTFREE 10 PCTUSED 40 INITRANS 1 MAXTRANS 255 
 NOCOMPRESS LOGGING
  STORAGE(INITIAL 65536 NEXT 1048576 MINEXTENTS 1 MAXEXTENTS 2147483645
  PCTINCREASE 0 FREELISTS 1 FREELIST GROUPS 1
  BUFFER_POOL DEFAULT FLASH_CACHE DEFAULT CELL_FLASH_CACHE DEFAULT)
  TABLESPACE "USERS" 
 LOB ("REFUND_REASON") STORE AS SECUREFILE (
  TABLESPACE "USERS" ENABLE STORAGE IN ROW CHUNK 8192
  NOCACHE LOGGING  NOCOMPRESS  KEEP_DUPLICATES 
  STORAGE(INITIAL 106496 NEXT 1048576 MINEXTENTS 1 MAXEXTENTS 2147483645
  PCTINCREASE 0
  BUFFER_POOL DEFAULT FLASH_CACHE DEFAULT CELL_FLASH_CACHE DEFAULT)) ;
--------------------------------------------------------
--  DDL for Table TBL_REFUND_REASON_LIST
--------------------------------------------------------

  CREATE TABLE "ADMIN"."TBL_REFUND_REASON_LIST" 
   (	"REASON_ID" NUMBER, 
	"REASON_TEXT" VARCHAR2(500 BYTE), 
	"TEXTAREA" VARCHAR2(200 BYTE) DEFAULT 'N', 
	"FILE_UPLOAD" CHAR(1 BYTE), 
	"PARENT_REASON_ID" NUMBER
   ) SEGMENT CREATION IMMEDIATE 
  PCTFREE 10 PCTUSED 40 INITRANS 1 MAXTRANS 255 
 NOCOMPRESS LOGGING
  STORAGE(INITIAL 65536 NEXT 1048576 MINEXTENTS 1 MAXEXTENTS 2147483645
  PCTINCREASE 0 FREELISTS 1 FREELIST GROUPS 1
  BUFFER_POOL DEFAULT FLASH_CACHE DEFAULT CELL_FLASH_CACHE DEFAULT)
  TABLESPACE "USERS" ;
--------------------------------------------------------
--  DDL for Table TBL_REVIEW
--------------------------------------------------------

  CREATE TABLE "ADMIN"."TBL_REVIEW" 
   (	"REVIEW_ID" NUMBER GENERATED BY DEFAULT AS IDENTITY MINVALUE 1 MAXVALUE 9999999999999999999999999999 INCREMENT BY 1 START WITH 1 CACHE 20 NOORDER  NOCYCLE  NOKEEP  NOSCALE , 
	"USER_ID" VARCHAR2(20 BYTE), 
	"BOOK_ID" NUMBER, 
	"RATING" NUMBER, 
	"REVIEW_COMMENT" CLOB, 
	"CREATED_AT" TIMESTAMP (6) DEFAULT CURRENT_TIMESTAMP
   ) SEGMENT CREATION IMMEDIATE 
  PCTFREE 10 PCTUSED 40 INITRANS 1 MAXTRANS 255 
 NOCOMPRESS LOGGING
  STORAGE(INITIAL 65536 NEXT 1048576 MINEXTENTS 1 MAXEXTENTS 2147483645
  PCTINCREASE 0 FREELISTS 1 FREELIST GROUPS 1
  BUFFER_POOL DEFAULT FLASH_CACHE DEFAULT CELL_FLASH_CACHE DEFAULT)
  TABLESPACE "USERS" 
 LOB ("REVIEW_COMMENT") STORE AS SECUREFILE (
  TABLESPACE "USERS" ENABLE STORAGE IN ROW CHUNK 8192
  NOCACHE LOGGING  NOCOMPRESS  KEEP_DUPLICATES 
  STORAGE(INITIAL 106496 NEXT 1048576 MINEXTENTS 1 MAXEXTENTS 2147483645
  PCTINCREASE 0
  BUFFER_POOL DEFAULT FLASH_CACHE DEFAULT CELL_FLASH_CACHE DEFAULT)) ;
--------------------------------------------------------
--  DDL for Table TBL_STUDY_APPLICATION
--------------------------------------------------------

  CREATE TABLE "ADMIN"."TBL_STUDY_APPLICATION" 
   (	"FETCHAPPLICATIONID" NUMBER, 
	"FETCHAPPSTUDYID" NUMBER, 
	"FETCHAPPUSERID" VARCHAR2(50 BYTE), 
	"SELFINTRO" VARCHAR2(1000 BYTE), 
	"STUDYGOAL" VARCHAR2(1000 BYTE), 
	"STUSTATUS" VARCHAR2(30 BYTE) DEFAULT 'user', 
	"ADDITIONALQUESTIONS" VARCHAR2(1000 BYTE), 
	"FETCHAPPLICATION_DATE" DATE DEFAULT SYSDATE -- 신청 날짜
, 
	"FETCHAPPLSTATUS" VARCHAR2(20 BYTE) DEFAULT 'N', 
	"REJECTIONMESSAGE" VARCHAR2(200 BYTE), 
	"SGHIDE" VARCHAR2(20 BYTE) DEFAULT 'N'
   ) SEGMENT CREATION IMMEDIATE 
  PCTFREE 10 PCTUSED 40 INITRANS 1 MAXTRANS 255 
 NOCOMPRESS LOGGING
  STORAGE(INITIAL 65536 NEXT 1048576 MINEXTENTS 1 MAXEXTENTS 2147483645
  PCTINCREASE 0 FREELISTS 1 FREELIST GROUPS 1
  BUFFER_POOL DEFAULT FLASH_CACHE DEFAULT CELL_FLASH_CACHE DEFAULT)
  TABLESPACE "USERS" ;
--------------------------------------------------------
--  DDL for Table TBL_STUDY_GROUP
--------------------------------------------------------

  CREATE TABLE "ADMIN"."TBL_STUDY_GROUP" 
   (	"STUDY_GROUP_ID" NUMBER(*,0), 
	"STUDY_ADMIN_ID" VARCHAR2(100 BYTE), 
	"SUBJECT_TYPE_ID" NUMBER(*,0), 
	"STUDY_NAME" VARCHAR2(50 BYTE), 
	"DESCRIPTION" VARCHAR2(1000 BYTE), 
	"RELATED_BOOK" VARCHAR2(50 BYTE), 
	"ONOFFMODE" VARCHAR2(20 BYTE), 
	"PARTICIPANTS" NUMBER(*,0) DEFAULT NULL, 
	"MAX_PARTICIPANTS" NUMBER(*,0), 
	"GROUPSTATUS" VARCHAR2(20 BYTE) DEFAULT 'N', 
	"STARTDATE" DATE, 
	"ENDDATE" DATE, 
	"STUDYTIME" DATE, 
	"AGE" VARCHAR2(50 BYTE), 
	"GROUPPASSWORD" VARCHAR2(255 BYTE), 
	"MYPAGE_STATUS" CHAR(1 BYTE) DEFAULT 'N', 
	"GENDERGROUP" VARCHAR2(20 BYTE), 
	"GROUPPUBLIC" VARCHAR2(20 BYTE), 
	"RELATEDBOOKDIRECT" VARCHAR2(255 BYTE), 
	"CREATEDATE" DATE DEFAULT SYSDATE + (9/24)
   ) SEGMENT CREATION IMMEDIATE 
  PCTFREE 10 PCTUSED 40 INITRANS 1 MAXTRANS 255 
 NOCOMPRESS LOGGING
  STORAGE(INITIAL 65536 NEXT 1048576 MINEXTENTS 1 MAXEXTENTS 2147483645
  PCTINCREASE 0 FREELISTS 1 FREELIST GROUPS 1
  BUFFER_POOL DEFAULT FLASH_CACHE DEFAULT CELL_FLASH_CACHE DEFAULT)
  TABLESPACE "USERS" ;
--------------------------------------------------------
--  DDL for Table TBL_STU_COMM
--------------------------------------------------------

  CREATE TABLE "ADMIN"."TBL_STU_COMM" 
   (	"BOARD_ID" NUMBER, 
	"BOARD_TYPE" NUMBER, 
	"TITLE" VARCHAR2(100 BYTE), 
	"CONTENT" CLOB, 
	"AUTHOR" VARCHAR2(50 BYTE), 
	"CREATED_DATE" DATE, 
	"UPDATE_DATE" DATE, 
	"VIEWS" NUMBER DEFAULT 0, 
	"LIKES" NUMBER DEFAULT 0                -- 좋아요 수	
, 
	"BOARD_STATUS" VARCHAR2(20 BYTE) DEFAULT 'N'
   ) SEGMENT CREATION IMMEDIATE 
  PCTFREE 10 PCTUSED 40 INITRANS 1 MAXTRANS 255 
 NOCOMPRESS LOGGING
  STORAGE(INITIAL 65536 NEXT 1048576 MINEXTENTS 1 MAXEXTENTS 2147483645
  PCTINCREASE 0 FREELISTS 1 FREELIST GROUPS 1
  BUFFER_POOL DEFAULT FLASH_CACHE DEFAULT CELL_FLASH_CACHE DEFAULT)
  TABLESPACE "USERS" 
 LOB ("CONTENT") STORE AS SECUREFILE (
  TABLESPACE "USERS" ENABLE STORAGE IN ROW CHUNK 8192
  NOCACHE LOGGING  NOCOMPRESS  KEEP_DUPLICATES 
  STORAGE(INITIAL 106496 NEXT 1048576 MINEXTENTS 1 MAXEXTENTS 2147483645
  PCTINCREASE 0
  BUFFER_POOL DEFAULT FLASH_CACHE DEFAULT CELL_FLASH_CACHE DEFAULT)) ;
--------------------------------------------------------
--  DDL for Table TBL_STU_COMMENTS
--------------------------------------------------------

  CREATE TABLE "ADMIN"."TBL_STU_COMMENTS" 
   (	"COMMENT_ID" NUMBER, 
	"POST_ID" NUMBER, 
	"CONTENT" CLOB, 
	"AUTHOR" VARCHAR2(50 BYTE), 
	"CREATED_DATE" DATE, 
	"UPDATE_DATE" DATE, 
	"PARENT_COMMENT_ID" NUMBER, 
	"COMMENTSTATUS" VARCHAR2(20 BYTE) DEFAULT 'N', 
	"UPMODE" VARCHAR2(20 BYTE) DEFAULT 'N', 
	"REMODE" VARCHAR2(20 BYTE) DEFAULT 'N'
   ) SEGMENT CREATION IMMEDIATE 
  PCTFREE 10 PCTUSED 40 INITRANS 1 MAXTRANS 255 
 NOCOMPRESS LOGGING
  STORAGE(INITIAL 65536 NEXT 1048576 MINEXTENTS 1 MAXEXTENTS 2147483645
  PCTINCREASE 0 FREELISTS 1 FREELIST GROUPS 1
  BUFFER_POOL DEFAULT FLASH_CACHE DEFAULT CELL_FLASH_CACHE DEFAULT)
  TABLESPACE "USERS" 
 LOB ("CONTENT") STORE AS SECUREFILE (
  TABLESPACE "USERS" ENABLE STORAGE IN ROW CHUNK 8192
  NOCACHE LOGGING  NOCOMPRESS  KEEP_DUPLICATES 
  STORAGE(INITIAL 106496 NEXT 1048576 MINEXTENTS 1 MAXEXTENTS 2147483645
  PCTINCREASE 0
  BUFFER_POOL DEFAULT FLASH_CACHE DEFAULT CELL_FLASH_CACHE DEFAULT)) ;
--------------------------------------------------------
--  DDL for Table TBL_STU_COMM_BOARD_TYPES
--------------------------------------------------------

  CREATE TABLE "ADMIN"."TBL_STU_COMM_BOARD_TYPES" 
   (	"BOARD_TYPE_ID" NUMBER(*,0), 
	"NAME" VARCHAR2(50 BYTE), 
	"PART" NUMBER(*,0), 
	"FULLVIEW" VARCHAR2(20 BYTE) DEFAULT 1000
   ) SEGMENT CREATION IMMEDIATE 
  PCTFREE 10 PCTUSED 40 INITRANS 1 MAXTRANS 255 
 NOCOMPRESS LOGGING
  STORAGE(INITIAL 65536 NEXT 1048576 MINEXTENTS 1 MAXEXTENTS 2147483645
  PCTINCREASE 0 FREELISTS 1 FREELIST GROUPS 1
  BUFFER_POOL DEFAULT FLASH_CACHE DEFAULT CELL_FLASH_CACHE DEFAULT)
  TABLESPACE "USERS" ;
--------------------------------------------------------
--  DDL for Table TBL_USER
--------------------------------------------------------

  CREATE TABLE "ADMIN"."TBL_USER" 
   (	"USER_ID" VARCHAR2(20 BYTE), 
	"USER_NAME" VARCHAR2(50 BYTE), 
	"USER_NICKNAME" VARCHAR2(50 BYTE), 
	"PASSWORD" VARCHAR2(20 BYTE), 
	"EMAIL" VARCHAR2(100 BYTE), 
	"BAN" VARCHAR2(20 BYTE) DEFAULT 'N', 
	"STATUS" VARCHAR2(20 BYTE) DEFAULT 'USER', 
	"CREATED_DATE" TIMESTAMP (6) DEFAULT CURRENT_TIMESTAMP, 
	"UPDATE_DATE" TIMESTAMP (6) DEFAULT CURRENT_TIMESTAMP, 
	"BIRTH" VARCHAR2(100 BYTE), 
	"GENDER" VARCHAR2(20 BYTE), 
	"PHONE" VARCHAR2(100 BYTE), 
	"USER_NO" VARCHAR2(20 BYTE)
   ) SEGMENT CREATION IMMEDIATE 
  PCTFREE 10 PCTUSED 40 INITRANS 1 MAXTRANS 255 
 NOCOMPRESS LOGGING
  STORAGE(INITIAL 65536 NEXT 1048576 MINEXTENTS 1 MAXEXTENTS 2147483645
  PCTINCREASE 0 FREELISTS 1 FREELIST GROUPS 1
  BUFFER_POOL DEFAULT FLASH_CACHE DEFAULT CELL_FLASH_CACHE DEFAULT)
  TABLESPACE "USERS" ;
REM INSERTING into ADMIN.TBL_ADDRESS
SET DEFINE OFF;
Insert into ADMIN.TBL_ADDRESS (ADDRESS_NO,USER_ID,USER_NAME,PHONE,ADDRESS,ADDRESS_DETAIL,ZONECODE,DEFAULTYN,REQCOMMENT,ENTRANCE_PASSWORD,SAVEYN) values (124,'admin','.','01012341234','서울 강남구 학동로12길 5','안녕아파트 12동 34호',6111,'N','ㅁㄴㄹ','ㅁㄴㄹ','N');
Insert into ADMIN.TBL_ADDRESS (ADDRESS_NO,USER_ID,USER_NAME,PHONE,ADDRESS,ADDRESS_DETAIL,ZONECODE,DEFAULTYN,REQCOMMENT,ENTRANCE_PASSWORD,SAVEYN) values (305,'hbhyun3','황보현','01090152361','서울 은평구 갈현로45가길 1','안녕아파트 1동 1호',3315,'Y',null,null,'Y');
Insert into ADMIN.TBL_ADDRESS (ADDRESS_NO,USER_ID,USER_NAME,PHONE,ADDRESS,ADDRESS_DETAIL,ZONECODE,DEFAULTYN,REQCOMMENT,ENTRANCE_PASSWORD,SAVEYN) values (324,'dfsjkljsdfak1234','asdf',null,'서울 강동구 양재대로123길 7',null,5315,'Y',null,null,'Y');
Insert into ADMIN.TBL_ADDRESS (ADDRESS_NO,USER_ID,USER_NAME,PHONE,ADDRESS,ADDRESS_DETAIL,ZONECODE,DEFAULTYN,REQCOMMENT,ENTRANCE_PASSWORD,SAVEYN) values (325,'hbhyun67','황보현','01090152361','서울 강동구 양재대로123길 7',null,5315,'Y',null,null,'Y');
Insert into ADMIN.TBL_ADDRESS (ADDRESS_NO,USER_ID,USER_NAME,PHONE,ADDRESS,ADDRESS_DETAIL,ZONECODE,DEFAULTYN,REQCOMMENT,ENTRANCE_PASSWORD,SAVEYN) values (327,null,null,null,'인천 중구 운서4로 2',null,22375,'Y',null,null,'Y');
Insert into ADMIN.TBL_ADDRESS (ADDRESS_NO,USER_ID,USER_NAME,PHONE,ADDRESS,ADDRESS_DETAIL,ZONECODE,DEFAULTYN,REQCOMMENT,ENTRANCE_PASSWORD,SAVEYN) values (328,null,null,null,'인천 중구 운서4로 2',null,22375,'Y',null,null,'Y');
Insert into ADMIN.TBL_ADDRESS (ADDRESS_NO,USER_ID,USER_NAME,PHONE,ADDRESS,ADDRESS_DETAIL,ZONECODE,DEFAULTYN,REQCOMMENT,ENTRANCE_PASSWORD,SAVEYN) values (126,'admin','.','.ㄴㅇ','서울 강남구 학동로12길 5','안녕아파트 12동 34호',6111,'N','12','12','N');
Insert into ADMIN.TBL_ADDRESS (ADDRESS_NO,USER_ID,USER_NAME,PHONE,ADDRESS,ADDRESS_DETAIL,ZONECODE,DEFAULTYN,REQCOMMENT,ENTRANCE_PASSWORD,SAVEYN) values (329,null,null,null,'인천 중구 운서4로 18','ㅇㅇ',22375,'Y',null,null,'Y');
Insert into ADMIN.TBL_ADDRESS (ADDRESS_NO,USER_ID,USER_NAME,PHONE,ADDRESS,ADDRESS_DETAIL,ZONECODE,DEFAULTYN,REQCOMMENT,ENTRANCE_PASSWORD,SAVEYN) values (330,'dddddddd12','ddddddd','010-91145-8604','인천 중구 운서4로 18',null,22375,'Y',null,null,'Y');
Insert into ADMIN.TBL_ADDRESS (ADDRESS_NO,USER_ID,USER_NAME,PHONE,ADDRESS,ADDRESS_DETAIL,ZONECODE,DEFAULTYN,REQCOMMENT,ENTRANCE_PASSWORD,SAVEYN) values (331,null,null,null,'인천 중구 운서4로 18',null,22375,'Y',null,null,'Y');
Insert into ADMIN.TBL_ADDRESS (ADDRESS_NO,USER_ID,USER_NAME,PHONE,ADDRESS,ADDRESS_DETAIL,ZONECODE,DEFAULTYN,REQCOMMENT,ENTRANCE_PASSWORD,SAVEYN) values (332,null,null,null,'강원특별자치도 정선군 정선읍 5일장길 8',null,26130,'Y',null,null,'Y');
Insert into ADMIN.TBL_ADDRESS (ADDRESS_NO,USER_ID,USER_NAME,PHONE,ADDRESS,ADDRESS_DETAIL,ZONECODE,DEFAULTYN,REQCOMMENT,ENTRANCE_PASSWORD,SAVEYN) values (345,null,null,null,'서울 성동구 서울숲길 17',null,4766,'Y',null,null,'Y');
Insert into ADMIN.TBL_ADDRESS (ADDRESS_NO,USER_ID,USER_NAME,PHONE,ADDRESS,ADDRESS_DETAIL,ZONECODE,DEFAULTYN,REQCOMMENT,ENTRANCE_PASSWORD,SAVEYN) values (346,null,null,null,'서울 성동구 서울숲길 17',null,4766,'Y',null,null,'Y');
Insert into ADMIN.TBL_ADDRESS (ADDRESS_NO,USER_ID,USER_NAME,PHONE,ADDRESS,ADDRESS_DETAIL,ZONECODE,DEFAULTYN,REQCOMMENT,ENTRANCE_PASSWORD,SAVEYN) values (347,null,null,null,'인천 중구 운서4로 18',null,22375,'Y',null,null,'Y');
Insert into ADMIN.TBL_ADDRESS (ADDRESS_NO,USER_ID,USER_NAME,PHONE,ADDRESS,ADDRESS_DETAIL,ZONECODE,DEFAULTYN,REQCOMMENT,ENTRANCE_PASSWORD,SAVEYN) values (348,null,null,null,'인천 중구 운서4로 18',null,22375,'Y',null,null,'Y');
Insert into ADMIN.TBL_ADDRESS (ADDRESS_NO,USER_ID,USER_NAME,PHONE,ADDRESS,ADDRESS_DETAIL,ZONECODE,DEFAULTYN,REQCOMMENT,ENTRANCE_PASSWORD,SAVEYN) values (364,'dydwns020710','김용준','010-9145-8604','인천 중구 운서4로 2',null,22375,'Y',null,null,'Y');
Insert into ADMIN.TBL_ADDRESS (ADDRESS_NO,USER_ID,USER_NAME,PHONE,ADDRESS,ADDRESS_DETAIL,ZONECODE,DEFAULTYN,REQCOMMENT,ENTRANCE_PASSWORD,SAVEYN) values (365,'user01',null,null,'서울 성북구 아리랑로 3',null,2830,'Y',null,null,'Y');
Insert into ADMIN.TBL_ADDRESS (ADDRESS_NO,USER_ID,USER_NAME,PHONE,ADDRESS,ADDRESS_DETAIL,ZONECODE,DEFAULTYN,REQCOMMENT,ENTRANCE_PASSWORD,SAVEYN) values (424,'asdf1234','황보현','01099904117','인천 서구 경서동 994',null,22700,'Y',null,null,'Y');
Insert into ADMIN.TBL_ADDRESS (ADDRESS_NO,USER_ID,USER_NAME,PHONE,ADDRESS,ADDRESS_DETAIL,ZONECODE,DEFAULTYN,REQCOMMENT,ENTRANCE_PASSWORD,SAVEYN) values (465,'hbhyun3103','황보현',null,'대구 수성구 달구벌대로456길 6-4',null,42120,'Y',null,null,'Y');
Insert into ADMIN.TBL_ADDRESS (ADDRESS_NO,USER_ID,USER_NAME,PHONE,ADDRESS,ADDRESS_DETAIL,ZONECODE,DEFAULTYN,REQCOMMENT,ENTRANCE_PASSWORD,SAVEYN) values (467,'hbhyun3103','황보현','01012341234','서울 강북구 덕릉로7길 4','노을아파트 105동 678호',1094,'Y',null,null,'Y');
Insert into ADMIN.TBL_ADDRESS (ADDRESS_NO,USER_ID,USER_NAME,PHONE,ADDRESS,ADDRESS_DETAIL,ZONECODE,DEFAULTYN,REQCOMMENT,ENTRANCE_PASSWORD,SAVEYN) values (478,'dddddd1','김용준','01091458604','인천 중구 운서4로 2','11',22375,'Y',null,null,'Y');
Insert into ADMIN.TBL_ADDRESS (ADDRESS_NO,USER_ID,USER_NAME,PHONE,ADDRESS,ADDRESS_DETAIL,ZONECODE,DEFAULTYN,REQCOMMENT,ENTRANCE_PASSWORD,SAVEYN) values (504,'user17','황보현','01090152361','서울 서대문구 경기대로 9','114-503',3753,'Y',null,null,'Y');
Insert into ADMIN.TBL_ADDRESS (ADDRESS_NO,USER_ID,USER_NAME,PHONE,ADDRESS,ADDRESS_DETAIL,ZONECODE,DEFAULTYN,REQCOMMENT,ENTRANCE_PASSWORD,SAVEYN) values (215,'admin','21','01012341234','서울 강남구 학동로12길 5','안녕아파트 12동 34호',6111,'N',null,null,'N');
Insert into ADMIN.TBL_ADDRESS (ADDRESS_NO,USER_ID,USER_NAME,PHONE,ADDRESS,ADDRESS_DETAIL,ZONECODE,DEFAULTYN,REQCOMMENT,ENTRANCE_PASSWORD,SAVEYN) values (104,'admin',null,'12','서울 강남구 학동로12길 5','안녕아파트 12동 34호',6111,'N','12','12','N');
Insert into ADMIN.TBL_ADDRESS (ADDRESS_NO,USER_ID,USER_NAME,PHONE,ADDRESS,ADDRESS_DETAIL,ZONECODE,DEFAULTYN,REQCOMMENT,ENTRANCE_PASSWORD,SAVEYN) values (284,'user15','황보현','01090152361','경기 양평군 서종면 북한강로789번길 4','경남아파트 2233동 11223호',12502,'Y',null,null,'Y');
Insert into ADMIN.TBL_ADDRESS (ADDRESS_NO,USER_ID,USER_NAME,PHONE,ADDRESS,ADDRESS_DETAIL,ZONECODE,DEFAULTYN,REQCOMMENT,ENTRANCE_PASSWORD,SAVEYN) values (326,'dd',null,null,'서울 송파구 동남로 99',null,5831,'Y',null,null,'Y');
Insert into ADMIN.TBL_ADDRESS (ADDRESS_NO,USER_ID,USER_NAME,PHONE,ADDRESS,ADDRESS_DETAIL,ZONECODE,DEFAULTYN,REQCOMMENT,ENTRANCE_PASSWORD,SAVEYN) values (344,null,null,null,'서울 중랑구 양원역로 1',null,2064,'Y',null,null,'Y');
Insert into ADMIN.TBL_ADDRESS (ADDRESS_NO,USER_ID,USER_NAME,PHONE,ADDRESS,ADDRESS_DETAIL,ZONECODE,DEFAULTYN,REQCOMMENT,ENTRANCE_PASSWORD,SAVEYN) values (384,'dydwns020710','김용준','010-9145-8604','인천 서구 가경주로 10',null,22783,'Y',null,null,'Y');
Insert into ADMIN.TBL_ADDRESS (ADDRESS_NO,USER_ID,USER_NAME,PHONE,ADDRESS,ADDRESS_DETAIL,ZONECODE,DEFAULTYN,REQCOMMENT,ENTRANCE_PASSWORD,SAVEYN) values (385,'dydwns020710','김용준','01091458604','인천 강화군 강화읍 갑룡길 3',null,23036,'Y',null,null,'Y');
Insert into ADMIN.TBL_ADDRESS (ADDRESS_NO,USER_ID,USER_NAME,PHONE,ADDRESS,ADDRESS_DETAIL,ZONECODE,DEFAULTYN,REQCOMMENT,ENTRANCE_PASSWORD,SAVEYN) values (386,'dydwns020710','김용준','01091458604','인천 중구 운서4로 2','금전동101-101',22375,'Y',null,null,'Y');
Insert into ADMIN.TBL_ADDRESS (ADDRESS_NO,USER_ID,USER_NAME,PHONE,ADDRESS,ADDRESS_DETAIL,ZONECODE,DEFAULTYN,REQCOMMENT,ENTRANCE_PASSWORD,SAVEYN) values (425,'asdf1234','황보현','01045678451','인천 서구 경서동 994',null,22700,'Y',null,null,'Y');
Insert into ADMIN.TBL_ADDRESS (ADDRESS_NO,USER_ID,USER_NAME,PHONE,ADDRESS,ADDRESS_DETAIL,ZONECODE,DEFAULTYN,REQCOMMENT,ENTRANCE_PASSWORD,SAVEYN) values (426,'qwert1234','김김김','01045784545','인천 서구 경서동 994',null,22700,'Y',null,null,'Y');
Insert into ADMIN.TBL_ADDRESS (ADDRESS_NO,USER_ID,USER_NAME,PHONE,ADDRESS,ADDRESS_DETAIL,ZONECODE,DEFAULTYN,REQCOMMENT,ENTRANCE_PASSWORD,SAVEYN) values (427,'qwer1234','황현','01045678454','인천 서구 경서동 994',null,22700,'Y',null,null,'Y');
Insert into ADMIN.TBL_ADDRESS (ADDRESS_NO,USER_ID,USER_NAME,PHONE,ADDRESS,ADDRESS_DETAIL,ZONECODE,DEFAULTYN,REQCOMMENT,ENTRANCE_PASSWORD,SAVEYN) values (428,'zxc1234','김김','01045678945','인천 서구 경서동 994',null,22700,'Y',null,null,'Y');
Insert into ADMIN.TBL_ADDRESS (ADDRESS_NO,USER_ID,USER_NAME,PHONE,ADDRESS,ADDRESS_DETAIL,ZONECODE,DEFAULTYN,REQCOMMENT,ENTRANCE_PASSWORD,SAVEYN) values (429,'admin','김하유성','01012341234','서울 강동구 양재대로89길 13','무지개아파트 1198동 26777호ㅋㅋ',5405,'Y','아무것도?','없음','Y');
Insert into ADMIN.TBL_ADDRESS (ADDRESS_NO,USER_ID,USER_NAME,PHONE,ADDRESS,ADDRESS_DETAIL,ZONECODE,DEFAULTYN,REQCOMMENT,ENTRANCE_PASSWORD,SAVEYN) values (21,'admin','ㅁㄴㄹ','ㅁㄴㄹ','서울 강남구 학동로12길 5','안녕아파트 12동 34호',6111,'N','''''','''''','N');
Insert into ADMIN.TBL_ADDRESS (ADDRESS_NO,USER_ID,USER_NAME,PHONE,ADDRESS,ADDRESS_DETAIL,ZONECODE,DEFAULTYN,REQCOMMENT,ENTRANCE_PASSWORD,SAVEYN) values (23,'hbhyun07!','황보현','01090152361','제주특별자치도 서귀포시 중산간동로7894번길 5','경남아파트 2233동 11223호',63579,'Y','''''','''''','Y');
Insert into ADMIN.TBL_ADDRESS (ADDRESS_NO,USER_ID,USER_NAME,PHONE,ADDRESS,ADDRESS_DETAIL,ZONECODE,DEFAULTYN,REQCOMMENT,ENTRANCE_PASSWORD,SAVEYN) values (84,'hbhyun6','황보현','01090152361','경기 수원시 영통구 중부대로345번길 20','경남아파트 2233동 11223호',16516,'Y','''''','''''','Y');
Insert into ADMIN.TBL_ADDRESS (ADDRESS_NO,USER_ID,USER_NAME,PHONE,ADDRESS,ADDRESS_DETAIL,ZONECODE,DEFAULTYN,REQCOMMENT,ENTRANCE_PASSWORD,SAVEYN) values (264,'admin','하유성','01012341234','서울 강동구 양재대로89길 13','무지개아파트 1198동 26777호',5405,'N',null,'1234','Y');
Insert into ADMIN.TBL_ADDRESS (ADDRESS_NO,USER_ID,USER_NAME,PHONE,ADDRESS,ADDRESS_DETAIL,ZONECODE,DEFAULTYN,REQCOMMENT,ENTRANCE_PASSWORD,SAVEYN) values (387,'admin1','황보현',null,'서울 구로구 가마산로12가길 1','경기 군포시 군포로456번길 1',8309,'Y',null,null,'Y');
Insert into ADMIN.TBL_ADDRESS (ADDRESS_NO,USER_ID,USER_NAME,PHONE,ADDRESS,ADDRESS_DETAIL,ZONECODE,DEFAULTYN,REQCOMMENT,ENTRANCE_PASSWORD,SAVEYN) values (388,'admin1','황보현','01090152361','서울 은평구 갈현로45나길 1','햇살아파트 102동 334호',3315,'Y',null,null,'Y');
Insert into ADMIN.TBL_ADDRESS (ADDRESS_NO,USER_ID,USER_NAME,PHONE,ADDRESS,ADDRESS_DETAIL,ZONECODE,DEFAULTYN,REQCOMMENT,ENTRANCE_PASSWORD,SAVEYN) values (404,'hbhyun31','황보현',null,'서울 강남구 봉은사로34길 7','아파트아파트 102동 303호',6135,'Y',null,null,'Y');
Insert into ADMIN.TBL_ADDRESS (ADDRESS_NO,USER_ID,USER_NAME,PHONE,ADDRESS,ADDRESS_DETAIL,ZONECODE,DEFAULTYN,REQCOMMENT,ENTRANCE_PASSWORD,SAVEYN) values (405,'hbhyun56','황보현',null,'서울 강동구 상암로67길 5','경기 군포시 군포로456번길 1',5271,'Y',null,null,'Y');
Insert into ADMIN.TBL_ADDRESS (ADDRESS_NO,USER_ID,USER_NAME,PHONE,ADDRESS,ADDRESS_DETAIL,ZONECODE,DEFAULTYN,REQCOMMENT,ENTRANCE_PASSWORD,SAVEYN) values (24,'hbhyun31','황보현','01090152361','경기 성남시 중원구 둔촌대로456번길 7','경남아파트 2233동 11223호',13229,'Y','''''','''''','Y');
Insert into ADMIN.TBL_ADDRESS (ADDRESS_NO,USER_ID,USER_NAME,PHONE,ADDRESS,ADDRESS_DETAIL,ZONECODE,DEFAULTYN,REQCOMMENT,ENTRANCE_PASSWORD,SAVEYN) values (44,'hbhyun96','황보현','01090152361','인천 부평구 경인로890번길 4','경남아파트 2233동 11223호',21424,'Y','''''','''''','Y');
Insert into ADMIN.TBL_ADDRESS (ADDRESS_NO,USER_ID,USER_NAME,PHONE,ADDRESS,ADDRESS_DETAIL,ZONECODE,DEFAULTYN,REQCOMMENT,ENTRANCE_PASSWORD,SAVEYN) values (45,'hbhyun7','황보현','01090152361','경기 수원시 영통구 중부대로345번길 20','경남아파트 2233동 11223호',16516,'Y','''''','''''','Y');
Insert into ADMIN.TBL_ADDRESS (ADDRESS_NO,USER_ID,USER_NAME,PHONE,ADDRESS,ADDRESS_DETAIL,ZONECODE,DEFAULTYN,REQCOMMENT,ENTRANCE_PASSWORD,SAVEYN) values (304,'hbhyun09','황보현','01090152361','서울 강북구 삼양로90길 5','경남아파트 2233동 11223호',1082,'Y',null,null,'Y');
Insert into ADMIN.TBL_ADDRESS (ADDRESS_NO,USER_ID,USER_NAME,PHONE,ADDRESS,ADDRESS_DETAIL,ZONECODE,DEFAULTYN,REQCOMMENT,ENTRANCE_PASSWORD,SAVEYN) values (464,'user03','프로젝트망했어','01045784512','제주특별자치도 제주시 첨단로 4','첨단로 ',63308,'Y','저한테 따지지마세요 ','111112222','Y');
Insert into ADMIN.TBL_ADDRESS (ADDRESS_NO,USER_ID,USER_NAME,PHONE,ADDRESS,ADDRESS_DETAIL,ZONECODE,DEFAULTYN,REQCOMMENT,ENTRANCE_PASSWORD,SAVEYN) values (468,'user08','    ','010-9145-8604','인천 중구 운서4로 2','금호어울림1차 101동 101호',22375,'N','ㅇㅇㅇ','ㅇㅇ','N');
Insert into ADMIN.TBL_ADDRESS (ADDRESS_NO,USER_ID,USER_NAME,PHONE,ADDRESS,ADDRESS_DETAIL,ZONECODE,DEFAULTYN,REQCOMMENT,ENTRANCE_PASSWORD,SAVEYN) values (472,'user08','김','01091458604','인천 중구 운서4로 2','101동-101동',22375,'N','ㅇㅇ','ㅇㅇ','N');
Insert into ADMIN.TBL_ADDRESS (ADDRESS_NO,USER_ID,USER_NAME,PHONE,ADDRESS,ADDRESS_DETAIL,ZONECODE,DEFAULTYN,REQCOMMENT,ENTRANCE_PASSWORD,SAVEYN) values (477,'dydwns020710','김용준','010-9145-8604','인천 중구 운서4로 18',null,22375,'Y',null,null,'Y');
Insert into ADMIN.TBL_ADDRESS (ADDRESS_NO,USER_ID,USER_NAME,PHONE,ADDRESS,ADDRESS_DETAIL,ZONECODE,DEFAULTYN,REQCOMMENT,ENTRANCE_PASSWORD,SAVEYN) values (479,'dydwns020710','김용준','01091458604','인천 중구 운서4로 18',null,22375,'Y',null,null,'Y');
Insert into ADMIN.TBL_ADDRESS (ADDRESS_NO,USER_ID,USER_NAME,PHONE,ADDRESS,ADDRESS_DETAIL,ZONECODE,DEFAULTYN,REQCOMMENT,ENTRANCE_PASSWORD,SAVEYN) values (22,'admin','asdf','asdf','서울 강남구 학동로12길 5','안녕아파트 12동 34호',6111,'N','asdf','123','N');
Insert into ADMIN.TBL_ADDRESS (ADDRESS_NO,USER_ID,USER_NAME,PHONE,ADDRESS,ADDRESS_DETAIL,ZONECODE,DEFAULTYN,REQCOMMENT,ENTRANCE_PASSWORD,SAVEYN) values (64,'hbhyun00','황보현','01090152361','부산 서구 구덕로345번길 13','경남아파트 2233동 11223호',49226,'Y','''''','''''','Y');
Insert into ADMIN.TBL_ADDRESS (ADDRESS_NO,USER_ID,USER_NAME,PHONE,ADDRESS,ADDRESS_DETAIL,ZONECODE,DEFAULTYN,REQCOMMENT,ENTRANCE_PASSWORD,SAVEYN) values (85,'ㅁㄴㅇㄴㅁㅇ','ㄴㅁㅇ',null,'서울 강북구 4.19로12길 5',null,1012,'Y','''''','''''','Y');
Insert into ADMIN.TBL_ADDRESS (ADDRESS_NO,USER_ID,USER_NAME,PHONE,ADDRESS,ADDRESS_DETAIL,ZONECODE,DEFAULTYN,REQCOMMENT,ENTRANCE_PASSWORD,SAVEYN) values (105,'admin',null,'22','서울 강남구 학동로12길 5','안녕아파트 12동 34호',6111,'N','22','2','N');
Insert into ADMIN.TBL_ADDRESS (ADDRESS_NO,USER_ID,USER_NAME,PHONE,ADDRESS,ADDRESS_DETAIL,ZONECODE,DEFAULTYN,REQCOMMENT,ENTRANCE_PASSWORD,SAVEYN) values (106,'admin',null,'qw','서울 강남구 학동로12길 5','안녕아파트 12동 34호',6111,'N','qw','21','N');
Insert into ADMIN.TBL_ADDRESS (ADDRESS_NO,USER_ID,USER_NAME,PHONE,ADDRESS,ADDRESS_DETAIL,ZONECODE,DEFAULTYN,REQCOMMENT,ENTRANCE_PASSWORD,SAVEYN) values (107,'admin','.','.12','서울 강남구 학동로12길 5','안녕아파트 12동 34호',6111,'N','12','12','N');
Insert into ADMIN.TBL_ADDRESS (ADDRESS_NO,USER_ID,USER_NAME,PHONE,ADDRESS,ADDRESS_DETAIL,ZONECODE,DEFAULTYN,REQCOMMENT,ENTRANCE_PASSWORD,SAVEYN) values (108,'admin','.','.','서울 강남구 학동로12길 5','안녕아파트 12동 34호',6111,'N','''''','''''','N');
Insert into ADMIN.TBL_ADDRESS (ADDRESS_NO,USER_ID,USER_NAME,PHONE,ADDRESS,ADDRESS_DETAIL,ZONECODE,DEFAULTYN,REQCOMMENT,ENTRANCE_PASSWORD,SAVEYN) values (109,'admin','.','.1','서울 강남구 학동로12길 5','안녕아파트 12동 34호',6111,'N','''''','''''','N');
Insert into ADMIN.TBL_ADDRESS (ADDRESS_NO,USER_ID,USER_NAME,PHONE,ADDRESS,ADDRESS_DETAIL,ZONECODE,DEFAULTYN,REQCOMMENT,ENTRANCE_PASSWORD,SAVEYN) values (110,'admin','.','.wd','서울 강남구 학동로12길 5','안녕아파트 12동 34호',6111,'N','dw','dw','N');
Insert into ADMIN.TBL_ADDRESS (ADDRESS_NO,USER_ID,USER_NAME,PHONE,ADDRESS,ADDRESS_DETAIL,ZONECODE,DEFAULTYN,REQCOMMENT,ENTRANCE_PASSWORD,SAVEYN) values (112,'admin','.','.qw','서울 강남구 학동로12길 5','안녕아파트 12동 34호',6111,'N','12','1','N');
Insert into ADMIN.TBL_ADDRESS (ADDRESS_NO,USER_ID,USER_NAME,PHONE,ADDRESS,ADDRESS_DETAIL,ZONECODE,DEFAULTYN,REQCOMMENT,ENTRANCE_PASSWORD,SAVEYN) values (113,'admin','.','.as','서울 강남구 학동로12길 5','안녕아파트 12동 34호',6111,'N','as','as','Y');
Insert into ADMIN.TBL_ADDRESS (ADDRESS_NO,USER_ID,USER_NAME,PHONE,ADDRESS,ADDRESS_DETAIL,ZONECODE,DEFAULTYN,REQCOMMENT,ENTRANCE_PASSWORD,SAVEYN) values (125,'hbhyun31','황보현','01090152361','서울 강남구 논현로67길 6','경남아파트 2034동 105호',6248,'Y','''''','''''','Y');
Insert into ADMIN.TBL_ADDRESS (ADDRESS_NO,USER_ID,USER_NAME,PHONE,ADDRESS,ADDRESS_DETAIL,ZONECODE,DEFAULTYN,REQCOMMENT,ENTRANCE_PASSWORD,SAVEYN) values (111,'admin','.','.qw','서울 강남구 학동로12길 5','안녕아파트 12동 34호',6111,'N','12','''''','N');
Insert into ADMIN.TBL_ADDRESS (ADDRESS_NO,USER_ID,USER_NAME,PHONE,ADDRESS,ADDRESS_DETAIL,ZONECODE,DEFAULTYN,REQCOMMENT,ENTRANCE_PASSWORD,SAVEYN) values (406,'user04','ㅎㅎㅎㅎ','01033333333','인천 연수구 먼우금로83번길 12','115-605',21969,'N','문 앞에',null,'Y');
Insert into ADMIN.TBL_ADDRESS (ADDRESS_NO,USER_ID,USER_NAME,PHONE,ADDRESS,ADDRESS_DETAIL,ZONECODE,DEFAULTYN,REQCOMMENT,ENTRANCE_PASSWORD,SAVEYN) values (407,'user04','song','01033333333','인천 연수구 먼우금로83번길 12','115-605',21969,'Y','문 앞에다 놔 주세요',null,'Y');
Insert into ADMIN.TBL_ADDRESS (ADDRESS_NO,USER_ID,USER_NAME,PHONE,ADDRESS,ADDRESS_DETAIL,ZONECODE,DEFAULTYN,REQCOMMENT,ENTRANCE_PASSWORD,SAVEYN) values (244,'user01','황보현','01090152361','서울 강남구 논현로123길 4-1','안녕아파드 1344호 4556동',6112,'Y',null,null,'Y');
Insert into ADMIN.TBL_ADDRESS (ADDRESS_NO,USER_ID,USER_NAME,PHONE,ADDRESS,ADDRESS_DETAIL,ZONECODE,DEFAULTYN,REQCOMMENT,ENTRANCE_PASSWORD,SAVEYN) values (430,'dlalwl1','이미지','01045784545','경기 성남시 분당구 대왕판교로 477',null,13480,'Y',null,null,'Y');
Insert into ADMIN.TBL_ADDRESS (ADDRESS_NO,USER_ID,USER_NAME,PHONE,ADDRESS,ADDRESS_DETAIL,ZONECODE,DEFAULTYN,REQCOMMENT,ENTRANCE_PASSWORD,SAVEYN) values (431,'image1','이미지','01045545554','경기 성남시 분당구 대왕판교로 477',null,13480,'Y',null,null,'Y');
Insert into ADMIN.TBL_ADDRESS (ADDRESS_NO,USER_ID,USER_NAME,PHONE,ADDRESS,ADDRESS_DETAIL,ZONECODE,DEFAULTYN,REQCOMMENT,ENTRANCE_PASSWORD,SAVEYN) values (432,'asdf12342','임지연','01012345678','서울 광진구 아차산로 187',null,5020,'Y',null,null,'Y');
Insert into ADMIN.TBL_ADDRESS (ADDRESS_NO,USER_ID,USER_NAME,PHONE,ADDRESS,ADDRESS_DETAIL,ZONECODE,DEFAULTYN,REQCOMMENT,ENTRANCE_PASSWORD,SAVEYN) values (444,'hbhyun3102','황보현','01090152361','인천 부평구 안남로222번길 30',null,21377,'Y',null,null,'Y');
Insert into ADMIN.TBL_ADDRESS (ADDRESS_NO,USER_ID,USER_NAME,PHONE,ADDRESS,ADDRESS_DETAIL,ZONECODE,DEFAULTYN,REQCOMMENT,ENTRANCE_PASSWORD,SAVEYN) values (466,'hbhyun3103','황보현',null,'제주특별자치도 서귀포시 중산간동로7894번길 28','노을아파트 105동 678호',63579,'Y',null,null,'Y');
Insert into ADMIN.TBL_ADDRESS (ADDRESS_NO,USER_ID,USER_NAME,PHONE,ADDRESS,ADDRESS_DETAIL,ZONECODE,DEFAULTYN,REQCOMMENT,ENTRANCE_PASSWORD,SAVEYN) values (473,'user08','ㅁ55555555ㅁ5ㅁ555','01091458604','인천 중구 운서4로 2','101동-101동',22375,'N','ㅇㅇ','ㅇㅇ','N');
Insert into ADMIN.TBL_ADDRESS (ADDRESS_NO,USER_ID,USER_NAME,PHONE,ADDRESS,ADDRESS_DETAIL,ZONECODE,DEFAULTYN,REQCOMMENT,ENTRANCE_PASSWORD,SAVEYN) values (476,'user08','    ','010-9145-8604','인천중구 랑당랑','11111111!!!!!',22375,'Y','ㅇㅇㅇ','ㅇㅇ','Y');
Insert into ADMIN.TBL_ADDRESS (ADDRESS_NO,USER_ID,USER_NAME,PHONE,ADDRESS,ADDRESS_DETAIL,ZONECODE,DEFAULTYN,REQCOMMENT,ENTRANCE_PASSWORD,SAVEYN) values (484,'user16','김유정','01044863524','인천 계양구 갈미길 18-3',null,21002,'N',null,null,'Y');
Insert into ADMIN.TBL_ADDRESS (ADDRESS_NO,USER_ID,USER_NAME,PHONE,ADDRESS,ADDRESS_DETAIL,ZONECODE,DEFAULTYN,REQCOMMENT,ENTRANCE_PASSWORD,SAVEYN) values (485,'user16','김유정','01044863524','인천 계양구 갈미길 18-3','민저아파트 120동 502호',21002,'Y','문 앞에','9403','Y');
REM INSERTING into ADMIN.TBL_ANSWER
SET DEFINE OFF;
Insert into ADMIN.TBL_ANSWER (ANSWER_ID,INQUIRY_ID,CREATED,UPDATED) values (15,14,to_date('24/09/30','RR/MM/DD'),null);
Insert into ADMIN.TBL_ANSWER (ANSWER_ID,INQUIRY_ID,CREATED,UPDATED) values (16,13,to_date('24/09/30','RR/MM/DD'),null);
Insert into ADMIN.TBL_ANSWER (ANSWER_ID,INQUIRY_ID,CREATED,UPDATED) values (17,5,to_date('24/09/30','RR/MM/DD'),null);
Insert into ADMIN.TBL_ANSWER (ANSWER_ID,INQUIRY_ID,CREATED,UPDATED) values (20,25,to_date('24/10/10','RR/MM/DD'),null);
Insert into ADMIN.TBL_ANSWER (ANSWER_ID,INQUIRY_ID,CREATED,UPDATED) values (14,15,to_date('24/09/30','RR/MM/DD'),null);
Insert into ADMIN.TBL_ANSWER (ANSWER_ID,INQUIRY_ID,CREATED,UPDATED) values (21,27,to_date('24/10/11','RR/MM/DD'),null);
REM INSERTING into ADMIN.TBL_BOARDFILE
SET DEFINE OFF;
Insert into ADMIN.TBL_BOARDFILE (FILENO,BOARDNO,FILENAME,FILEORIGINAL,FILEPATH,FILESIZE,FILEEXT,THUMBN,FILECREATEDATE) values (504,400000157,'20249551239240.png','손오공.png','../src/20249551239240.png',256015,'.png','N',to_date('24/10/05','RR/MM/DD'));
Insert into ADMIN.TBL_BOARDFILE (FILENO,BOARDNO,FILENAME,FILEORIGINAL,FILEPATH,FILESIZE,FILEEXT,THUMBN,FILECREATEDATE) values (506,200000241,'20249551425364.png','헬로키티.png','../src/20249551425364.png',42855,'.png','N',to_date('24/10/05','RR/MM/DD'));
Insert into ADMIN.TBL_BOARDFILE (FILENO,BOARDNO,FILENAME,FILEORIGINAL,FILEPATH,FILESIZE,FILEEXT,THUMBN,FILECREATEDATE) values (523,200000244,'20249632640980.png','손오공.png','../src/20249632640980.png',256015,'.png','N',to_date('24/10/06','RR/MM/DD'));
Insert into ADMIN.TBL_BOARDFILE (FILENO,BOARDNO,FILENAME,FILEORIGINAL,FILEPATH,FILESIZE,FILEEXT,THUMBN,FILECREATEDATE) values (524,200000245,'20249632652886.png','뽀로로.png','../src/20249632652886.png',90155,'.png','N',to_date('24/10/06','RR/MM/DD'));
Insert into ADMIN.TBL_BOARDFILE (FILENO,BOARDNO,FILENAME,FILEORIGINAL,FILEPATH,FILESIZE,FILEEXT,THUMBN,FILECREATEDATE) values (533,200000260,'20249695151134.png','라바.png','../src/20249695151134.png',87202,'.png','N',to_date('24/10/06','RR/MM/DD'));
Insert into ADMIN.TBL_BOARDFILE (FILENO,BOARDNO,FILENAME,FILEORIGINAL,FILEPATH,FILESIZE,FILEEXT,THUMBN,FILECREATEDATE) values (538,200000266,'20249610112651.png','몰랑이.png','../src/20249610112651.png',30013,'.png','N',to_date('24/10/06','RR/MM/DD'));
Insert into ADMIN.TBL_BOARDFILE (FILENO,BOARDNO,FILENAME,FILEORIGINAL,FILEPATH,FILESIZE,FILEEXT,THUMBN,FILECREATEDATE) values (540,200000267,'20249610127380.png','몰랑이.png','../src/20249610127380.png',30013,'.png','N',to_date('24/10/06','RR/MM/DD'));
Insert into ADMIN.TBL_BOARDFILE (FILENO,BOARDNO,FILENAME,FILEORIGINAL,FILEPATH,FILESIZE,FILEEXT,THUMBN,FILECREATEDATE) values (542,800000048,'202496111351804.png','현이의가방끈_투머치버전.png','../src/202496111351804.png',47386,'.png','N',to_date('24/10/06','RR/MM/DD'));
Insert into ADMIN.TBL_BOARDFILE (FILENO,BOARDNO,FILENAME,FILEORIGINAL,FILEPATH,FILESIZE,FILEEXT,THUMBN,FILECREATEDATE) values (547,600000013,'20249794937810.png','aaa.png','../src/20249794937810.png',681526,'.png','N',to_date('24/10/07','RR/MM/DD'));
Insert into ADMIN.TBL_BOARDFILE (FILENO,BOARDNO,FILENAME,FILEORIGINAL,FILEPATH,FILESIZE,FILEEXT,THUMBN,FILECREATEDATE) values (556,400000201,'20249711248311.png','1.png','../src/20249711248311.png',61739,'.png','N',to_date('24/10/07','RR/MM/DD'));
Insert into ADMIN.TBL_BOARDFILE (FILENO,BOARDNO,FILENAME,FILEORIGINAL,FILEPATH,FILESIZE,FILEEXT,THUMBN,FILECREATEDATE) values (562,400000215,'202497115922679.png','1.png','../src/202497115922679.png',61739,'.png','N',to_date('24/10/07','RR/MM/DD'));
Insert into ADMIN.TBL_BOARDFILE (FILENO,BOARDNO,FILENAME,FILEORIGINAL,FILEPATH,FILESIZE,FILEEXT,THUMBN,FILECREATEDATE) values (609,400000219,'202491142919404.jfif','리뷰용 업로드 이미지.jfif','../src/202491142919404.jfif',24839,'.jfif','N',to_date('24/10/11','RR/MM/DD'));
Insert into ADMIN.TBL_BOARDFILE (FILENO,BOARDNO,FILENAME,FILEORIGINAL,FILEPATH,FILESIZE,FILEEXT,THUMBN,FILECREATEDATE) values (429,160,'2024942329232.jpg','119255016.1.jpg','../src/2024942329232.jpg',88997,'.jpg','N',to_date('24/10/04','RR/MM/DD'));
Insert into ADMIN.TBL_BOARDFILE (FILENO,BOARDNO,FILENAME,FILEORIGINAL,FILEPATH,FILESIZE,FILEEXT,THUMBN,FILECREATEDATE) values (438,400000117,'202494357425.png','1.png','../src/202494357425.png',9532,'.png','N',to_date('24/10/04','RR/MM/DD'));
Insert into ADMIN.TBL_BOARDFILE (FILENO,BOARDNO,FILENAME,FILEORIGINAL,FILEPATH,FILESIZE,FILEEXT,THUMBN,FILECREATEDATE) values (443,161,'2024945251914.png','1.png','../src/2024945251914.png',61739,'.png','N',to_date('24/10/04','RR/MM/DD'));
Insert into ADMIN.TBL_BOARDFILE (FILENO,BOARDNO,FILENAME,FILEORIGINAL,FILEPATH,FILESIZE,FILEEXT,THUMBN,FILECREATEDATE) values (463,400000152,'20249511540198.png','국어.png','../src/20249511540198.png',704236,'.png','N',to_date('24/10/05','RR/MM/DD'));
Insert into ADMIN.TBL_BOARDFILE (FILENO,BOARDNO,FILENAME,FILEORIGINAL,FILEPATH,FILESIZE,FILEEXT,THUMBN,FILECREATEDATE) values (464,400000153,'202495115619471.png','국어.png','../src/202495115619471.png',704236,'.png','N',to_date('24/10/05','RR/MM/DD'));
Insert into ADMIN.TBL_BOARDFILE (FILENO,BOARDNO,FILENAME,FILEORIGINAL,FILEPATH,FILESIZE,FILEEXT,THUMBN,FILECREATEDATE) values (465,400000153,'20249511585866.png','국어.png','../src/20249511585866.png',49531,'.png','N',to_date('24/10/05','RR/MM/DD'));
Insert into ADMIN.TBL_BOARDFILE (FILENO,BOARDNO,FILENAME,FILEORIGINAL,FILEPATH,FILESIZE,FILEEXT,THUMBN,FILECREATEDATE) values (466,400000154,'202495025792.png','슈뢰딩거.png','../src/202495025792.png',43221,'.png','N',to_date('24/10/05','RR/MM/DD'));
Insert into ADMIN.TBL_BOARDFILE (FILENO,BOARDNO,FILENAME,FILEORIGINAL,FILEPATH,FILESIZE,FILEEXT,THUMBN,FILECREATEDATE) values (528,200000249,'2024969133672.png','세일러문.png','../src/2024969133672.png',70795,'.png','N',to_date('24/10/06','RR/MM/DD'));
Insert into ADMIN.TBL_BOARDFILE (FILENO,BOARDNO,FILENAME,FILEORIGINAL,FILEPATH,FILESIZE,FILEEXT,THUMBN,FILECREATEDATE) values (536,200000264,'20249610048181.png','몰랑이.png','../src/20249610048181.png',30013,'.png','N',to_date('24/10/06','RR/MM/DD'));
Insert into ADMIN.TBL_BOARDFILE (FILENO,BOARDNO,FILENAME,FILEORIGINAL,FILEPATH,FILESIZE,FILEEXT,THUMBN,FILECREATEDATE) values (537,200000265,'2024961016905.png','뽀로로.png','../src/2024961016905.png',90155,'.png','N',to_date('24/10/06','RR/MM/DD'));
Insert into ADMIN.TBL_BOARDFILE (FILENO,BOARDNO,FILENAME,FILEORIGINAL,FILEPATH,FILESIZE,FILEEXT,THUMBN,FILECREATEDATE) values (545,200000274,'20249791739819.jpg','119255016.1.jpg','../src/20249791739819.jpg',88997,'.jpg','N',to_date('24/10/07','RR/MM/DD'));
Insert into ADMIN.TBL_BOARDFILE (FILENO,BOARDNO,FILENAME,FILEORIGINAL,FILEPATH,FILESIZE,FILEEXT,THUMBN,FILECREATEDATE) values (549,400000165,'202497105110320.jpg','과학1.jpg','../src/202497105110320.jpg',81337,'.jpg','N',to_date('24/10/07','RR/MM/DD'));
Insert into ADMIN.TBL_BOARDFILE (FILENO,BOARDNO,FILENAME,FILEORIGINAL,FILEPATH,FILESIZE,FILEEXT,THUMBN,FILECREATEDATE) values (551,400000192,'202497105228414.png','한국사1.png','../src/202497105228414.png',134442,'.png','N',to_date('24/10/07','RR/MM/DD'));
Insert into ADMIN.TBL_BOARDFILE (FILENO,BOARDNO,FILENAME,FILEORIGINAL,FILEPATH,FILESIZE,FILEEXT,THUMBN,FILECREATEDATE) values (553,400000180,'202497105359114.png','화면 캡처 2024-10-07 105342.png','../src/202497105359114.png',104182,'.png','N',to_date('24/10/07','RR/MM/DD'));
Insert into ADMIN.TBL_BOARDFILE (FILENO,BOARDNO,FILENAME,FILEORIGINAL,FILEPATH,FILESIZE,FILEEXT,THUMBN,FILECREATEDATE) values (560,400000211,'202497113036326.jpg','119255016.1.jpg','../src/202497113036326.jpg',88997,'.jpg','N',to_date('24/10/07','RR/MM/DD'));
Insert into ADMIN.TBL_BOARDFILE (FILENO,BOARDNO,FILENAME,FILEORIGINAL,FILEPATH,FILESIZE,FILEEXT,THUMBN,FILECREATEDATE) values (563,187,'2024970152311.png','현이의가방끈.png','../src/2024970152311.png',22579,'.png','N',to_date('24/10/07','RR/MM/DD'));
Insert into ADMIN.TBL_BOARDFILE (FILENO,BOARDNO,FILENAME,FILEORIGINAL,FILEPATH,FILESIZE,FILEEXT,THUMBN,FILECREATEDATE) values (565,200000273,'20249704511588.png','3.png','../src/20249704511588.png',10425,'.png','N',to_date('24/10/07','RR/MM/DD'));
Insert into ADMIN.TBL_BOARDFILE (FILENO,BOARDNO,FILENAME,FILEORIGINAL,FILEPATH,FILESIZE,FILEEXT,THUMBN,FILECREATEDATE) values (571,200000290,'2024971941448.png','현이의가방끈.png','../src/2024971941448.png',22579,'.png','N',to_date('24/10/07','RR/MM/DD'));
Insert into ADMIN.TBL_BOARDFILE (FILENO,BOARDNO,FILENAME,FILEORIGINAL,FILEPATH,FILESIZE,FILEEXT,THUMBN,FILECREATEDATE) values (576,200000295,'20249752513756.png','손오공.png','../src/20249752513756.png',256015,'.png','N',to_date('24/10/07','RR/MM/DD'));
Insert into ADMIN.TBL_BOARDFILE (FILENO,BOARDNO,FILENAME,FILEORIGINAL,FILEPATH,FILESIZE,FILEEXT,THUMBN,FILECREATEDATE) values (603,400000217,'2024911925466.png','포스트맨.png','../src/2024911925466.png',6352,'.png','N',to_date('24/10/11','RR/MM/DD'));
Insert into ADMIN.TBL_BOARDFILE (FILENO,BOARDNO,FILENAME,FILEORIGINAL,FILEPATH,FILESIZE,FILEEXT,THUMBN,FILECREATEDATE) values (613,1000000408,'20249115141583.png','포스트맨.png','../src/20249115141583.png',6352,'.png','N',to_date('24/10/11','RR/MM/DD'));
Insert into ADMIN.TBL_BOARDFILE (FILENO,BOARDNO,FILENAME,FILEORIGINAL,FILEPATH,FILESIZE,FILEEXT,THUMBN,FILECREATEDATE) values (432,400000063,'20249435215889.jpg','119255016.1.jpg','../src/20249435215889.jpg',88997,'.jpg','N',to_date('24/10/04','RR/MM/DD'));
Insert into ADMIN.TBL_BOARDFILE (FILENO,BOARDNO,FILENAME,FILEORIGINAL,FILEPATH,FILESIZE,FILEEXT,THUMBN,FILECREATEDATE) values (436,400000129,'20249435528365.png','1.png','../src/20249435528365.png',11625,'.png','N',to_date('24/10/04','RR/MM/DD'));
Insert into ADMIN.TBL_BOARDFILE (FILENO,BOARDNO,FILENAME,FILEORIGINAL,FILEPATH,FILESIZE,FILEEXT,THUMBN,FILECREATEDATE) values (437,400000090,'20249435637482.png','3.png','../src/20249435637482.png',10425,'.png','N',to_date('24/10/04','RR/MM/DD'));
Insert into ADMIN.TBL_BOARDFILE (FILENO,BOARDNO,FILENAME,FILEORIGINAL,FILEPATH,FILESIZE,FILEEXT,THUMBN,FILECREATEDATE) values (439,null,'20249435825742.png','1.png','../src/20249435825742.png',8120,'.png','N',to_date('24/10/04','RR/MM/DD'));
Insert into ADMIN.TBL_BOARDFILE (FILENO,BOARDNO,FILENAME,FILEORIGINAL,FILEPATH,FILESIZE,FILEEXT,THUMBN,FILECREATEDATE) values (440,400000081,'2024943585970.png','1.png','../src/2024943585970.png',5229,'.png','N',to_date('24/10/04','RR/MM/DD'));
Insert into ADMIN.TBL_BOARDFILE (FILENO,BOARDNO,FILENAME,FILEORIGINAL,FILEPATH,FILESIZE,FILEEXT,THUMBN,FILECREATEDATE) values (441,400000072,'20249435935569.png','1.png','../src/20249435935569.png',61739,'.png','N',to_date('24/10/04','RR/MM/DD'));
Insert into ADMIN.TBL_BOARDFILE (FILENO,BOARDNO,FILENAME,FILEORIGINAL,FILEPATH,FILESIZE,FILEEXT,THUMBN,FILECREATEDATE) values (442,1000000243,'202494465913.png','1.png','../src/202494465913.png',61739,'.png','N',to_date('24/10/04','RR/MM/DD'));
Insert into ADMIN.TBL_BOARDFILE (FILENO,BOARDNO,FILENAME,FILEORIGINAL,FILEPATH,FILESIZE,FILEEXT,THUMBN,FILECREATEDATE) values (467,400000156,'20249501512828.png','정처기.png','../src/20249501512828.png',21391,'.png','N',to_date('24/10/05','RR/MM/DD'));
Insert into ADMIN.TBL_BOARDFILE (FILENO,BOARDNO,FILENAME,FILEORIGINAL,FILEPATH,FILESIZE,FILEEXT,THUMBN,FILECREATEDATE) values (468,400000157,'20249501924987.png','프로젝트.png','../src/20249501924987.png',88400,'.png','N',to_date('24/10/05','RR/MM/DD'));
Insert into ADMIN.TBL_BOARDFILE (FILENO,BOARDNO,FILENAME,FILEORIGINAL,FILEPATH,FILESIZE,FILEEXT,THUMBN,FILECREATEDATE) values (473,170,'2024951358240.jpg','1.jpg','../src/2024951358240.jpg',98232,'.jpg','N',to_date('24/10/05','RR/MM/DD'));
Insert into ADMIN.TBL_BOARDFILE (FILENO,BOARDNO,FILENAME,FILEORIGINAL,FILEPATH,FILESIZE,FILEEXT,THUMBN,FILECREATEDATE) values (476,173,'20249513911770.jpg','ddd.jpg','../src/20249513911770.jpg',33509,'.jpg','N',to_date('24/10/05','RR/MM/DD'));
Insert into ADMIN.TBL_BOARDFILE (FILENO,BOARDNO,FILENAME,FILEORIGINAL,FILEPATH,FILESIZE,FILEEXT,THUMBN,FILECREATEDATE) values (477,200000217,'20249514233425.png','1234.png','../src/20249514233425.png',255727,'.png','N',to_date('24/10/05','RR/MM/DD'));
Insert into ADMIN.TBL_BOARDFILE (FILENO,BOARDNO,FILENAME,FILEORIGINAL,FILEPATH,FILESIZE,FILEEXT,THUMBN,FILECREATEDATE) values (478,174,'20249514531979.png','111111.png','../src/20249514531979.png',79615,'.png','N',to_date('24/10/05','RR/MM/DD'));
Insert into ADMIN.TBL_BOARDFILE (FILENO,BOARDNO,FILENAME,FILEORIGINAL,FILEPATH,FILESIZE,FILEEXT,THUMBN,FILECREATEDATE) values (479,200000219,'20249514617896.png','11111.png','../src/20249514617896.png',141926,'.png','N',to_date('24/10/05','RR/MM/DD'));
Insert into ADMIN.TBL_BOARDFILE (FILENO,BOARDNO,FILENAME,FILEORIGINAL,FILEPATH,FILESIZE,FILEEXT,THUMBN,FILECREATEDATE) values (480,200000223,'2024952215883.png','1234234321.png','../src/2024952215883.png',28165,'.png','N',to_date('24/10/05','RR/MM/DD'));
Insert into ADMIN.TBL_BOARDFILE (FILENO,BOARDNO,FILENAME,FILEORIGINAL,FILEPATH,FILESIZE,FILEEXT,THUMBN,FILECREATEDATE) values (481,1000000262,'2024952379170.jpg','다운로드.jpg','../src/2024952379170.jpg',5553,'.jpg','N',to_date('24/10/05','RR/MM/DD'));
Insert into ADMIN.TBL_BOARDFILE (FILENO,BOARDNO,FILENAME,FILEORIGINAL,FILEPATH,FILESIZE,FILEEXT,THUMBN,FILECREATEDATE) values (484,1000000310,'2024954849491.jpg','다운로드 (3).jpg','../src/2024954849491.jpg',10217,'.jpg','N',to_date('24/10/05','RR/MM/DD'));
Insert into ADMIN.TBL_BOARDFILE (FILENO,BOARDNO,FILENAME,FILEORIGINAL,FILEPATH,FILESIZE,FILEEXT,THUMBN,FILECREATEDATE) values (485,1000000311,'2024954858882.jpg','다운로드.jpg','../src/2024954858882.jpg',5553,'.jpg','N',to_date('24/10/05','RR/MM/DD'));
Insert into ADMIN.TBL_BOARDFILE (FILENO,BOARDNO,FILENAME,FILEORIGINAL,FILEPATH,FILESIZE,FILEEXT,THUMBN,FILECREATEDATE) values (486,179,'20249541339282.jpg','다운로드 (2).jpg','../src/20249541339282.jpg',13246,'.jpg','N',to_date('24/10/05','RR/MM/DD'));
Insert into ADMIN.TBL_BOARDFILE (FILENO,BOARDNO,FILENAME,FILEORIGINAL,FILEPATH,FILESIZE,FILEEXT,THUMBN,FILECREATEDATE) values (488,400000196,'20249542310441.jpg','다운로드.jpg','../src/20249542310441.jpg',5553,'.jpg','N',to_date('24/10/05','RR/MM/DD'));
Insert into ADMIN.TBL_BOARDFILE (FILENO,BOARDNO,FILENAME,FILEORIGINAL,FILEPATH,FILESIZE,FILEEXT,THUMBN,FILECREATEDATE) values (490,599999992,'2024955313430.png','둘리.png','../src/2024955313430.png',37043,'.png','N',to_date('24/10/05','RR/MM/DD'));
Insert into ADMIN.TBL_BOARDFILE (FILENO,BOARDNO,FILENAME,FILEORIGINAL,FILEPATH,FILESIZE,FILEEXT,THUMBN,FILECREATEDATE) values (491,599999998,'2024955317435.png','라바.png','../src/2024955317435.png',87202,'.png','N',to_date('24/10/05','RR/MM/DD'));
Insert into ADMIN.TBL_BOARDFILE (FILENO,BOARDNO,FILENAME,FILEORIGINAL,FILEPATH,FILESIZE,FILEEXT,THUMBN,FILECREATEDATE) values (493,600000005,'2024955323824.png','몰랑이.png','../src/2024955323824.png',30013,'.png','N',to_date('24/10/05','RR/MM/DD'));
Insert into ADMIN.TBL_BOARDFILE (FILENO,BOARDNO,FILENAME,FILEORIGINAL,FILEPATH,FILESIZE,FILEEXT,THUMBN,FILECREATEDATE) values (527,200000248,'20249684220783.png','뽀로로.png','../src/20249684220783.png',90155,'.png','N',to_date('24/10/06','RR/MM/DD'));
Insert into ADMIN.TBL_BOARDFILE (FILENO,BOARDNO,FILENAME,FILEORIGINAL,FILEPATH,FILESIZE,FILEEXT,THUMBN,FILECREATEDATE) values (535,200000263,'20249695954707.png','손오공.png','../src/20249695954707.png',256015,'.png','N',to_date('24/10/06','RR/MM/DD'));
Insert into ADMIN.TBL_BOARDFILE (FILENO,BOARDNO,FILENAME,FILEORIGINAL,FILEPATH,FILESIZE,FILEEXT,THUMBN,FILECREATEDATE) values (543,200000270,'2024978415028.png','1.png','../src/2024978415028.png',61739,'.png','N',to_date('24/10/07','RR/MM/DD'));
Insert into ADMIN.TBL_BOARDFILE (FILENO,BOARDNO,FILENAME,FILEORIGINAL,FILEPATH,FILESIZE,FILEEXT,THUMBN,FILECREATEDATE) values (557,400000202,'202497111216579.jpg','119255016.1.jpg','../src/202497111216579.jpg',88997,'.jpg','N',to_date('24/10/07','RR/MM/DD'));
Insert into ADMIN.TBL_BOARDFILE (FILENO,BOARDNO,FILENAME,FILEORIGINAL,FILEPATH,FILESIZE,FILEEXT,THUMBN,FILECREATEDATE) values (559,400000205,'202497111957803.png','111.png','../src/202497111957803.png',5547,'.png','N',to_date('24/10/07','RR/MM/DD'));
Insert into ADMIN.TBL_BOARDFILE (FILENO,BOARDNO,FILENAME,FILEORIGINAL,FILEPATH,FILESIZE,FILEEXT,THUMBN,FILECREATEDATE) values (561,400000212,'202497113517641.png','3.png','../src/202497113517641.png',10425,'.png','N',to_date('24/10/07','RR/MM/DD'));
Insert into ADMIN.TBL_BOARDFILE (FILENO,BOARDNO,FILENAME,FILEORIGINAL,FILEPATH,FILESIZE,FILEEXT,THUMBN,FILECREATEDATE) values (567,200000273,'2024971823120.png','3.png','../src/2024971823120.png',10425,'.png','N',to_date('24/10/07','RR/MM/DD'));
Insert into ADMIN.TBL_BOARDFILE (FILENO,BOARDNO,FILENAME,FILEORIGINAL,FILEPATH,FILESIZE,FILEEXT,THUMBN,FILECREATEDATE) values (569,200000293,'2024971833802.png','4.png','../src/2024971833802.png',9312,'.png','N',to_date('24/10/07','RR/MM/DD'));
Insert into ADMIN.TBL_BOARDFILE (FILENO,BOARDNO,FILENAME,FILEORIGINAL,FILEPATH,FILESIZE,FILEEXT,THUMBN,FILECREATEDATE) values (570,200000294,'202497190703.png','4.png','../src/202497190703.png',9312,'.png','N',to_date('24/10/07','RR/MM/DD'));
Insert into ADMIN.TBL_BOARDFILE (FILENO,BOARDNO,FILENAME,FILEORIGINAL,FILEPATH,FILESIZE,FILEEXT,THUMBN,FILECREATEDATE) values (574,200000295,'20249752117387.png','손오공.png','../src/20249752117387.png',256015,'.png','N',to_date('24/10/07','RR/MM/DD'));
Insert into ADMIN.TBL_BOARDFILE (FILENO,BOARDNO,FILENAME,FILEORIGINAL,FILEPATH,FILESIZE,FILEEXT,THUMBN,FILECREATEDATE) values (579,200000297,'20249754220619.png','세일러문.png','../src/20249754220619.png',70795,'.png','N',to_date('24/10/07','RR/MM/DD'));
Insert into ADMIN.TBL_BOARDFILE (FILENO,BOARDNO,FILENAME,FILEORIGINAL,FILEPATH,FILESIZE,FILEEXT,THUMBN,FILECREATEDATE) values (580,400000217,'20249795722617.png','현이의가방끈_투머치버전.png','../src/20249795722617.png',47386,'.png','N',to_date('24/10/07','RR/MM/DD'));
Insert into ADMIN.TBL_BOARDFILE (FILENO,BOARDNO,FILENAME,FILEORIGINAL,FILEPATH,FILESIZE,FILEEXT,THUMBN,FILECREATEDATE) values (605,200000302,'20249110520700.png','logo4.png','../src/20249110520700.png',535137,'.png','N',to_date('24/10/11','RR/MM/DD'));
Insert into ADMIN.TBL_BOARDFILE (FILENO,BOARDNO,FILENAME,FILEORIGINAL,FILEPATH,FILESIZE,FILEEXT,THUMBN,FILECREATEDATE) values (606,200000302,'20249110528474.jpg','parasite.jpg','../src/20249110528474.jpg',41560,'.jpg','N',to_date('24/10/11','RR/MM/DD'));
Insert into ADMIN.TBL_BOARDFILE (FILENO,BOARDNO,FILENAME,FILEORIGINAL,FILEPATH,FILESIZE,FILEEXT,THUMBN,FILECREATEDATE) values (607,200000303,'20249110521693.png','logo4.png','../src/20249110521693.png',535137,'.png','N',to_date('24/10/11','RR/MM/DD'));
Insert into ADMIN.TBL_BOARDFILE (FILENO,BOARDNO,FILENAME,FILEORIGINAL,FILEPATH,FILESIZE,FILEEXT,THUMBN,FILECREATEDATE) values (612,400000157,'20249115143588.png','포스트맨.png','../src/20249115143588.png',6352,'.png','N',to_date('24/10/11','RR/MM/DD'));
Insert into ADMIN.TBL_BOARDFILE (FILENO,BOARDNO,FILENAME,FILEORIGINAL,FILEPATH,FILESIZE,FILEEXT,THUMBN,FILECREATEDATE) values (428,400000061,'20249422352921.jpg','119255016.1.jpg','../src/20249422352921.jpg',88997,'.jpg','N',to_date('24/10/04','RR/MM/DD'));
Insert into ADMIN.TBL_BOARDFILE (FILENO,BOARDNO,FILENAME,FILEORIGINAL,FILEPATH,FILESIZE,FILEEXT,THUMBN,FILECREATEDATE) values (431,200000211,'20249423235899.jpg','119255016.1.jpg','../src/20249423235899.jpg',88997,'.jpg','N',to_date('24/10/04','RR/MM/DD'));
Insert into ADMIN.TBL_BOARDFILE (FILENO,BOARDNO,FILENAME,FILEORIGINAL,FILEPATH,FILESIZE,FILEEXT,THUMBN,FILECREATEDATE) values (435,400000108,'20249435328355.jpg','인트로.jpg','../src/20249435328355.jpg',198921,'.jpg','N',to_date('24/10/04','RR/MM/DD'));
Insert into ADMIN.TBL_BOARDFILE (FILENO,BOARDNO,FILENAME,FILEORIGINAL,FILEPATH,FILESIZE,FILEEXT,THUMBN,FILECREATEDATE) values (444,200000212,'20249452537635.jpg','119255016.1.jpg','../src/20249452537635.jpg',88997,'.jpg','N',to_date('24/10/04','RR/MM/DD'));
Insert into ADMIN.TBL_BOARDFILE (FILENO,BOARDNO,FILENAME,FILEORIGINAL,FILEPATH,FILESIZE,FILEEXT,THUMBN,FILECREATEDATE) values (445,400000136,'20249453929796.png','111.png','../src/20249453929796.png',5547,'.png','N',to_date('24/10/04','RR/MM/DD'));
Insert into ADMIN.TBL_BOARDFILE (FILENO,BOARDNO,FILENAME,FILEORIGINAL,FILEPATH,FILESIZE,FILEEXT,THUMBN,FILECREATEDATE) values (446,164,'2024946024427.jpg','119255016.1.jpg','../src/2024946024427.jpg',88997,'.jpg','N',to_date('24/10/04','RR/MM/DD'));
Insert into ADMIN.TBL_BOARDFILE (FILENO,BOARDNO,FILENAME,FILEORIGINAL,FILEPATH,FILESIZE,FILEEXT,THUMBN,FILECREATEDATE) values (447,165,'202494689291.png','44444.png','../src/202494689291.png',44605,'.png','N',to_date('24/10/04','RR/MM/DD'));
Insert into ADMIN.TBL_BOARDFILE (FILENO,BOARDNO,FILENAME,FILEORIGINAL,FILEPATH,FILESIZE,FILEEXT,THUMBN,FILECREATEDATE) values (471,400000157,'20249513218656.jpg','다운로드.jpg','../src/20249513218656.jpg',5553,'.jpg','N',to_date('24/10/05','RR/MM/DD'));
Insert into ADMIN.TBL_BOARDFILE (FILENO,BOARDNO,FILENAME,FILEORIGINAL,FILEPATH,FILESIZE,FILEEXT,THUMBN,FILECREATEDATE) values (472,400000157,'20249513227543.webp','Tumblr_mu6889a8SL1qjkedbo1_1280.webp','../src/20249513227543.webp',266770,'.webp','N',to_date('24/10/05','RR/MM/DD'));
Insert into ADMIN.TBL_BOARDFILE (FILENO,BOARDNO,FILENAME,FILEORIGINAL,FILEPATH,FILESIZE,FILEEXT,THUMBN,FILECREATEDATE) values (474,171,'20249513622749.jpg','1.jpg','../src/20249513622749.jpg',56048,'.jpg','N',to_date('24/10/05','RR/MM/DD'));
Insert into ADMIN.TBL_BOARDFILE (FILENO,BOARDNO,FILENAME,FILEORIGINAL,FILEPATH,FILESIZE,FILEEXT,THUMBN,FILECREATEDATE) values (475,172,'20249513725657.jpg','11.jpg','../src/20249513725657.jpg',39200,'.jpg','N',to_date('24/10/05','RR/MM/DD'));
Insert into ADMIN.TBL_BOARDFILE (FILENO,BOARDNO,FILENAME,FILEORIGINAL,FILEPATH,FILESIZE,FILEEXT,THUMBN,FILECREATEDATE) values (496,600000007,'202495533372.png','세일러문.png','../src/202495533372.png',70795,'.png','N',to_date('24/10/05','RR/MM/DD'));
Insert into ADMIN.TBL_BOARDFILE (FILENO,BOARDNO,FILENAME,FILEORIGINAL,FILEPATH,FILESIZE,FILEEXT,THUMBN,FILECREATEDATE) values (492,600000003,'2024955320487.png','마루.png','../src/2024955320487.png',31068,'.png','N',to_date('24/10/05','RR/MM/DD'));
Insert into ADMIN.TBL_BOARDFILE (FILENO,BOARDNO,FILENAME,FILEORIGINAL,FILEPATH,FILESIZE,FILEEXT,THUMBN,FILECREATEDATE) values (494,600000006,'2024955326608.png','보노보노.png','../src/2024955326608.png',76619,'.png','N',to_date('24/10/05','RR/MM/DD'));
Insert into ADMIN.TBL_BOARDFILE (FILENO,BOARDNO,FILENAME,FILEORIGINAL,FILEPATH,FILESIZE,FILEEXT,THUMBN,FILECREATEDATE) values (498,599999994,'2024955340104.png','아구몬.png','../src/2024955340104.png',40313,'.png','N',to_date('24/10/05','RR/MM/DD'));
Insert into ADMIN.TBL_BOARDFILE (FILENO,BOARDNO,FILENAME,FILEORIGINAL,FILEPATH,FILESIZE,FILEEXT,THUMBN,FILECREATEDATE) values (500,600000010,'2024955346576.png','졸라맨.png','../src/2024955346576.png',10255,'.png','N',to_date('24/10/05','RR/MM/DD'));
Insert into ADMIN.TBL_BOARDFILE (FILENO,BOARDNO,FILENAME,FILEORIGINAL,FILEPATH,FILESIZE,FILEEXT,THUMBN,FILECREATEDATE) values (501,600000002,'2024955349378.png','토르.png','../src/2024955349378.png',405707,'.png','N',to_date('24/10/05','RR/MM/DD'));
Insert into ADMIN.TBL_BOARDFILE (FILENO,BOARDNO,FILENAME,FILEORIGINAL,FILEPATH,FILESIZE,FILEEXT,THUMBN,FILECREATEDATE) values (502,599999997,'2024955352657.png','펭수.png','../src/2024955352657.png',54959,'.png','N',to_date('24/10/05','RR/MM/DD'));
Insert into ADMIN.TBL_BOARDFILE (FILENO,BOARDNO,FILENAME,FILEORIGINAL,FILEPATH,FILESIZE,FILEEXT,THUMBN,FILECREATEDATE) values (503,599999996,'202495540113.png','헬로키티.png','../src/202495540113.png',42855,'.png','N',to_date('24/10/05','RR/MM/DD'));
Insert into ADMIN.TBL_BOARDFILE (FILENO,BOARDNO,FILENAME,FILEORIGINAL,FILEPATH,FILESIZE,FILEEXT,THUMBN,FILECREATEDATE) values (508,181,'20249595443718.png','아구몬.png','../src/20249595443718.png',40313,'.png','N',to_date('24/10/05','RR/MM/DD'));
Insert into ADMIN.TBL_BOARDFILE (FILENO,BOARDNO,FILENAME,FILEORIGINAL,FILEPATH,FILESIZE,FILEEXT,THUMBN,FILECREATEDATE) values (534,200000262,'20249695757608.png','손오공.png','../src/20249695757608.png',256015,'.png','N',to_date('24/10/06','RR/MM/DD'));
Insert into ADMIN.TBL_BOARDFILE (FILENO,BOARDNO,FILENAME,FILEORIGINAL,FILEPATH,FILESIZE,FILEEXT,THUMBN,FILECREATEDATE) values (539,200000267,'20249610116139.png','라바.png','../src/20249610116139.png',87202,'.png','N',to_date('24/10/06','RR/MM/DD'));
Insert into ADMIN.TBL_BOARDFILE (FILENO,BOARDNO,FILENAME,FILEORIGINAL,FILEPATH,FILESIZE,FILEEXT,THUMBN,FILECREATEDATE) values (541,200000268,'20249610137833.png','손오공.png','../src/20249610137833.png',256015,'.png','N',to_date('24/10/06','RR/MM/DD'));
Insert into ADMIN.TBL_BOARDFILE (FILENO,BOARDNO,FILENAME,FILEORIGINAL,FILEPATH,FILESIZE,FILEEXT,THUMBN,FILECREATEDATE) values (546,200000276,'20249792225726.jpg','119255016.1.jpg','../src/20249792225726.jpg',88997,'.jpg','N',to_date('24/10/07','RR/MM/DD'));
Insert into ADMIN.TBL_BOARDFILE (FILENO,BOARDNO,FILENAME,FILEORIGINAL,FILEPATH,FILESIZE,FILEEXT,THUMBN,FILECREATEDATE) values (550,400000165,'202497105110422.jpg','과학1.jpg','../src/202497105110422.jpg',81337,'.jpg','N',to_date('24/10/07','RR/MM/DD'));
Insert into ADMIN.TBL_BOARDFILE (FILENO,BOARDNO,FILENAME,FILEORIGINAL,FILEPATH,FILESIZE,FILEEXT,THUMBN,FILECREATEDATE) values (552,400000190,'202497105259874.jfif','환경보호.jfif','../src/202497105259874.jfif',10583,'.jfif','N',to_date('24/10/07','RR/MM/DD'));
Insert into ADMIN.TBL_BOARDFILE (FILENO,BOARDNO,FILENAME,FILEORIGINAL,FILEPATH,FILESIZE,FILEEXT,THUMBN,FILECREATEDATE) values (554,400000162,'20249710544769.jfif','images.jfif','../src/20249710544769.jfif',10425,'.jfif','N',to_date('24/10/07','RR/MM/DD'));
Insert into ADMIN.TBL_BOARDFILE (FILENO,BOARDNO,FILENAME,FILEORIGINAL,FILEPATH,FILESIZE,FILEEXT,THUMBN,FILECREATEDATE) values (572,600000016,'20249723617426.png','현이의가방끈.png','../src/20249723617426.png',22579,'.png','N',to_date('24/10/07','RR/MM/DD'));
Insert into ADMIN.TBL_BOARDFILE (FILENO,BOARDNO,FILENAME,FILEORIGINAL,FILEPATH,FILESIZE,FILEEXT,THUMBN,FILECREATEDATE) values (573,200000295,'2024975218862.png','보노보노.png','../src/2024975218862.png',76619,'.png','N',to_date('24/10/07','RR/MM/DD'));
Insert into ADMIN.TBL_BOARDFILE (FILENO,BOARDNO,FILENAME,FILEORIGINAL,FILEPATH,FILESIZE,FILEEXT,THUMBN,FILECREATEDATE) values (575,200000295,'20249752130734.png','뽀로로.png','../src/20249752130734.png',90155,'.png','N',to_date('24/10/07','RR/MM/DD'));
Insert into ADMIN.TBL_BOARDFILE (FILENO,BOARDNO,FILENAME,FILEORIGINAL,FILEPATH,FILESIZE,FILEEXT,THUMBN,FILECREATEDATE) values (578,200000296,'2024975268448.png','손오공.png','../src/2024975268448.png',256015,'.png','N',to_date('24/10/07','RR/MM/DD'));
Insert into ADMIN.TBL_BOARDFILE (FILENO,BOARDNO,FILENAME,FILEORIGINAL,FILEPATH,FILESIZE,FILEEXT,THUMBN,FILECREATEDATE) values (583,200000300,'20249106273340.png','logo4.png','../src/20249106273340.png',535137,'.png','N',to_date('24/10/10','RR/MM/DD'));
Insert into ADMIN.TBL_BOARDFILE (FILENO,BOARDNO,FILENAME,FILEORIGINAL,FILEPATH,FILESIZE,FILEEXT,THUMBN,FILECREATEDATE) values (608,600000018,'202491141917770.jfif','리뷰용 업로드 이미지.jfif','../src/202491141917770.jfif',24839,'.jfif','N',to_date('24/10/11','RR/MM/DD'));
Insert into ADMIN.TBL_BOARDFILE (FILENO,BOARDNO,FILENAME,FILEORIGINAL,FILEPATH,FILESIZE,FILEEXT,THUMBN,FILECREATEDATE) values (610,200000305,'202491143539919.jfif','리뷰용 업로드 이미지.jfif','../src/202491143539919.jfif',24839,'.jfif','N',to_date('24/10/11','RR/MM/DD'));
Insert into ADMIN.TBL_BOARDFILE (FILENO,BOARDNO,FILENAME,FILEORIGINAL,FILEPATH,FILESIZE,FILEEXT,THUMBN,FILECREATEDATE) values (611,1000000407,'202491145817711.png','포스트맨.png','../src/202491145817711.png',6352,'.png','N',to_date('24/10/11','RR/MM/DD'));
Insert into ADMIN.TBL_BOARDFILE (FILENO,BOARDNO,FILENAME,FILEORIGINAL,FILEPATH,FILESIZE,FILEEXT,THUMBN,FILECREATEDATE) values (469,400000158,'2024950225968.jpg','다운로드.jpg','../src/2024950225968.jpg',5553,'.jpg','N',to_date('24/10/05','RR/MM/DD'));
Insert into ADMIN.TBL_BOARDFILE (FILENO,BOARDNO,FILENAME,FILEORIGINAL,FILEPATH,FILESIZE,FILEEXT,THUMBN,FILECREATEDATE) values (470,169,'2024950288125.jpg','다운로드.jpg','../src/2024950288125.jpg',5553,'.jpg','N',to_date('24/10/05','RR/MM/DD'));
Insert into ADMIN.TBL_BOARDFILE (FILENO,BOARDNO,FILENAME,FILEORIGINAL,FILEPATH,FILESIZE,FILEEXT,THUMBN,FILECREATEDATE) values (483,599999888,'202495311158.png','알림로봇.png','../src/202495311158.png',139874,'.png','N',to_date('24/10/05','RR/MM/DD'));
Insert into ADMIN.TBL_BOARDFILE (FILENO,BOARDNO,FILENAME,FILEORIGINAL,FILEPATH,FILESIZE,FILEEXT,THUMBN,FILECREATEDATE) values (487,200000224,'20249541358756.jpg','다운로드 (1).jpg','../src/20249541358756.jpg',15096,'.jpg','N',to_date('24/10/05','RR/MM/DD'));
Insert into ADMIN.TBL_BOARDFILE (FILENO,BOARDNO,FILENAME,FILEORIGINAL,FILEPATH,FILESIZE,FILEEXT,THUMBN,FILECREATEDATE) values (489,400000197,'20249542526278.png','11111111.png','../src/20249542526278.png',496938,'.png','N',to_date('24/10/05','RR/MM/DD'));
Insert into ADMIN.TBL_BOARDFILE (FILENO,BOARDNO,FILENAME,FILEORIGINAL,FILEPATH,FILESIZE,FILEEXT,THUMBN,FILECREATEDATE) values (495,999999995,'2024955329716.png','뽀로로.png','../src/2024955329716.png',90155,'.png','N',to_date('24/10/05','RR/MM/DD'));
Insert into ADMIN.TBL_BOARDFILE (FILENO,BOARDNO,FILENAME,FILEORIGINAL,FILEPATH,FILESIZE,FILEEXT,THUMBN,FILECREATEDATE) values (497,599999993,'2024955336476.png','손오공.png','../src/2024955336476.png',256015,'.png','N',to_date('24/10/05','RR/MM/DD'));
Insert into ADMIN.TBL_BOARDFILE (FILENO,BOARDNO,FILENAME,FILEORIGINAL,FILEPATH,FILESIZE,FILEEXT,THUMBN,FILECREATEDATE) values (499,600000001,'2024955343281.png','아이언맨.png','../src/2024955343281.png',212926,'.png','N',to_date('24/10/05','RR/MM/DD'));
Insert into ADMIN.TBL_BOARDFILE (FILENO,BOARDNO,FILENAME,FILEORIGINAL,FILEPATH,FILESIZE,FILEEXT,THUMBN,FILECREATEDATE) values (532,200000257,'20249695050565.png','손오공.png','../src/20249695050565.png',256015,'.png','N',to_date('24/10/06','RR/MM/DD'));
Insert into ADMIN.TBL_BOARDFILE (FILENO,BOARDNO,FILENAME,FILEORIGINAL,FILEPATH,FILESIZE,FILEEXT,THUMBN,FILECREATEDATE) values (525,200000246,'20249632738.png','세일러문.png','../src/20249632738.png',70795,'.png','N',to_date('24/10/06','RR/MM/DD'));
Insert into ADMIN.TBL_BOARDFILE (FILENO,BOARDNO,FILENAME,FILEORIGINAL,FILEPATH,FILESIZE,FILEEXT,THUMBN,FILECREATEDATE) values (526,200000247,'2024968415452.png','마루.png','../src/2024968415452.png',31068,'.png','N',to_date('24/10/06','RR/MM/DD'));
Insert into ADMIN.TBL_BOARDFILE (FILENO,BOARDNO,FILENAME,FILEORIGINAL,FILEPATH,FILESIZE,FILEEXT,THUMBN,FILECREATEDATE) values (529,200000251,'20249691327550.png','손오공.png','../src/20249691327550.png',256015,'.png','N',to_date('24/10/06','RR/MM/DD'));
Insert into ADMIN.TBL_BOARDFILE (FILENO,BOARDNO,FILENAME,FILEORIGINAL,FILEPATH,FILESIZE,FILEEXT,THUMBN,FILECREATEDATE) values (530,184,'2024969154709.png','뽀로로.png','../src/2024969154709.png',90155,'.png','N',to_date('24/10/06','RR/MM/DD'));
Insert into ADMIN.TBL_BOARDFILE (FILENO,BOARDNO,FILENAME,FILEORIGINAL,FILEPATH,FILESIZE,FILEEXT,THUMBN,FILECREATEDATE) values (531,200000255,'20249691536296.png','손오공.png','../src/20249691536296.png',256015,'.png','N',to_date('24/10/06','RR/MM/DD'));
Insert into ADMIN.TBL_BOARDFILE (FILENO,BOARDNO,FILENAME,FILEORIGINAL,FILEPATH,FILESIZE,FILEEXT,THUMBN,FILECREATEDATE) values (544,186,'20249784410708.jpg','인트로.jpg','../src/20249784410708.jpg',198921,'.jpg','N',to_date('24/10/07','RR/MM/DD'));
Insert into ADMIN.TBL_BOARDFILE (FILENO,BOARDNO,FILENAME,FILEORIGINAL,FILEPATH,FILESIZE,FILEEXT,THUMBN,FILECREATEDATE) values (548,800000050,'202497104219255.webp','cat.webp','../src/202497104219255.webp',1926,'.webp','N',to_date('24/10/07','RR/MM/DD'));
Insert into ADMIN.TBL_BOARDFILE (FILENO,BOARDNO,FILENAME,FILEORIGINAL,FILEPATH,FILESIZE,FILEEXT,THUMBN,FILECREATEDATE) values (555,400000181,'20249710558644.png','1.png','../src/20249710558644.png',61739,'.png','N',to_date('24/10/07','RR/MM/DD'));
Insert into ADMIN.TBL_BOARDFILE (FILENO,BOARDNO,FILENAME,FILEORIGINAL,FILEPATH,FILESIZE,FILEEXT,THUMBN,FILECREATEDATE) values (558,400000203,'202497111354347.jpg','119255016.1.jpg','../src/202497111354347.jpg',88997,'.jpg','N',to_date('24/10/07','RR/MM/DD'));
Insert into ADMIN.TBL_BOARDFILE (FILENO,BOARDNO,FILENAME,FILEORIGINAL,FILEPATH,FILESIZE,FILEEXT,THUMBN,FILECREATEDATE) values (564,600000014,'2024970424616.png','angle-circle-left_7482884.png','../src/2024970424616.png',14861,'.png','N',to_date('24/10/07','RR/MM/DD'));
Insert into ADMIN.TBL_BOARDFILE (FILENO,BOARDNO,FILENAME,FILEORIGINAL,FILEPATH,FILESIZE,FILEEXT,THUMBN,FILECREATEDATE) values (577,200000295,'20249752524767.png','뽀로로.png','../src/20249752524767.png',90155,'.png','N',to_date('24/10/07','RR/MM/DD'));
Insert into ADMIN.TBL_BOARDFILE (FILENO,BOARDNO,FILENAME,FILEORIGINAL,FILEPATH,FILESIZE,FILEEXT,THUMBN,FILECREATEDATE) values (604,188,'202491105149226.jpg','logo3.jpg','../src/202491105149226.jpg',56657,'.jpg','N',to_date('24/10/11','RR/MM/DD'));
Insert into ADMIN.TBL_BOARDFILE (FILENO,BOARDNO,FILENAME,FILEORIGINAL,FILEPATH,FILESIZE,FILEEXT,THUMBN,FILECREATEDATE) values (505,180,'20249551337152.png','졸라맨.png','../src/20249551337152.png',10255,'.png','N',to_date('24/10/05','RR/MM/DD'));
Insert into ADMIN.TBL_BOARDFILE (FILENO,BOARDNO,FILENAME,FILEORIGINAL,FILEPATH,FILESIZE,FILEEXT,THUMBN,FILECREATEDATE) values (507,600000012,'2024957417529.webp','1등배지최종.webp','../src/2024957417529.webp',173714,'.webp','N',to_date('24/10/05','RR/MM/DD'));
REM INSERTING into ADMIN.TBL_BOOK
SET DEFINE OFF;
Insert into ADMIN.TBL_BOOK (BOOK_ID,TITLE,AUTHOR,PUBLISHER,PRICE,IMAGE,QUANTITY,CATEGORY,EBOOK,CREATED_AT,UPDATED_AT,DISCOUNT) values (9791163036227,'Do it! HTML+CSS+자바스크립트 웹 표준의 정석 (한 권으로 끝내는 웹 기본 교과서)','고경희','이지스퍼블리싱',27000,'https://shopping-phinf.pstatic.net/main_4924876/49248761620.20240720092111.jpg',100,2012,'N',to_date('24/09/17','RR/MM/DD'),null,0);
Insert into ADMIN.TBL_BOOK (BOOK_ID,TITLE,AUTHOR,PUBLISHER,PRICE,IMAGE,QUANTITY,CATEGORY,EBOOK,CREATED_AT,UPDATED_AT,DISCOUNT) values (9791157322237,'Do It!: 사이 영 (화려함보다 꾸준함이 중요해)','씨엘','혜민교육',5400,'https://shopping-phinf.pstatic.net/main_3244211/32442116674.20221019151941.jpg',100,2012,'N',to_date('24/09/07','RR/MM/DD'),null,0);
Insert into ADMIN.TBL_BOOK (BOOK_ID,TITLE,AUTHOR,PUBLISHER,PRICE,IMAGE,QUANTITY,CATEGORY,EBOOK,CREATED_AT,UPDATED_AT,DISCOUNT) values (9791192806129,'아이 캔 두 잇 (삶을 긍정확언으로 바꾸는 신비)','루이스 L. 헤이','케이미라클모닝',15120,'https://shopping-phinf.pstatic.net/main_4545257/45452575619.20240127070844.jpg',100,2012,'N',to_date('24/09/25','RR/MM/DD'),null,0);
Insert into ADMIN.TBL_BOOK (BOOK_ID,TITLE,AUTHOR,PUBLISHER,PRICE,IMAGE,QUANTITY,CATEGORY,EBOOK,CREATED_AT,UPDATED_AT,DISCOUNT) values (9791157322145,'Do It!: 요기 베라 (끝날 때까지는 끝난 것이 아니야)','씨엘','혜민교육',5400,'https://shopping-phinf.pstatic.net/main_3249221/32492214901.20221019131912.jpg',100,2012,'N',to_date('24/09/22','RR/MM/DD'),null,0);
Insert into ADMIN.TBL_BOOK (BOOK_ID,TITLE,AUTHOR,PUBLISHER,PRICE,IMAGE,QUANTITY,CATEGORY,EBOOK,CREATED_AT,UPDATED_AT,DISCOUNT) values (9791136032942,'2025 에듀윌 KBS한국어능력시험 한권끝장 (어휘·어법 노트+통합개념+기출동형 문제+실전모의고사)','송주연^김지학^황혜림','에듀윌',31190,'https://shopping-phinf.pstatic.net/main_4871990/48719908628.20240628071133.jpg',100,2002,'N',to_date('24/09/26','RR/MM/DD'),null,0);
Insert into ADMIN.TBL_BOOK (BOOK_ID,TITLE,AUTHOR,PUBLISHER,PRICE,IMAGE,QUANTITY,CATEGORY,EBOOK,CREATED_AT,UPDATED_AT,DISCOUNT) values (9788998079925,'시로 읽는 조선과 유구 관계사 (시를 통해 조선과 유구의 관계를 바라보다)','이성혜','해피북미디어',25200,'https://shopping-phinf.pstatic.net/main_4991206/49912064624.20240824073312.jpg',100,2002,'N',to_date('24/09/09','RR/MM/DD'),null,0);
Insert into ADMIN.TBL_BOOK (BOOK_ID,TITLE,AUTHOR,PUBLISHER,PRICE,IMAGE,QUANTITY,CATEGORY,EBOOK,CREATED_AT,UPDATED_AT,DISCOUNT) values (9788947286824,'KBS 한국어능력시험 기출문제 22','KBS한국어진흥원','형설출판사',26100,'https://shopping-phinf.pstatic.net/main_4986113/49861137642.20240820091410.jpg',100,2002,'N',to_date('24/09/19','RR/MM/DD'),null,0);
Insert into ADMIN.TBL_BOOK (BOOK_ID,TITLE,AUTHOR,PUBLISHER,PRICE,IMAGE,QUANTITY,CATEGORY,EBOOK,CREATED_AT,UPDATED_AT,DISCOUNT) values (9788968172311,'사전학','조남신','한국문화사',27000,'https://shopping-phinf.pstatic.net/main_3249353/32493536679.20231027092226.jpg',100,2002,'N',to_date('24/09/22','RR/MM/DD'),null,0);
Insert into ADMIN.TBL_BOOK (BOOK_ID,TITLE,AUTHOR,PUBLISHER,PRICE,IMAGE,QUANTITY,CATEGORY,EBOOK,CREATED_AT,UPDATED_AT,DISCOUNT) values (9791136033642,'에듀윌 KBS한국어능력시험 1년 6회분을 다 담은 통기출 600제 2 : 제76, 75, 74, 73, 72, 71회 (제76회~71회 기출 / 해설 무료특강)','KBS한국어진흥원','에듀윌',27000,'https://shopping-phinf.pstatic.net/main_5003272/50032727637.20240828201613.jpg',100,2002,'N',to_date('24/09/17','RR/MM/DD'),null,0);
Insert into ADMIN.TBL_BOOK (BOOK_ID,TITLE,AUTHOR,PUBLISHER,PRICE,IMAGE,QUANTITY,CATEGORY,EBOOK,CREATED_AT,UPDATED_AT,DISCOUNT) values (9791138373470,'TOPIK 한국어 문법 2 (외국인 학습자를 위한 한국어 문법 사전 / 주요 대학 한국어 교재의 문법 정리 / 한국어+중국어 설명으로 선생님과 학생 모두 사용 가능 / TOPIK(한국어능력시험)+KIIP(사회통합프로그램) 동시 대비)','김훈^김미정^이수정^임승선^현원숙','시대에듀',16930,'https://shopping-phinf.pstatic.net/main_4879828/48798286640.20240702091422.jpg',100,2002,'N',to_date('24/09/13','RR/MM/DD'),null,0);
Insert into ADMIN.TBL_BOOK (BOOK_ID,TITLE,AUTHOR,PUBLISHER,PRICE,IMAGE,QUANTITY,CATEGORY,EBOOK,CREATED_AT,UPDATED_AT,DISCOUNT) values (9791163286110,'한국 문화 읽기','이다슴^이영희','동문사',19000,'https://shopping-phinf.pstatic.net/main_4997379/49973795624.20240829071749.jpg',100,2002,'N',to_date('24/09/19','RR/MM/DD'),null,0);
Insert into ADMIN.TBL_BOOK (BOOK_ID,TITLE,AUTHOR,PUBLISHER,PRICE,IMAGE,QUANTITY,CATEGORY,EBOOK,CREATED_AT,UPDATED_AT,DISCOUNT) values (9791192389998,'김재우의 구동사 100 (100일간의 구동사 마스터 클래스)','김재우','상상스퀘어',22280,'https://shopping-phinf.pstatic.net/main_4985510/49855100634.20240820090612.jpg',100,2002,'N',to_date('24/09/20','RR/MM/DD'),null,0);
Insert into ADMIN.TBL_BOOK (BOOK_ID,TITLE,AUTHOR,PUBLISHER,PRICE,IMAGE,QUANTITY,CATEGORY,EBOOK,CREATED_AT,UPDATED_AT,DISCOUNT) values (9788917239492,'ETS 토익 정기시험 기출문제집 1000 Vol 4 LC(리스닝) (토익 기출문제 독점출간/ ALL NEW 최신기출 10회 수록/ 문제집+해설집+무료 정기시험 성우 MP3+무료 동영상 강의+기출어휘 단어장(PDF)+APP 모바일 학습)','ETS','YBM',17820,'https://shopping-phinf.pstatic.net/main_4452770/44527701635.20231209090904.jpg',100,2002,'N',to_date('24/09/14','RR/MM/DD'),null,0);
Insert into ADMIN.TBL_BOOK (BOOK_ID,TITLE,AUTHOR,PUBLISHER,PRICE,IMAGE,QUANTITY,CATEGORY,EBOOK,CREATED_AT,UPDATED_AT,DISCOUNT) values (9791171010998,'영어 낭독 훈련 100일 (영어로 입이 열리는 감동)','박광희^캐나다 교사 영낭훈 연구팀','사람in',23400,'https://shopping-phinf.pstatic.net/main_5024075/50240751635.20240910090214.jpg',100,2002,'N',to_date('24/09/17','RR/MM/DD'),null,0);
Insert into ADMIN.TBL_BOOK (BOOK_ID,TITLE,AUTHOR,PUBLISHER,PRICE,IMAGE,QUANTITY,CATEGORY,EBOOK,CREATED_AT,UPDATED_AT,DISCOUNT) values (9791169192330,'한국어 교사를 위한 한국어교육실습','이금희^이연희^김승희','한국문화사',21600,'https://shopping-phinf.pstatic.net/main_4980033/49800335626.20240831071028.jpg',100,2012,'N',to_date('24/09/17','RR/MM/DD'),null,0);
Insert into ADMIN.TBL_BOOK (BOOK_ID,TITLE,AUTHOR,PUBLISHER,PRICE,IMAGE,QUANTITY,CATEGORY,EBOOK,CREATED_AT,UPDATED_AT,DISCOUNT) values (9788961842556,'동국정운 (훈민정음의 창제 동기와 의의)','이재흥','어문학사',32400,'https://shopping-phinf.pstatic.net/main_3250593/32505933081.20221228072144.jpg',100,2002,'N',to_date('24/09/23','RR/MM/DD'),null,0);
Insert into ADMIN.TBL_BOOK (BOOK_ID,TITLE,AUTHOR,PUBLISHER,PRICE,IMAGE,QUANTITY,CATEGORY,EBOOK,CREATED_AT,UPDATED_AT,DISCOUNT) values (9788975854453,'살아있는 한국어 1(AudioCD) (Korean Alive Beginner 1)','계명대학교 한국어학당','계명대학교출판부',4750,'https://shopping-phinf.pstatic.net/main_3249278/32492789759.20221228072948.jpg',100,2002,'N',to_date('24/09/09','RR/MM/DD'),null,0);
Insert into ADMIN.TBL_BOOK (BOOK_ID,TITLE,AUTHOR,PUBLISHER,PRICE,IMAGE,QUANTITY,CATEGORY,EBOOK,CREATED_AT,UPDATED_AT,DISCOUNT) values (9788901281797,'빨모쌤의 라이브 영어회화(특별 부록 한정판) (맥락과 뉘앙스가 살아나는 진짜 영어 말하기 수업)','신용하','웅진지식하우스',19800,'https://shopping-phinf.pstatic.net/main_4707068/47070681618.20240416111604.jpg',100,2002,'N',to_date('24/09/16','RR/MM/DD'),null,0);
Insert into ADMIN.TBL_BOOK (BOOK_ID,TITLE,AUTHOR,PUBLISHER,PRICE,IMAGE,QUANTITY,CATEGORY,EBOOK,CREATED_AT,UPDATED_AT,DISCOUNT) values (9788917239508,'ETS 토익 정기시험 기출문제집 1000 Vol 4 RC(리딩) (토익 기출문제 독점출간/ ALL NEW 최신기출 10회 수록/ 문제집+해설집+무료 동영상 강의+기출어휘 단어장(PDF)+APP 모바일 학습)','ETS','YBM',17820,'https://shopping-phinf.pstatic.net/main_4452769/44527696641.20231209090903.jpg',100,2002,'N',to_date('24/09/06','RR/MM/DD'),null,0);
Insert into ADMIN.TBL_BOOK (BOOK_ID,TITLE,AUTHOR,PUBLISHER,PRICE,IMAGE,QUANTITY,CATEGORY,EBOOK,CREATED_AT,UPDATED_AT,DISCOUNT) values (9788957313916,'능력 있는 설교 이렇게 한다','마이클 더두잇','국제제자훈련원',15300,'https://shopping-phinf.pstatic.net/main_3255763/32557633642.20221019151542.jpg',100,2012,'N',to_date('24/09/19','RR/MM/DD'),null,0);
Insert into ADMIN.TBL_BOOK (BOOK_ID,TITLE,AUTHOR,PUBLISHER,PRICE,IMAGE,QUANTITY,CATEGORY,EBOOK,CREATED_AT,UPDATED_AT,DISCOUNT) values (9791197015298,'DO IT 두잇 (마지막 때를 알고 이기는 자가 되는)','데이비드 차','아크',11000,'https://shopping-phinf.pstatic.net/main_3782132/37821321625.20230919130722.jpg',100,2012,'N',to_date('24/09/19','RR/MM/DD'),null,0);
Insert into ADMIN.TBL_BOOK (BOOK_ID,TITLE,AUTHOR,PUBLISHER,PRICE,IMAGE,QUANTITY,CATEGORY,EBOOK,CREATED_AT,UPDATED_AT,DISCOUNT) values (9791163034735,'Do it! 점프 투 파이썬 (중학생도 첫날부터 실습하는 초고속 입문서)','박응용','이지스퍼블리싱',19800,'https://shopping-phinf.pstatic.net/main_4035408/40354085633.20230927071024.jpg',100,2012,'N',to_date('24/09/06','RR/MM/DD'),null,0);
Insert into ADMIN.TBL_BOOK (BOOK_ID,TITLE,AUTHOR,PUBLISHER,PRICE,IMAGE,QUANTITY,CATEGORY,EBOOK,CREATED_AT,UPDATED_AT,DISCOUNT) values (9791163035695,'Do it! C++ 완전 정복 (기초부터 실전까지 제대로 배운다!)','조규남^문종채','이지스퍼블리싱',28520,'https://shopping-phinf.pstatic.net/main_4657114/46571148632.20240323071009.jpg',100,2012,'N',to_date('24/09/06','RR/MM/DD'),null,0);
Insert into ADMIN.TBL_BOOK (BOOK_ID,TITLE,AUTHOR,PUBLISHER,PRICE,IMAGE,QUANTITY,CATEGORY,EBOOK,CREATED_AT,UPDATED_AT,DISCOUNT) values (9791163036012,'Do it! 깡샘의 안드로이드 앱 프로그래밍 with 코틀린 (친절한 문법 설명 + 19개 실습 예제로 배우는 모바일 앱 개발)','강성윤','이지스퍼블리싱',35640,'https://shopping-phinf.pstatic.net/main_4810539/48105390623.20240603070848.jpg',100,2012,'N',to_date('24/09/13','RR/MM/DD'),null,0);
Insert into ADMIN.TBL_BOOK (BOOK_ID,TITLE,AUTHOR,PUBLISHER,PRICE,IMAGE,QUANTITY,CATEGORY,EBOOK,CREATED_AT,UPDATED_AT,DISCOUNT) values (9791171010950,'거의 모든 상황별 적절한 영어 표현들 (한국인의 마음을 담은 영어 표현들)','June Sweeney','사람in',19610,'https://shopping-phinf.pstatic.net/main_4979972/49799726624.20240816071209.jpg',100,2002,'N',to_date('24/09/17','RR/MM/DD'),null,0);
Insert into ADMIN.TBL_BOOK (BOOK_ID,TITLE,AUTHOR,PUBLISHER,PRICE,IMAGE,QUANTITY,CATEGORY,EBOOK,CREATED_AT,UPDATED_AT,DISCOUNT) values (9788965422785,'해커스 토익 기출 VOCA(보카) (주제별 연상암기로 토익 영단어 30일 완성!)','David Cho','해커스어학연구소',11610,'https://shopping-phinf.pstatic.net/main_3243633/32436333110.20230614072541.jpg',100,2002,'N',to_date('24/09/20','RR/MM/DD'),null,0);
Insert into ADMIN.TBL_BOOK (BOOK_ID,TITLE,AUTHOR,PUBLISHER,PRICE,IMAGE,QUANTITY,CATEGORY,EBOOK,CREATED_AT,UPDATED_AT,DISCOUNT) values (9791171010875,'영어로 문장 만들기 훈련 1차 임계점','유은하','사람in',19800,'https://shopping-phinf.pstatic.net/main_4907038/49070383628.20240712093657.jpg',100,2002,'N',to_date('24/09/17','RR/MM/DD'),null,0);
Insert into ADMIN.TBL_BOOK (BOOK_ID,TITLE,AUTHOR,PUBLISHER,PRICE,IMAGE,QUANTITY,CATEGORY,EBOOK,CREATED_AT,UPDATED_AT,DISCOUNT) values (9791172100636,'네이티브처럼 듣고 말하는 영어 구동사 수업 (구동사를 완벽하게 익히는 8단계 영어 학습법)','조찬웅^Kayla Mundstock','동양북스',17650,'https://shopping-phinf.pstatic.net/main_4980030/49800302620.20240816071103.jpg',100,2002,'N',to_date('24/09/21','RR/MM/DD'),null,0);
Insert into ADMIN.TBL_BOOK (BOOK_ID,TITLE,AUTHOR,PUBLISHER,PRICE,IMAGE,QUANTITY,CATEGORY,EBOOK,CREATED_AT,UPDATED_AT,DISCOUNT) values (9788965425069,'해커스 토익 실전 1000제 1 RC Reading(리딩) 해설집 (최신기출유형 100% 반영)','해커스어학연구소','해커스어학연구소',10710,'https://shopping-phinf.pstatic.net/main_3641033/36410336624.20230313183240.jpg',100,2002,'N',to_date('24/09/28','RR/MM/DD'),null,0);
Insert into ADMIN.TBL_BOOK (BOOK_ID,TITLE,AUTHOR,PUBLISHER,PRICE,IMAGE,QUANTITY,CATEGORY,EBOOK,CREATED_AT,UPDATED_AT,DISCOUNT) values (9791158742300,'미적분, 놀라운 일상의 공식 (인생에 꼭 한 번은 이해해야 할 수학적 사고법)','구라모토 다카후미','미디어숲',19800,'https://shopping-phinf.pstatic.net/main_5006972/50069723622.20240831091027.jpg',100,2004,'N',to_date('24/09/25','RR/MM/DD'),null,0);
Insert into ADMIN.TBL_BOOK (BOOK_ID,TITLE,AUTHOR,PUBLISHER,PRICE,IMAGE,QUANTITY,CATEGORY,EBOOK,CREATED_AT,UPDATED_AT,DISCOUNT) values (9788962624953,'수학이 생명의 언어라면 (수면부터 생체 리듬, 팬데믹, 신약 개발까지, 생명을 해독하는 수리생물학의 세계)','김재경','동아시아',16040,'https://shopping-phinf.pstatic.net/main_4991206/49912060618.20240824075124.jpg',100,2004,'N',to_date('24/09/10','RR/MM/DD'),null,0);
Insert into ADMIN.TBL_BOOK (BOOK_ID,TITLE,AUTHOR,PUBLISHER,PRICE,IMAGE,QUANTITY,CATEGORY,EBOOK,CREATED_AT,UPDATED_AT,DISCOUNT) values (9791193638408,'수학의 아름다움이 서사가 된다면 (모비 딕의 기하학부터 쥬라기 공원의 프랙털까지)','새러 하트','미래의창',16600,'https://shopping-phinf.pstatic.net/main_4980030/49800308633.20240820090036.jpg',100,2003,'N',to_date('24/09/16','RR/MM/DD'),null,0);
Insert into ADMIN.TBL_BOOK (BOOK_ID,TITLE,AUTHOR,PUBLISHER,PRICE,IMAGE,QUANTITY,CATEGORY,EBOOK,CREATED_AT,UPDATED_AT,DISCOUNT) values (9791194033127,'더 좋은 문장을 쓰고 싶은 당신을 위한 필사책','이주윤','빅피시',19610,'https://shopping-phinf.pstatic.net/main_4949751/49497510619.20240801071350.jpg',100,2006,'N',to_date('24/09/06','RR/MM/DD'),null,0);
Insert into ADMIN.TBL_BOOK (BOOK_ID,TITLE,AUTHOR,PUBLISHER,PRICE,IMAGE,QUANTITY,CATEGORY,EBOOK,CREATED_AT,UPDATED_AT,DISCOUNT) values (9788959797998,'한권으로 끝내는 중학 수학(2025) (2025년 개정판)','박구연','지브레인',21600,'https://shopping-phinf.pstatic.net/main_4980033/49800334687.20240816071233.jpg',100,2003,'N',to_date('24/09/27','RR/MM/DD'),null,0);
Insert into ADMIN.TBL_BOOK (BOOK_ID,TITLE,AUTHOR,PUBLISHER,PRICE,IMAGE,QUANTITY,CATEGORY,EBOOK,CREATED_AT,UPDATED_AT,DISCOUNT) values (9791140714049,'수학은 알고 있다 (99퍼센트의 예측을 만드는 한 줄의 방정식)','김종성^이택호','더퀘스트',18720,'https://shopping-phinf.pstatic.net/main_4925092/49250920619.20240720092106.jpg',100,2003,'N',to_date('24/09/26','RR/MM/DD'),null,0);
Insert into ADMIN.TBL_BOOK (BOOK_ID,TITLE,AUTHOR,PUBLISHER,PRICE,IMAGE,QUANTITY,CATEGORY,EBOOK,CREATED_AT,UPDATED_AT,DISCOUNT) values (9791168622760,'평생 써먹는 수학 용어집 (알아만 두어도 세상이 재미있어지는 수학 길잡이)','사사키 준','시그마북스',19800,'https://shopping-phinf.pstatic.net/main_4998925/49989251618.20240829071755.jpg',100,2003,'N',to_date('24/09/14','RR/MM/DD'),null,0);
Insert into ADMIN.TBL_BOOK (BOOK_ID,TITLE,AUTHOR,PUBLISHER,PRICE,IMAGE,QUANTITY,CATEGORY,EBOOK,CREATED_AT,UPDATED_AT,DISCOUNT) values (9788958208938,'세상에서 가장 재미있는 기하학','래리 고닉','궁리',16200,'https://shopping-phinf.pstatic.net/main_4989249/49892493644.20240822070951.jpg',100,2003,'N',to_date('24/09/10','RR/MM/DD'),null,0);
Insert into ADMIN.TBL_BOOK (BOOK_ID,TITLE,AUTHOR,PUBLISHER,PRICE,IMAGE,QUANTITY,CATEGORY,EBOOK,CREATED_AT,UPDATED_AT,DISCOUNT) values (9791193686492,'어려운 수학을 맛있게 즐겨보는 수학 겉핥기 (어려운 수학을 맛있게 즐겨보는)','김일희','종이향기',26730,'https://shopping-phinf.pstatic.net/main_4850842/48508429620.20240618091417.jpg',100,2003,'N',to_date('24/09/10','RR/MM/DD'),null,0);
Insert into ADMIN.TBL_BOOK (BOOK_ID,TITLE,AUTHOR,PUBLISHER,PRICE,IMAGE,QUANTITY,CATEGORY,EBOOK,CREATED_AT,UPDATED_AT,DISCOUNT) values (9791156640264,'이공계생을 위한 확률과 통계 (제3판)','안승철^이광연^김진수^박기섭','한빛아카데미',24180,'https://shopping-phinf.pstatic.net/main_4592341/45923410630.20240221090931.jpg',100,2003,'N',to_date('24/09/21','RR/MM/DD'),null,0);
Insert into ADMIN.TBL_BOOK (BOOK_ID,TITLE,AUTHOR,PUBLISHER,PRICE,IMAGE,QUANTITY,CATEGORY,EBOOK,CREATED_AT,UPDATED_AT,DISCOUNT) values (9791191013597,'아주 이상한 수학책 (그림, 게임, 퍼즐로 즐기는 재미있는 두뇌 게임 75¼)','벤 올린','북라이프',22280,'https://shopping-phinf.pstatic.net/main_4579610/45796108632.20240214090923.jpg',100,2003,'N',to_date('24/09/24','RR/MM/DD'),null,0);
Insert into ADMIN.TBL_BOOK (BOOK_ID,TITLE,AUTHOR,PUBLISHER,PRICE,IMAGE,QUANTITY,CATEGORY,EBOOK,CREATED_AT,UPDATED_AT,DISCOUNT) values (9791165349936,'화이트홀','카를로 로벨리','쌤앤파커스',16040,'https://shopping-phinf.pstatic.net/main_4986115/49861154646.20240820091416.jpg',100,2004,'N',to_date('24/09/28','RR/MM/DD'),null,0);
Insert into ADMIN.TBL_BOOK (BOOK_ID,TITLE,AUTHOR,PUBLISHER,PRICE,IMAGE,QUANTITY,CATEGORY,EBOOK,CREATED_AT,UPDATED_AT,DISCOUNT) values (9788932473901,'이기적 유전자 (40주년 기념판)','리처드 도킨스','을유문화사',18000,'https://shopping-phinf.pstatic.net/main_3247303/32473030836.20231003084536.jpg',100,2004,'N',to_date('24/09/19','RR/MM/DD'),null,0);
Insert into ADMIN.TBL_BOOK (BOOK_ID,TITLE,AUTHOR,PUBLISHER,PRICE,IMAGE,QUANTITY,CATEGORY,EBOOK,CREATED_AT,UPDATED_AT,DISCOUNT) values (9791191122633,'과학을 보다 2 (바로 읽고 바로 써먹는 기발하고 수상한 과학책)','김범준^김응빈^우주먼지^정영진','알파미디어',17820,'https://shopping-phinf.pstatic.net/main_4808036/48080360618.20240531095758.jpg',100,2004,'N',to_date('24/09/23','RR/MM/DD'),null,0);
Insert into ADMIN.TBL_BOOK (BOOK_ID,TITLE,AUTHOR,PUBLISHER,PRICE,IMAGE,QUANTITY,CATEGORY,EBOOK,CREATED_AT,UPDATED_AT,DISCOUNT) values (9791190254366,'슈뢰딩거의 자연철학 강의 (자연과 고대 그리스 철학자들, 과학과 인문주의)','에르빈 슈뢰딩거','에디토리얼',15750,'https://shopping-phinf.pstatic.net/main_5004444/50044447623.20240912071115.jpg',100,2004,'N',to_date('24/09/26','RR/MM/DD'),null,0);
Insert into ADMIN.TBL_BOOK (BOOK_ID,TITLE,AUTHOR,PUBLISHER,PRICE,IMAGE,QUANTITY,CATEGORY,EBOOK,CREATED_AT,UPDATED_AT,DISCOUNT) values (9791165679095,'한국 전통음식 (궁중음식, 반가음식, 향토음식, 시절음식)','이진택^신경은^윤미리^장경태','백산출판사',19800,'https://shopping-phinf.pstatic.net/main_5010989/50109890619.20240905074403.jpg',100,2004,'N',to_date('24/09/14','RR/MM/DD'),null,0);
Insert into ADMIN.TBL_BOOK (BOOK_ID,TITLE,AUTHOR,PUBLISHER,PRICE,IMAGE,QUANTITY,CATEGORY,EBOOK,CREATED_AT,UPDATED_AT,DISCOUNT) values (9791130655017,'찬란한 멸종 (거꾸로 읽는 유쾌한 지구의 역사)','이정모','다산북스',18720,'https://shopping-phinf.pstatic.net/main_4954949/49549492622.20240815214702.jpg',100,2004,'N',to_date('24/09/13','RR/MM/DD'),null,0);
Insert into ADMIN.TBL_BOOK (BOOK_ID,TITLE,AUTHOR,PUBLISHER,PRICE,IMAGE,QUANTITY,CATEGORY,EBOOK,CREATED_AT,UPDATED_AT,DISCOUNT) values (9788977462281,'살아서 지옥을 볼 것인가 (기후시민으로 살아가기)','김해동','내일을여는책',14710,'https://shopping-phinf.pstatic.net/main_5023879/50238790700.20240911071726.jpg',100,2004,'N',to_date('24/09/20','RR/MM/DD'),null,0);
Insert into ADMIN.TBL_BOOK (BOOK_ID,TITLE,AUTHOR,PUBLISHER,PRICE,IMAGE,QUANTITY,CATEGORY,EBOOK,CREATED_AT,UPDATED_AT,DISCOUNT) values (9788934933922,'구름관찰자를 위한 그림책','개빈 프레터피니','김영사',16760,'https://shopping-phinf.pstatic.net/main_4957662/49576625618.20240804071017.jpg',100,2004,'N',to_date('24/09/25','RR/MM/DD'),null,0);
Insert into ADMIN.TBL_BOOK (BOOK_ID,TITLE,AUTHOR,PUBLISHER,PRICE,IMAGE,QUANTITY,CATEGORY,EBOOK,CREATED_AT,UPDATED_AT,DISCOUNT) values (9791193027356,'참 좋았더라 (이중섭의 화양연화)','김탁환','남해의봄날',17380,'https://shopping-phinf.pstatic.net/main_5011575/50115751627.20240904070940.jpg',100,2005,'N',to_date('24/09/26','RR/MM/DD'),null,0);
Insert into ADMIN.TBL_BOOK (BOOK_ID,TITLE,AUTHOR,PUBLISHER,PRICE,IMAGE,QUANTITY,CATEGORY,EBOOK,CREATED_AT,UPDATED_AT,DISCOUNT) values (9791192169408,'교양인이 알아야 할 음식의 역사 (인류는 무엇을 어떻게 먹어왔을까, 그리고 미래에도 그렇게 먹을 수 있을까)','자크 아탈리','따비',20500,'https://shopping-phinf.pstatic.net/main_5029639/50296395624.20240912115119.jpg',100,2005,'N',to_date('24/09/13','RR/MM/DD'),null,0);
Insert into ADMIN.TBL_BOOK (BOOK_ID,TITLE,AUTHOR,PUBLISHER,PRICE,IMAGE,QUANTITY,CATEGORY,EBOOK,CREATED_AT,UPDATED_AT,DISCOUNT) values (9791193401002,'최태성의 365 한국사 일력(리패키지) (곁에 두고 쉽게 배우는 오늘의 역사)','최태성','프런트페이지',19610,'https://shopping-phinf.pstatic.net/main_4336205/43362051623.20231022070928.jpg',100,2005,'N',to_date('24/09/07','RR/MM/DD'),null,0);
Insert into ADMIN.TBL_BOOK (BOOK_ID,TITLE,AUTHOR,PUBLISHER,PRICE,IMAGE,QUANTITY,CATEGORY,EBOOK,CREATED_AT,UPDATED_AT,DISCOUNT) values (9788934942467,'총 균 쇠 (인간 사회의 운명을 바꾼 힘)','재레드 다이아몬드','김영사',26820,'https://shopping-phinf.pstatic.net/main_3985696/39856960624.20230829090130.jpg',100,2005,'N',to_date('24/09/09','RR/MM/DD'),null,0);
Insert into ADMIN.TBL_BOOK (BOOK_ID,TITLE,AUTHOR,PUBLISHER,PRICE,IMAGE,QUANTITY,CATEGORY,EBOOK,CREATED_AT,UPDATED_AT,DISCOUNT) values (9791189328870,'사라진 근대사 100장면 1 (몰락의 시대 | 진실을 밝혀내는 박종인의 역사 전쟁)','박종인','와이즈맵',17820,'https://shopping-phinf.pstatic.net/main_5007642/50076429620.20240831091022.jpg',100,2005,'N',to_date('24/09/10','RR/MM/DD'),null,0);
Insert into ADMIN.TBL_BOOK (BOOK_ID,TITLE,AUTHOR,PUBLISHER,PRICE,IMAGE,QUANTITY,CATEGORY,EBOOK,CREATED_AT,UPDATED_AT,DISCOUNT) values (9788958070177,'세계사를 움직이는 다섯 가지 힘 (욕망 + 모더니즘 + 제국주의 + 몬스터 + 종교)','사이토 다카시','뜨인돌',16040,'https://shopping-phinf.pstatic.net/main_4887338/48873384619.20240704072029.jpg',100,2005,'N',to_date('24/09/21','RR/MM/DD'),null,0);
Insert into ADMIN.TBL_BOOK (BOOK_ID,TITLE,AUTHOR,PUBLISHER,PRICE,IMAGE,QUANTITY,CATEGORY,EBOOK,CREATED_AT,UPDATED_AT,DISCOUNT) values (9791189328900,'사라진 근대사 100장면 2 (반동의 시대 | 진실을 밝혀내는 박종인의 역사 전쟁)','박종인','와이즈맵',17820,'https://shopping-phinf.pstatic.net/main_5007643/50076432627.20240831091045.jpg',100,2005,'N',to_date('24/09/19','RR/MM/DD'),null,0);
Insert into ADMIN.TBL_BOOK (BOOK_ID,TITLE,AUTHOR,PUBLISHER,PRICE,IMAGE,QUANTITY,CATEGORY,EBOOK,CREATED_AT,UPDATED_AT,DISCOUNT) values (9791158492489,'훈민정음의 비밀','우세종','모아북스',17820,'https://shopping-phinf.pstatic.net/main_5030856/50308569621.20240915071552.jpg',100,2005,'N',to_date('24/09/19','RR/MM/DD'),null,0);
Insert into ADMIN.TBL_BOOK (BOOK_ID,TITLE,AUTHOR,PUBLISHER,PRICE,IMAGE,QUANTITY,CATEGORY,EBOOK,CREATED_AT,UPDATED_AT,DISCOUNT) values (9791192988900,'소비의 한국사 (우리는 무엇을 먹고 마시고 탐닉했나)','김동주^김재원^박우현^이휘현^주동빈','서해문집',18900,'https://shopping-phinf.pstatic.net/main_5033023/50330238662.20240921091748.jpg',100,2005,'N',to_date('24/09/16','RR/MM/DD'),null,0);
Insert into ADMIN.TBL_BOOK (BOOK_ID,TITLE,AUTHOR,PUBLISHER,PRICE,IMAGE,QUANTITY,CATEGORY,EBOOK,CREATED_AT,UPDATED_AT,DISCOUNT) values (9791197338670,'울독 아리랑 (동해안 12도시 이야기)','정진호^김윤배^김남일','울독',29700,'https://shopping-phinf.pstatic.net/main_5044988/50449888629.20240925071521.jpg',100,2005,'N',to_date('24/09/23','RR/MM/DD'),null,0);
Insert into ADMIN.TBL_BOOK (BOOK_ID,TITLE,AUTHOR,PUBLISHER,PRICE,IMAGE,QUANTITY,CATEGORY,EBOOK,CREATED_AT,UPDATED_AT,DISCOUNT) values (9791168478954,'글쓰기의 힘 (읽지 않는 시대에 글을 써야 하는 이유)','사이토 다카시','데이원',15150,'https://shopping-phinf.pstatic.net/main_4979972/49799728625.20240816071237.jpg',100,2006,'N',to_date('24/09/27','RR/MM/DD'),null,0);
Insert into ADMIN.TBL_BOOK (BOOK_ID,TITLE,AUTHOR,PUBLISHER,PRICE,IMAGE,QUANTITY,CATEGORY,EBOOK,CREATED_AT,UPDATED_AT,DISCOUNT) values (9788954640527,'1Q84 3(상)(문고판) (10月-12月)','무라카미 하루키','문학동네',5400,'https://shopping-phinf.pstatic.net/main_3249151/32491516817.20240731071234.jpg',100,2006,'N',to_date('24/09/16','RR/MM/DD'),null,0);
Insert into ADMIN.TBL_BOOK (BOOK_ID,TITLE,AUTHOR,PUBLISHER,PRICE,IMAGE,QUANTITY,CATEGORY,EBOOK,CREATED_AT,UPDATED_AT,DISCOUNT) values (9788954699075,'도시와 그 불확실한 벽 (무라카미 하루키 장편소설)','무라카미 하루키','문학동네',17380,'https://shopping-phinf.pstatic.net/main_4229259/42292599622.20231004072421.jpg',100,2006,'N',to_date('24/09/08','RR/MM/DD'),null,0);
Insert into ADMIN.TBL_BOOK (BOOK_ID,TITLE,AUTHOR,PUBLISHER,PRICE,IMAGE,QUANTITY,CATEGORY,EBOOK,CREATED_AT,UPDATED_AT,DISCOUNT) values (9788937434488,'노르웨이의 숲','무라카미 하루키','민음사',15300,'https://shopping-phinf.pstatic.net/main_3247334/32473349503.20230718123030.jpg',100,2006,'N',to_date('24/09/18','RR/MM/DD'),null,0);
Insert into ADMIN.TBL_BOOK (BOOK_ID,TITLE,AUTHOR,PUBLISHER,PRICE,IMAGE,QUANTITY,CATEGORY,EBOOK,CREATED_AT,UPDATED_AT,DISCOUNT) values (9788970125954,'바람의 노래를 들어라','무라카미 하루키','문학사상',12030,'https://shopping-phinf.pstatic.net/main_4851657/48516574625.20241002070950.jpg',100,2006,'N',to_date('24/09/18','RR/MM/DD'),null,0);
Insert into ADMIN.TBL_BOOK (BOOK_ID,TITLE,AUTHOR,PUBLISHER,PRICE,IMAGE,QUANTITY,CATEGORY,EBOOK,CREATED_AT,UPDATED_AT,DISCOUNT) values (9791167741615,'A4 한 장을 쓰는 힘 (글쓰기 근력을 길러줄 최소한의 글쓰기 수업)','안광복','어크로스',15150,'https://shopping-phinf.pstatic.net/main_4980030/49800308620.20240816071248.jpg',100,2006,'N',to_date('24/09/18','RR/MM/DD'),null,0);
Insert into ADMIN.TBL_BOOK (BOOK_ID,TITLE,AUTHOR,PUBLISHER,PRICE,IMAGE,QUANTITY,CATEGORY,EBOOK,CREATED_AT,UPDATED_AT,DISCOUNT) values (9791192908298,'글쓰기의 감각 (21세기 지성인들을 위한 영어 글쓰기의 정석)','스티븐 핑커','사이언스북스',26730,'https://shopping-phinf.pstatic.net/main_4954949/49549498618.20240802074828.jpg',100,2006,'N',to_date('24/09/19','RR/MM/DD'),null,0);
Insert into ADMIN.TBL_BOOK (BOOK_ID,TITLE,AUTHOR,PUBLISHER,PRICE,IMAGE,QUANTITY,CATEGORY,EBOOK,CREATED_AT,UPDATED_AT,DISCOUNT) values (9788934977322,'유혹하는 글쓰기(리뉴얼판) (스티븐 킹의 창작론)','스티븐 킹','김영사',11700,'https://shopping-phinf.pstatic.net/main_3245905/32459052808.20230913071416.jpg',100,2006,'N',to_date('24/09/14','RR/MM/DD'),null,0);
Insert into ADMIN.TBL_BOOK (BOOK_ID,TITLE,AUTHOR,PUBLISHER,PRICE,IMAGE,QUANTITY,CATEGORY,EBOOK,CREATED_AT,UPDATED_AT,DISCOUNT) values (9791192389837,'여백으로부터 글쓰기 (비우고 다시 써나가는 자기만의 글)','수잔 그리핀','상상스퀘어',15860,'https://shopping-phinf.pstatic.net/main_4866264/48662645633.20240626093031.jpg',100,2006,'N',to_date('24/09/22','RR/MM/DD'),null,0);
Insert into ADMIN.TBL_BOOK (BOOK_ID,TITLE,AUTHOR,PUBLISHER,PRICE,IMAGE,QUANTITY,CATEGORY,EBOOK,CREATED_AT,UPDATED_AT,DISCOUNT) values (9791193842058,'요즘 초등생을 위한 최소한의 고전수업 (끝까지 파고드는 아이를 위한 초등 6년 독서 로드맵)','김민아','청림라이프',16040,'https://shopping-phinf.pstatic.net/main_4800571/48005714634.20240528091815.jpg',100,2006,'N',to_date('24/09/26','RR/MM/DD'),null,0);
Insert into ADMIN.TBL_BOOK (BOOK_ID,TITLE,AUTHOR,PUBLISHER,PRICE,IMAGE,QUANTITY,CATEGORY,EBOOK,CREATED_AT,UPDATED_AT,DISCOUNT) values (9791166571060,'초등 인문학 필독서 45 (초등학교 선생님이 먼저 읽고 추천하는)','김철홍','센시오',17650,'https://shopping-phinf.pstatic.net/main_4044376/40443760629.20230801121555.jpg',100,2006,'N',to_date('24/09/17','RR/MM/DD'),null,0);
Insert into ADMIN.TBL_BOOK (BOOK_ID,TITLE,AUTHOR,PUBLISHER,PRICE,IMAGE,QUANTITY,CATEGORY,EBOOK,CREATED_AT,UPDATED_AT,DISCOUNT) values (9791192625300,'이은경쌤의 초등어휘일력 365(리커버) (국어 문학 속 어휘 완전정복!)','이은경','포레스트북스',16920,'https://shopping-phinf.pstatic.net/main_3527660/35276600618.20231004072409.jpg',100,2006,'N',to_date('24/09/13','RR/MM/DD'),null,0);
Insert into ADMIN.TBL_BOOK (BOOK_ID,TITLE,AUTHOR,PUBLISHER,PRICE,IMAGE,QUANTITY,CATEGORY,EBOOK,CREATED_AT,UPDATED_AT,DISCOUNT) values (9791190710589,'어른의 어휘력(15만 부 양장 리커버 에디션) (말에 품격을 더하고 세상을 올바르게 이해하는 힘)','유선경','앤의서재',16760,'https://shopping-phinf.pstatic.net/main_3935790/39357905619.20230530082811.jpg',100,2006,'N',to_date('24/09/15','RR/MM/DD'),null,0);
Insert into ADMIN.TBL_BOOK (BOOK_ID,TITLE,AUTHOR,PUBLISHER,PRICE,IMAGE,QUANTITY,CATEGORY,EBOOK,CREATED_AT,UPDATED_AT,DISCOUNT) values (9791193130094,'처음 읽는 술의 세계사 (한 잔 술에 담긴 인류 역사 이야기)','미야자키 마사카츠','탐나는책',15150,'https://shopping-phinf.pstatic.net/main_4143709/41437093624.20231003084404.jpg',100,2006,'N',to_date('24/09/13','RR/MM/DD'),null,0);
Insert into ADMIN.TBL_BOOK (BOOK_ID,TITLE,AUTHOR,PUBLISHER,PRICE,IMAGE,QUANTITY,CATEGORY,EBOOK,CREATED_AT,UPDATED_AT,DISCOUNT) values (9791140709403,'그림으로 이해하는 알고리즘 (알고리즘과 자료 구조, 쉽고 재미있게 시작하자!)','이시다 모리테루^미야자키 슈이치','길벗',19610,'https://shopping-phinf.pstatic.net/main_4731060/47310602619.20240426091014.jpg',100,2006,'N',to_date('24/09/23','RR/MM/DD'),null,0);
Insert into ADMIN.TBL_BOOK (BOOK_ID,TITLE,AUTHOR,PUBLISHER,PRICE,IMAGE,QUANTITY,CATEGORY,EBOOK,CREATED_AT,UPDATED_AT,DISCOUNT) values (9791141100544,'학전도시 애스터리스크 17 (육화단원, Extreme Novel)','미야자키 유','학산문화사',6300,'https://shopping-phinf.pstatic.net/main_4068744/40687449625.20230815080125.jpg',100,2006,'N',to_date('24/09/08','RR/MM/DD'),null,0);
Insert into ADMIN.TBL_BOOK (BOOK_ID,TITLE,AUTHOR,PUBLISHER,PRICE,IMAGE,QUANTITY,CATEGORY,EBOOK,CREATED_AT,UPDATED_AT,DISCOUNT) values (9791141100537,'학전도시 애스터리스크 16 (금지쟁람)','미야자키 유','학산문화사',6300,'https://shopping-phinf.pstatic.net/main_3867416/38674169635.20230906071222.jpg',100,2006,'N',to_date('24/09/06','RR/MM/DD'),null,0);
Insert into ADMIN.TBL_BOOK (BOOK_ID,TITLE,AUTHOR,PUBLISHER,PRICE,IMAGE,QUANTITY,CATEGORY,EBOOK,CREATED_AT,UPDATED_AT,DISCOUNT) values (9791172880576,'벼랑 위의 포뇨 (개정판)','미야자키 하야오','대원씨아이',18000,'https://shopping-phinf.pstatic.net/main_4999279/49992798638.20240827201819.jpg',99,2006,'N',to_date('24/09/11','RR/MM/DD'),null,0);
Insert into ADMIN.TBL_BOOK (BOOK_ID,TITLE,AUTHOR,PUBLISHER,PRICE,IMAGE,QUANTITY,CATEGORY,EBOOK,CREATED_AT,UPDATED_AT,DISCOUNT) values (9791172880569,'센과 치히로의 행방불명 (개정판)','미야자키 하야오','대원씨아이',18000,'https://shopping-phinf.pstatic.net/main_4999279/49992793625.20240827201813.jpg',100,2006,'N',to_date('24/09/16','RR/MM/DD'),null,0);
Insert into ADMIN.TBL_BOOK (BOOK_ID,TITLE,AUTHOR,PUBLISHER,PRICE,IMAGE,QUANTITY,CATEGORY,EBOOK,CREATED_AT,UPDATED_AT,DISCOUNT) values (9784197700851,'千と千尋の神隱し Spirited away 4 (フィルムコミック)','미야자키 하야오','德間書店',10290,'https://shopping-phinf.pstatic.net/main_3244507/32445077852.20230817070814.jpg',100,2006,'N',to_date('24/09/26','RR/MM/DD'),null,0);
Insert into ADMIN.TBL_BOOK (BOOK_ID,TITLE,AUTHOR,PUBLISHER,PRICE,IMAGE,QUANTITY,CATEGORY,EBOOK,CREATED_AT,UPDATED_AT,DISCOUNT) values (9784197700868,'千と千尋の神隱し Spirited away 5 (フィルムコミック)','미야자키 하야오','德間書店',10290,'https://shopping-phinf.pstatic.net/main_3254125/32541255666.20230817070802.jpg',100,2006,'N',to_date('24/09/23','RR/MM/DD'),null,0);
Insert into ADMIN.TBL_BOOK (BOOK_ID,TITLE,AUTHOR,PUBLISHER,PRICE,IMAGE,QUANTITY,CATEGORY,EBOOK,CREATED_AT,UPDATED_AT,DISCOUNT) values (9781569317778,'Art of Miyazaki’s Spirited Away','미야자키 하야오','Viz Communications',40000,'https://shopping-phinf.pstatic.net/main_3248581/32485811670.20231208071817.jpg',100,2006,'N',to_date('24/09/13','RR/MM/DD'),null,0);
Insert into ADMIN.TBL_BOOK (BOOK_ID,TITLE,AUTHOR,PUBLISHER,PRICE,IMAGE,QUANTITY,CATEGORY,EBOOK,CREATED_AT,UPDATED_AT,DISCOUNT) values (9791138484169,'나와 로보코 11 (S코믹스)','미야자키 슈헤이','소미미디어',5400,'https://shopping-phinf.pstatic.net/main_5003273/50032738638.20240830071637.jpg',100,2006,'N',to_date('24/09/28','RR/MM/DD'),null,0);
Insert into ADMIN.TBL_BOOK (BOOK_ID,TITLE,AUTHOR,PUBLISHER,PRICE,IMAGE,QUANTITY,CATEGORY,EBOOK,CREATED_AT,UPDATED_AT,DISCOUNT) values (9791172880606,'바람계곡의 나우시카 (개정판)','미야자키 하야오','대원씨아이',18000,'https://shopping-phinf.pstatic.net/main_4999279/49992799627.20240827201819.jpg',100,2006,'N',to_date('24/09/15','RR/MM/DD'),null,0);
Insert into ADMIN.TBL_BOOK (BOOK_ID,TITLE,AUTHOR,PUBLISHER,PRICE,IMAGE,QUANTITY,CATEGORY,EBOOK,CREATED_AT,UPDATED_AT,DISCOUNT) values (9791172880583,'하울의 움직이는 성 (개정판)','미야자키 하야오','대원씨아이',18000,'https://shopping-phinf.pstatic.net/main_4999279/49992797625.20240827201811.jpg',100,2006,'N',to_date('24/09/08','RR/MM/DD'),null,0);
Insert into ADMIN.TBL_BOOK (BOOK_ID,TITLE,AUTHOR,PUBLISHER,PRICE,IMAGE,QUANTITY,CATEGORY,EBOOK,CREATED_AT,UPDATED_AT,DISCOUNT) values (9791172880552,'이웃집 토토로 (개정판)','미야자키 하야오','대원키즈',18000,'https://shopping-phinf.pstatic.net/main_4999279/49992799620.20240827201813.jpg',100,2006,'N',to_date('24/09/22','RR/MM/DD'),null,0);
Insert into ADMIN.TBL_BOOK (BOOK_ID,TITLE,AUTHOR,PUBLISHER,PRICE,IMAGE,QUANTITY,CATEGORY,EBOOK,CREATED_AT,UPDATED_AT,DISCOUNT) values (9791172880590,'천공의 성 라퓨타 (개정판)','미야자키 하야오','대원씨아이',18000,'https://shopping-phinf.pstatic.net/main_4999279/49992794626.20240827201813.jpg',100,2006,'N',to_date('24/09/14','RR/MM/DD'),null,0);
Insert into ADMIN.TBL_BOOK (BOOK_ID,TITLE,AUTHOR,PUBLISHER,PRICE,IMAGE,QUANTITY,CATEGORY,EBOOK,CREATED_AT,UPDATED_AT,DISCOUNT) values (9791133477203,'이웃집 토토로 (지브리 애니메이션 시리즈 3, 개정판)','미야자키 하야오','대원키즈',13500,'https://shopping-phinf.pstatic.net/main_3245554/32455543755.20240831071032.jpg',100,2006,'N',to_date('24/09/24','RR/MM/DD'),null,0);
Insert into ADMIN.TBL_BOOK (BOOK_ID,TITLE,AUTHOR,PUBLISHER,PRICE,IMAGE,QUANTITY,CATEGORY,EBOOK,CREATED_AT,UPDATED_AT,DISCOUNT) values (9788954611800,'1Q84 3 (10월-12월)','무라카미 하루키','문학동네',7400,'https://shopping-phinf.pstatic.net/main_3243613/32436134547.20230927071310.jpg',100,2006,'N',to_date('24/09/11','RR/MM/DD'),null,0);
Insert into ADMIN.TBL_BOOK (BOOK_ID,TITLE,AUTHOR,PUBLISHER,PRICE,IMAGE,QUANTITY,CATEGORY,EBOOK,CREATED_AT,UPDATED_AT,DISCOUNT) values (9788954693394,'1Q84 1','무라카미 하루키','문학동네',13190,'https://shopping-phinf.pstatic.net/main_4064133/40641339629.20240508071128.jpg',100,2006,'N',to_date('24/09/15','RR/MM/DD'),null,0);
Insert into ADMIN.TBL_BOOK (BOOK_ID,TITLE,AUTHOR,PUBLISHER,PRICE,IMAGE,QUANTITY,CATEGORY,EBOOK,CREATED_AT,UPDATED_AT,DISCOUNT) values (9788954608640,'1Q84 1 (4월-6월)','무라카미 하루키','문학동네',6200,'https://shopping-phinf.pstatic.net/main_3248594/32485940318.20230926085147.jpg',100,2006,'N',to_date('24/09/07','RR/MM/DD'),null,0);
Insert into ADMIN.TBL_BOOK (BOOK_ID,TITLE,AUTHOR,PUBLISHER,PRICE,IMAGE,QUANTITY,CATEGORY,EBOOK,CREATED_AT,UPDATED_AT,DISCOUNT) values (9788954608657,'1Q84 2 (7월-9월)','무라카미 하루키','문학동네',6800,'https://shopping-phinf.pstatic.net/main_3246335/32463355771.20230919131358.jpg',100,2006,'N',to_date('24/09/09','RR/MM/DD'),null,0);
Insert into ADMIN.TBL_BOOK (BOOK_ID,TITLE,AUTHOR,PUBLISHER,PRICE,IMAGE,QUANTITY,CATEGORY,EBOOK,CREATED_AT,UPDATED_AT,DISCOUNT) values (9788954693417,'1Q84 2','무라카미 하루키','문학동네',13320,'https://shopping-phinf.pstatic.net/main_4064132/40641324649.20240618090751.jpg',100,2006,'N',to_date('24/09/28','RR/MM/DD'),null,0);
Insert into ADMIN.TBL_BOOK (BOOK_ID,TITLE,AUTHOR,PUBLISHER,PRICE,IMAGE,QUANTITY,CATEGORY,EBOOK,CREATED_AT,UPDATED_AT,DISCOUNT) values (9780099549055,'1q84 Book 3. (Book 3)','Vintage Books','Vintage Books',15210,'https://shopping-phinf.pstatic.net/main_3247373/32473733932.20240711071641.jpg',100,2006,'N',to_date('24/09/14','RR/MM/DD'),null,0);
Insert into ADMIN.TBL_BOOK (BOOK_ID,TITLE,AUTHOR,PUBLISHER,PRICE,IMAGE,QUANTITY,CATEGORY,EBOOK,CREATED_AT,UPDATED_AT,DISCOUNT) values (9788954640534,'1Q84 3(하)(문고판) (10月-12月)','무라카미 하루키','문학동네',4950,'https://shopping-phinf.pstatic.net/main_3245628/32456287849.20230313183959.jpg',100,2006,'N',to_date('24/09/20','RR/MM/DD'),null,0);
Insert into ADMIN.TBL_BOOK (BOOK_ID,TITLE,AUTHOR,PUBLISHER,PRICE,IMAGE,QUANTITY,CATEGORY,EBOOK,CREATED_AT,UPDATED_AT,DISCOUNT) values (9788970120935,'스푸트니크의 연인 (무라카미 하루키 장편소설)','무라카미 하루키','문학사상',14970,'https://shopping-phinf.pstatic.net/main_4937617/49376175624.20240925071549.jpg',100,2006,'N',to_date('24/09/26','RR/MM/DD'),null,0);
Insert into ADMIN.TBL_BOOK (BOOK_ID,TITLE,AUTHOR,PUBLISHER,PRICE,IMAGE,QUANTITY,CATEGORY,EBOOK,CREATED_AT,UPDATED_AT,DISCOUNT) values (9791141600273,'오래되고 멋진 클래식 레코드 2 (양장)','무라카미 하루키','문학동네',23170,'https://shopping-phinf.pstatic.net/main_4763302/47633028620.20240511092333.jpg',100,2006,'N',to_date('24/09/17','RR/MM/DD'),null,0);
Insert into ADMIN.TBL_BOOK (BOOK_ID,TITLE,AUTHOR,PUBLISHER,PRICE,IMAGE,QUANTITY,CATEGORY,EBOOK,CREATED_AT,UPDATED_AT,DISCOUNT) values (9788934923701,'TV피플','무라카미 하루키','비채',15600,'https://shopping-phinf.pstatic.net/main_4904017/49040177619.20240711071712.jpg',100,2006,'N',to_date('24/09/14','RR/MM/DD'),null,0);
Insert into ADMIN.TBL_BOOK (BOOK_ID,TITLE,AUTHOR,PUBLISHER,PRICE,IMAGE,QUANTITY,CATEGORY,EBOOK,CREATED_AT,UPDATED_AT,DISCOUNT) values (9788970125473,'해변의 카프카 2 (무라카미 하루키 장편소설)','무라카미 하루키','문학사상',14970,'https://shopping-phinf.pstatic.net/main_4800569/48005699632.20240528091846.jpg',100,2006,'N',to_date('24/09/23','RR/MM/DD'),null,0);
Insert into ADMIN.TBL_BOOK (BOOK_ID,TITLE,AUTHOR,PUBLISHER,PRICE,IMAGE,QUANTITY,CATEGORY,EBOOK,CREATED_AT,UPDATED_AT,DISCOUNT) values (9788970125466,'해변의 카프카 1 (양장) (무라카미 하루키 장편소설)','무라카미 하루키','문학사상',14970,'https://shopping-phinf.pstatic.net/main_4800569/48005691645.20240925071549.jpg',100,2006,'N',to_date('24/09/09','RR/MM/DD'),null,0);
Insert into ADMIN.TBL_BOOK (BOOK_ID,TITLE,AUTHOR,PUBLISHER,PRICE,IMAGE,QUANTITY,CATEGORY,EBOOK,CREATED_AT,UPDATED_AT,DISCOUNT) values (9788986621327,'소나기','황순원','길벗어린이',10800,'https://shopping-phinf.pstatic.net/main_3245554/32455540832.20240619071246.jpg',100,2006,'N',to_date('24/09/14','RR/MM/DD'),null,0);
Insert into ADMIN.TBL_BOOK (BOOK_ID,TITLE,AUTHOR,PUBLISHER,PRICE,IMAGE,QUANTITY,CATEGORY,EBOOK,CREATED_AT,UPDATED_AT,DISCOUNT) values (9791191687354,'유하다요 JLPT N2 한 권 스피드 합격 (최신경향 종합서 합격까지 30일 완성!)','전유하(유하다요)','유하다요',24120,'https://shopping-phinf.pstatic.net/main_4992794/49927942620.20240825071505.jpg',100,2008,'N',to_date('24/09/24','RR/MM/DD'),null,0);
Insert into ADMIN.TBL_BOOK (BOOK_ID,TITLE,AUTHOR,PUBLISHER,PRICE,IMAGE,QUANTITY,CATEGORY,EBOOK,CREATED_AT,UPDATED_AT,DISCOUNT) values (9791168103054,'국어 어휘론','홍윤표','태학사',72000,'https://shopping-phinf.pstatic.net/main_5050610/50506109663.20240927092358.jpg',100,2002,'N',to_date('24/09/16','RR/MM/DD'),null,0);
Insert into ADMIN.TBL_BOOK (BOOK_ID,TITLE,AUTHOR,PUBLISHER,PRICE,IMAGE,QUANTITY,CATEGORY,EBOOK,CREATED_AT,UPDATED_AT,DISCOUNT) values (9791140709700,'디즈니, 픽사 베스트 컬렉션: 인사이드 아웃 2(Inside Out 2) (국내 유일 전체 대본 수록!)','라이언 박 해설','길벗이지톡',23170,'https://shopping-phinf.pstatic.net/main_4997009/49970096621.20240826144020.jpg',100,2002,'N',to_date('24/09/09','RR/MM/DD'),null,0);
Insert into ADMIN.TBL_BOOK (BOOK_ID,TITLE,AUTHOR,PUBLISHER,PRICE,IMAGE,QUANTITY,CATEGORY,EBOOK,CREATED_AT,UPDATED_AT,DISCOUNT) values (9791140709267,'일본어 단어 무작정 따라하기 (이 한 권으로 정리된다!)','후지이 아사리','길벗이지톡',23170,'https://shopping-phinf.pstatic.net/main_4781513/47815134625.20240519071012.jpg',100,2008,'N',to_date('24/09/12','RR/MM/DD'),null,0);
Insert into ADMIN.TBL_BOOK (BOOK_ID,TITLE,AUTHOR,PUBLISHER,PRICE,IMAGE,QUANTITY,CATEGORY,EBOOK,CREATED_AT,UPDATED_AT,DISCOUNT) values (9791161508788,'진짜 여행 일본어 (패턴 말하기 트레이닝 영상 + 실전 시뮬레이션 영상 + 따라 쓰기노트 + 여행 표현 사전 + 나만의 일본 여행 플래너 + 원어민 MP3 음원, 일본을 가장 완벽하게 여행하는 방법)','시원스쿨어학연구소','시원스쿨닷컴',8740,'https://shopping-phinf.pstatic.net/main_4980035/49800358637.20240816071151.jpg',99,2008,'N',to_date('24/09/13','RR/MM/DD'),null,0);
Insert into ADMIN.TBL_BOOK (BOOK_ID,TITLE,AUTHOR,PUBLISHER,PRICE,IMAGE,QUANTITY,CATEGORY,EBOOK,CREATED_AT,UPDATED_AT,DISCOUNT) values (9791161508016,'GO! 독학 일본어 일상 표현 222 (네이티브가 가장 많이 쓰는 진짜 일본어 회화)','후지이 와카나','시원스쿨닷컴',14970,'https://shopping-phinf.pstatic.net/main_4473705/44737059618.20231221070755.jpg',100,2008,'N',to_date('24/09/12','RR/MM/DD'),null,0);
Insert into ADMIN.TBL_BOOK (BOOK_ID,TITLE,AUTHOR,PUBLISHER,PRICE,IMAGE,QUANTITY,CATEGORY,EBOOK,CREATED_AT,UPDATED_AT,DISCOUNT) values (9788940293980,'착! 붙는 일본어 독학 첫걸음 (히라가나부터 JLPT까지! 입에 착! 시험에 착!)','일본어 공부기술연구소','시사일본어사',14970,'https://shopping-phinf.pstatic.net/main_4633281/46332816636.20240314071028.jpg',100,2008,'N',to_date('24/09/18','RR/MM/DD'),null,0);
Insert into ADMIN.TBL_BOOK (BOOK_ID,TITLE,AUTHOR,PUBLISHER,PRICE,IMAGE,QUANTITY,CATEGORY,EBOOK,CREATED_AT,UPDATED_AT,DISCOUNT) values (9791191687330,'유하다요 JLPT N3 한 권 스피드 합격 (최신경향 종합서 합격까지 30일 완성!)','유하다요컨텐츠개발팀^전유하(유하다요)','유하다요',23880,'https://shopping-phinf.pstatic.net/main_4667757/46677579622.20240329070934.jpg',100,2008,'N',to_date('24/09/13','RR/MM/DD'),null,0);
Insert into ADMIN.TBL_BOOK (BOOK_ID,TITLE,AUTHOR,PUBLISHER,PRICE,IMAGE,QUANTITY,CATEGORY,EBOOK,CREATED_AT,UPDATED_AT,DISCOUNT) values (9791165219956,'일본어 무작정 따라하기(완전판) (듣기만 해도 말이 나온다)','후지이 아사리','길벗이지톡',23400,'https://shopping-phinf.pstatic.net/main_3374482/33744825648.20230919125803.jpg',100,2008,'N',to_date('24/09/12','RR/MM/DD'),null,0);
Insert into ADMIN.TBL_BOOK (BOOK_ID,TITLE,AUTHOR,PUBLISHER,PRICE,IMAGE,QUANTITY,CATEGORY,EBOOK,CREATED_AT,UPDATED_AT,DISCOUNT) values (9788965424215,'해커스 일본어 첫걸음 (기초20일 독학 완성!)','해커스 JLPT 연구소','해커스어학연구소',12510,'https://shopping-phinf.pstatic.net/main_3248718/32487188138.20230913071553.jpg',100,2008,'N',to_date('24/09/23','RR/MM/DD'),null,0);
Insert into ADMIN.TBL_BOOK (BOOK_ID,TITLE,AUTHOR,PUBLISHER,PRICE,IMAGE,QUANTITY,CATEGORY,EBOOK,CREATED_AT,UPDATED_AT,DISCOUNT) values (9791161508207,'한권 한달 완성 일본어 말하기 Lv 1','최유리^시원스쿨어학연구소','시원스쿨닷컴',15120,'https://shopping-phinf.pstatic.net/main_4598462/45984624619.20240416171123.jpg',100,2008,'N',to_date('24/09/18','RR/MM/DD'),null,0);
Insert into ADMIN.TBL_BOOK (BOOK_ID,TITLE,AUTHOR,PUBLISHER,PRICE,IMAGE,QUANTITY,CATEGORY,EBOOK,CREATED_AT,UPDATED_AT,DISCOUNT) values (9791161508214,'한권 한달 완성 일본어 말하기 Lv 2','최유리^시원스쿨어학연구소','시원스쿨닷컴',15120,'https://shopping-phinf.pstatic.net/main_4598462/45984625625.20240224153813.jpg',100,2008,'N',to_date('24/09/22','RR/MM/DD'),null,0);
Insert into ADMIN.TBL_BOOK (BOOK_ID,TITLE,AUTHOR,PUBLISHER,PRICE,IMAGE,QUANTITY,CATEGORY,EBOOK,CREATED_AT,UPDATED_AT,DISCOUNT) values (9780126567557,'Jstl: Practical Guide for JSP Programmers',null,'Morgan Kaufmann',54590,'https://shopping-phinf.pstatic.net/main_3254786/32547869248.20220523171930.jpg',100,2008,'N',to_date('24/09/06','RR/MM/DD'),null,0);
Insert into ADMIN.TBL_BOOK (BOOK_ID,TITLE,AUTHOR,PUBLISHER,PRICE,IMAGE,QUANTITY,CATEGORY,EBOOK,CREATED_AT,UPDATED_AT,DISCOUNT) values (9788982519536,'취업 준비땅 (APP으로 선택하는 진로 성공하는 취업)','김진숙^박수홍^오동주^장명호^이승민','동문사',17100,'https://shopping-phinf.pstatic.net/main_3249222/32492227291.20230926085151.jpg',100,2011,'N',to_date('24/09/06','RR/MM/DD'),null,0);
Insert into ADMIN.TBL_BOOK (BOOK_ID,TITLE,AUTHOR,PUBLISHER,PRICE,IMAGE,QUANTITY,CATEGORY,EBOOK,CREATED_AT,UPDATED_AT,DISCOUNT) values (9788956769370,'설래는 취업 준비 (시작부터 바르게)','우설래','대경북스',14400,'https://shopping-phinf.pstatic.net/main_3640611/36406117627.20230919125341.jpg',100,2011,'N',to_date('24/09/24','RR/MM/DD'),null,0);
Insert into ADMIN.TBL_BOOK (BOOK_ID,TITLE,AUTHOR,PUBLISHER,PRICE,IMAGE,QUANTITY,CATEGORY,EBOOK,CREATED_AT,UPDATED_AT,DISCOUNT) values (9791166470868,'THIN 채용 (분야별 취업 준비의)','지영근^고주희','한올출판사',11880,'https://shopping-phinf.pstatic.net/main_3245589/32455898216.20240722075010.jpg',100,2011,'N',to_date('24/09/19','RR/MM/DD'),null,0);
Insert into ADMIN.TBL_BOOK (BOOK_ID,TITLE,AUTHOR,PUBLISHER,PRICE,IMAGE,QUANTITY,CATEGORY,EBOOK,CREATED_AT,UPDATED_AT,DISCOUNT) values (9788959720729,'대학생활과 취업준비 (대학생활이 40년 직업생활을 결정한다)','최일수','청람',15520,'https://shopping-phinf.pstatic.net/main_3343572/33435723873.20240815214258.jpg',100,2011,'N',to_date('24/09/17','RR/MM/DD'),null,0);
Insert into ADMIN.TBL_BOOK (BOOK_ID,TITLE,AUTHOR,PUBLISHER,PRICE,IMAGE,QUANTITY,CATEGORY,EBOOK,CREATED_AT,UPDATED_AT,DISCOUNT) values (9788994666365,'셀프 취업준비 워크북 (나의 취업문을 열어주는 ‘열쇠’)','박철균','엘리트코리아',18900,'https://shopping-phinf.pstatic.net/main_3249754/32497543792.20220527023055.jpg',100,2011,'N',to_date('24/09/19','RR/MM/DD'),null,0);
Insert into ADMIN.TBL_BOOK (BOOK_ID,TITLE,AUTHOR,PUBLISHER,PRICE,IMAGE,QUANTITY,CATEGORY,EBOOK,CREATED_AT,UPDATED_AT,DISCOUNT) values (9788934003861,'취업코칭 (취업 준비는 인생 설계부터)','김재원','거름',12420,'https://shopping-phinf.pstatic.net/main_3243625/32436257101.20221019123921.jpg',100,2011,'N',to_date('24/09/21','RR/MM/DD'),null,0);
Insert into ADMIN.TBL_BOOK (BOOK_ID,TITLE,AUTHOR,PUBLISHER,PRICE,IMAGE,QUANTITY,CATEGORY,EBOOK,CREATED_AT,UPDATED_AT,DISCOUNT) values (9791137228856,'바이오의약산업 취업준비','김영호','부크크(bookk)',18000,'https://shopping-phinf.pstatic.net/main_3248956/32489567398.20220520190413.jpg',100,2011,'N',to_date('24/09/18','RR/MM/DD'),null,0);
Insert into ADMIN.TBL_BOOK (BOOK_ID,TITLE,AUTHOR,PUBLISHER,PRICE,IMAGE,QUANTITY,CATEGORY,EBOOK,CREATED_AT,UPDATED_AT,DISCOUNT) values (9791189909147,'코틀린 쿡북 (85가지 문제 중심 레시피로 완성하는 코틀린 프로그래밍)','켄 코우젠','책만',22500,'https://shopping-phinf.pstatic.net/main_3245496/32454961325.20221227205534.jpg',100,2012,'N',to_date('24/09/24','RR/MM/DD'),null,0);
Insert into ADMIN.TBL_BOOK (BOOK_ID,TITLE,AUTHOR,PUBLISHER,PRICE,IMAGE,QUANTITY,CATEGORY,EBOOK,CREATED_AT,UPDATED_AT,DISCOUNT) values (9791189007249,'최신 프로그래밍: 코틀린','홍윤식','인천대학교출판부',22500,'https://shopping-phinf.pstatic.net/main_5017406/50174069620.20240914071407.jpg',100,2012,'N',to_date('24/09/24','RR/MM/DD'),null,0);
Insert into ADMIN.TBL_BOOK (BOOK_ID,TITLE,AUTHOR,PUBLISHER,PRICE,IMAGE,QUANTITY,CATEGORY,EBOOK,CREATED_AT,UPDATED_AT,DISCOUNT) values (9791140703548,'아토믹 코틀린 (코틀린 컴파일러 개발자가 알려주는 코틀린 기본기 87)','Bruce Eckel^스베트라나 이사코바','길벗',35640,'https://shopping-phinf.pstatic.net/main_3844882/38448827619.20230829091204.jpg',100,2012,'N',to_date('24/09/18','RR/MM/DD'),null,0);
Insert into ADMIN.TBL_BOOK (BOOK_ID,TITLE,AUTHOR,PUBLISHER,PRICE,IMAGE,QUANTITY,CATEGORY,EBOOK,CREATED_AT,UPDATED_AT,DISCOUNT) values (9788966264155,'코틀린 코루틴 (안드로이드 및 백엔드 개발자를 위한 비동기 프로그래밍)','마르친 모스카와','인사이트',30600,'https://shopping-phinf.pstatic.net/main_4332773/43327739619.20231019092056.jpg',100,2012,'N',to_date('24/09/11','RR/MM/DD'),null,0);
Insert into ADMIN.TBL_BOOK (BOOK_ID,TITLE,AUTHOR,PUBLISHER,PRICE,IMAGE,QUANTITY,CATEGORY,EBOOK,CREATED_AT,UPDATED_AT,DISCOUNT) values (9788965129660,'내일은 코틀린(Kotlin) (1권(입문)+2권(실전) 세트)','김현석','김앤북',32400,'https://shopping-phinf.pstatic.net/main_5048817/50488179629.20240927070955.jpg',100,2012,'N',to_date('24/09/25','RR/MM/DD'),null,0);
Insert into ADMIN.TBL_BOOK (BOOK_ID,TITLE,AUTHOR,PUBLISHER,PRICE,IMAGE,QUANTITY,CATEGORY,EBOOK,CREATED_AT,UPDATED_AT,DISCOUNT) values (9791161752631,'함수형 코틀린 (코틀린과 애로우로 배우는 함수형 프로그래밍)','마리오 아리아스^리부 카크라보티','에이콘출판',27000,'https://shopping-phinf.pstatic.net/main_3249081/32490810935.20221227205438.jpg',100,2012,'N',to_date('24/09/17','RR/MM/DD'),null,0);
Insert into ADMIN.TBL_BOOK (BOOK_ID,TITLE,AUTHOR,PUBLISHER,PRICE,IMAGE,QUANTITY,CATEGORY,EBOOK,CREATED_AT,UPDATED_AT,DISCOUNT) values (9788966264438,'코틀린 아카데미: 핵심편','마르친 모스카와','인사이트',24300,'https://shopping-phinf.pstatic.net/main_4887338/48873389618.20240704072041.jpg',100,2012,'N',to_date('24/09/21','RR/MM/DD'),null,0);
Insert into ADMIN.TBL_BOOK (BOOK_ID,TITLE,AUTHOR,PUBLISHER,PRICE,IMAGE,QUANTITY,CATEGORY,EBOOK,CREATED_AT,UPDATED_AT,DISCOUNT) values (9788966263370,'이펙티브 코틀린 (안전성, 가독성, 코드 설계, 효율성을 향상시키기 위한 52가지 전략과 기법)','마르친 모스칼라','인사이트',25200,'https://shopping-phinf.pstatic.net/main_3248770/32487702885.20230919130436.jpg',100,2012,'N',to_date('24/09/16','RR/MM/DD'),null,0);
Insert into ADMIN.TBL_BOOK (BOOK_ID,TITLE,AUTHOR,PUBLISHER,PRICE,IMAGE,QUANTITY,CATEGORY,EBOOK,CREATED_AT,UPDATED_AT,DISCOUNT) values (9791161757810,'코틀린 디자인 패턴 (고전 패턴, 반응형 패턴, 동시성 패턴을 활용해 확장성 있는 애플리케이션 개발하기)','Soshin, Alexey','에이콘출판',24800,'https://shopping-phinf.pstatic.net/main_4182044/41820441620.20230926085023.jpg',100,2012,'N',to_date('24/09/14','RR/MM/DD'),null,0);
Insert into ADMIN.TBL_BOOK (BOOK_ID,TITLE,AUTHOR,PUBLISHER,PRICE,IMAGE,QUANTITY,CATEGORY,EBOOK,CREATED_AT,UPDATED_AT,DISCOUNT) values (9791192518077,'입학사정관이 몰래 알려 주는 자신만만 대입 면접 족보 (학생부 기반 면접 가이드북)','한수정^홍윤희^배선우^윤소영^정성윤','예한',43650,'https://shopping-phinf.pstatic.net/main_5037916/50379169622.20240921091752.jpg',100,2007,'N',to_date('24/09/21','RR/MM/DD'),null,0);
Insert into ADMIN.TBL_BOOK (BOOK_ID,TITLE,AUTHOR,PUBLISHER,PRICE,IMAGE,QUANTITY,CATEGORY,EBOOK,CREATED_AT,UPDATED_AT,DISCOUNT) values (9791190455442,'2025 수시 대비 단칼에 끝내는 가천대 약술형 논술고사 국어 (2024년) (최근 기출문제 수록)','김진우^김지혜','이룸북스',27000,'https://shopping-phinf.pstatic.net/main_4981595/49815955622.20240816201508.jpg',100,2007,'N',to_date('24/09/24','RR/MM/DD'),null,0);
Insert into ADMIN.TBL_BOOK (BOOK_ID,TITLE,AUTHOR,PUBLISHER,PRICE,IMAGE,QUANTITY,CATEGORY,EBOOK,CREATED_AT,UPDATED_AT,DISCOUNT) values (9788965023340,'토론 발표 34 (학업과 학종을 위한 실전 가이드)','김혜남^유석용^박창숙^이윤림','지상사',15300,'https://shopping-phinf.pstatic.net/main_4901074/49010748620.20240711071712.jpg',100,2007,'N',to_date('24/09/19','RR/MM/DD'),null,0);
Insert into ADMIN.TBL_BOOK (BOOK_ID,TITLE,AUTHOR,PUBLISHER,PRICE,IMAGE,QUANTITY,CATEGORY,EBOOK,CREATED_AT,UPDATED_AT,DISCOUNT) values (9791138372473,'2025 의대 인적성 면접 MMI 최종 모의 평가 (2025 최적의 합격 시그널)','김윤환','시대에듀',31500,'https://shopping-phinf.pstatic.net/main_4957661/49576616623.20240804071008.jpg',100,2007,'N',to_date('24/09/06','RR/MM/DD'),null,0);
Insert into ADMIN.TBL_BOOK (BOOK_ID,TITLE,AUTHOR,PUBLISHER,PRICE,IMAGE,QUANTITY,CATEGORY,EBOOK,CREATED_AT,UPDATED_AT,DISCOUNT) values (9791138372411,'가천대학교 논술고사 실전 모의고사 자연 계열(수학+국어)(2024)(2025 대비) (EBS 교재 & 평가원 기출문제 100% 연계 변형 실전 모의고사 7회분 제공)','이규정^오지연','시대에듀',21600,'https://shopping-phinf.pstatic.net/main_4936272/49362722621.20240725092113.jpg',100,2007,'N',to_date('24/09/27','RR/MM/DD'),null,0);
Insert into ADMIN.TBL_BOOK (BOOK_ID,TITLE,AUTHOR,PUBLISHER,PRICE,IMAGE,QUANTITY,CATEGORY,EBOOK,CREATED_AT,UPDATED_AT,DISCOUNT) values (9791129050861,'나만 알고 싶은 학생부: 의생명 계열편 (예비 고등학생 & 고등학생을 위한 학생부 시크릿)','백광일^강우혁^조지영^유희정^박예진','진한엠앤비',13500,'https://shopping-phinf.pstatic.net/main_4332064/43320647620.20231019092112.jpg',100,2007,'N',to_date('24/09/17','RR/MM/DD'),null,0);
Insert into ADMIN.TBL_BOOK (BOOK_ID,TITLE,AUTHOR,PUBLISHER,PRICE,IMAGE,QUANTITY,CATEGORY,EBOOK,CREATED_AT,UPDATED_AT,DISCOUNT) values (9791166334672,'2025 대입수시 가천대 국어 약술형 논술고사 (EBS 연계문항, 2024년학년도 기출유형문제 수록, 핵심 개념 정리, 장르별 주요 작품 수록)','조찬영^유지현^김민주','신지원',22500,'https://shopping-phinf.pstatic.net/main_4980033/49800332618.20240816071133.jpg',100,2007,'N',to_date('24/09/07','RR/MM/DD'),null,0);
Insert into ADMIN.TBL_BOOK (BOOK_ID,TITLE,AUTHOR,PUBLISHER,PRICE,IMAGE,QUANTITY,CATEGORY,EBOOK,CREATED_AT,UPDATED_AT,DISCOUNT) values (9791138372428,'가천대학교 논술고사 실전 모의고사 인문 계열(국어+수학)(2024)(2025 대비) (EBS 교재 & 평가원 기출문제 100% 연계 변형 실전 모의고사 7회분 제공)','오지연^이규정','시대에듀',19800,'https://shopping-phinf.pstatic.net/main_4936344/49363448624.20240725092108.jpg',100,2007,'N',to_date('24/09/14','RR/MM/DD'),null,0);
Insert into ADMIN.TBL_BOOK (BOOK_ID,TITLE,AUTHOR,PUBLISHER,PRICE,IMAGE,QUANTITY,CATEGORY,EBOOK,CREATED_AT,UPDATED_AT,DISCOUNT) values (9791166334689,'2025 대입수시 가천대 수학 약술형 논술고사 (EBS 연계문항, 2024년학년도 기출유형문제 수록, 핵심 개념 정리, 단원별 예상문제 수록)','이윤수','신지원',22500,'https://shopping-phinf.pstatic.net/main_4980037/49800371650.20240816071132.jpg',100,2007,'N',to_date('24/09/07','RR/MM/DD'),null,0);
Insert into ADMIN.TBL_BOOK (BOOK_ID,TITLE,AUTHOR,PUBLISHER,PRICE,IMAGE,QUANTITY,CATEGORY,EBOOK,CREATED_AT,UPDATED_AT,DISCOUNT) values (9788965023357,'대입 편입 논술에 꼭 나오는 핵심 개념어 110 (개정 4판)','김태희','지상사',29700,'https://shopping-phinf.pstatic.net/main_5029639/50296391620.20240914071415.jpg',100,2007,'N',to_date('24/09/08','RR/MM/DD'),null,0);
Insert into ADMIN.TBL_BOOK (BOOK_ID,TITLE,AUTHOR,PUBLISHER,PRICE,IMAGE,QUANTITY,CATEGORY,EBOOK,CREATED_AT,UPDATED_AT,DISCOUNT) values (9788917237481,'ETS 토익기출 파트별 VOCA (단어 암기 어플｜단어 시험 출제마법사｜MP3)','ETS','YBM',11700,'https://shopping-phinf.pstatic.net/main_3669912/36699121625.20230926085318.jpg',100,2002,'N',to_date('24/09/26','RR/MM/DD'),null,0);
Insert into ADMIN.TBL_BOOK (BOOK_ID,TITLE,AUTHOR,PUBLISHER,PRICE,IMAGE,QUANTITY,CATEGORY,EBOOK,CREATED_AT,UPDATED_AT,DISCOUNT) values (9791161503028,'토익 실전 모의고사 3회분 (시험 직전 QR 무료해설강의로 마무리하는 토익 실전 모의고사)','시원스쿨어학연구소','시원스쿨닷컴',8550,'https://shopping-phinf.pstatic.net/main_3244521/32445215773.20231003084445.jpg',100,2002,'N',to_date('24/09/21','RR/MM/DD'),null,0);
Insert into ADMIN.TBL_BOOK (BOOK_ID,TITLE,AUTHOR,PUBLISHER,PRICE,IMAGE,QUANTITY,CATEGORY,EBOOK,CREATED_AT,UPDATED_AT,DISCOUNT) values (9788965427186,'해커스 토익 실전 LC + RC 2 (모의고사 + 해설집) (2024년 상반기 출제경향 완벽 반영 ｜ 리스닝 5회분+리딩 5회분 ｜ 교재 실전용+복습용 MP3 ｜ 토익 학습 어플 빅플 ｜ 단어암기장(PDF) 제공)','해커스어학연구소','해커스어학연구소',17010,'https://shopping-phinf.pstatic.net/main_4941497/49414977631.20240726201519.jpg',100,2002,'N',to_date('24/09/08','RR/MM/DD'),null,0);
Insert into ADMIN.TBL_BOOK (BOOK_ID,TITLE,AUTHOR,PUBLISHER,PRICE,IMAGE,QUANTITY,CATEGORY,EBOOK,CREATED_AT,UPDATED_AT,DISCOUNT) values (9788917235944,'ETS 토익 단기공략 750+(LC+RC) (기출문제 한국 독점출간, 기출 문항으로 보강한 단기완성 시리즈)','ETS','YBM',16200,'https://shopping-phinf.pstatic.net/main_3246655/32466552852.20230927071144.jpg',100,2002,'N',to_date('24/09/17','RR/MM/DD'),null,0);
Insert into ADMIN.TBL_BOOK (BOOK_ID,TITLE,AUTHOR,PUBLISHER,PRICE,IMAGE,QUANTITY,CATEGORY,EBOOK,CREATED_AT,UPDATED_AT,DISCOUNT) values (9788965423027,'해커스 토플 리스닝 인터미디엇(Hackers TOEFL Listening Intermediate) (토플 중급 리스닝 4주 완성)','David Cho','해커스어학연구소',22410,'https://shopping-phinf.pstatic.net/main_3248036/32480362036.20230620095528.jpg',100,2002,'N',to_date('24/09/18','RR/MM/DD'),null,0);
Insert into ADMIN.TBL_BOOK (BOOK_ID,TITLE,AUTHOR,PUBLISHER,PRICE,IMAGE,QUANTITY,CATEGORY,EBOOK,CREATED_AT,UPDATED_AT,DISCOUNT) values (9788965423034,'해커스 토플 스피킹 인터미디엇(Hackers TOEFL Speaking Intermediate) (토플 중급 스피킹 4주 완성)','David Cho','해커스어학연구소',17550,'https://shopping-phinf.pstatic.net/main_3248653/32486534948.20230725120646.jpg',100,2002,'N',to_date('24/09/20','RR/MM/DD'),null,0);
Insert into ADMIN.TBL_BOOK (BOOK_ID,TITLE,AUTHOR,PUBLISHER,PRICE,IMAGE,QUANTITY,CATEGORY,EBOOK,CREATED_AT,UPDATED_AT,DISCOUNT) values (9788965421030,'해커스 보카(Hackers Vocabulary) (토플/IELTS/텝스/공무원/SAT/특목고)','David Cho','해커스어학연구소',15210,'https://shopping-phinf.pstatic.net/main_3245817/32458176965.20230620094531.jpg',100,2002,'N',to_date('24/09/06','RR/MM/DD'),null,0);
Insert into ADMIN.TBL_BOOK (BOOK_ID,TITLE,AUTHOR,PUBLISHER,PRICE,IMAGE,QUANTITY,CATEGORY,EBOOK,CREATED_AT,UPDATED_AT,DISCOUNT) values (9788994553092,'보카바이블 4.0 세트 (공무원, 편입, 토플, 텝스, SAT, GRE 대비서)','허민','스텝업',21800,'https://shopping-phinf.pstatic.net/main_3246008/32460081402.20230926085339.jpg',100,2002,'N',to_date('24/09/17','RR/MM/DD'),null,0);
Insert into ADMIN.TBL_BOOK (BOOK_ID,TITLE,AUTHOR,PUBLISHER,PRICE,IMAGE,QUANTITY,CATEGORY,EBOOK,CREATED_AT,UPDATED_AT,DISCOUNT) values (9788955635003,'New EDITION HOOKED ON TOEFL LISTENING (훅톤 토플)','링구아포럼 리서치센터','링구아포럼',22500,'https://shopping-phinf.pstatic.net/main_3245561/32455610977.20230829090721.jpg',100,2002,'N',to_date('24/09/24','RR/MM/DD'),null,0);
Insert into ADMIN.TBL_BOOK (BOOK_ID,TITLE,AUTHOR,PUBLISHER,PRICE,IMAGE,QUANTITY,CATEGORY,EBOOK,CREATED_AT,UPDATED_AT,DISCOUNT) values (9788955635034,'New EDITION HOOKED ON TOEFL READING (훅톤 토플)','링구아포럼 리서치센터','링구아포럼',19800,'https://shopping-phinf.pstatic.net/main_3244478/32444788518.20230919130828.jpg',100,2002,'N',to_date('24/09/11','RR/MM/DD'),null,0);
Insert into ADMIN.TBL_BOOK (BOOK_ID,TITLE,AUTHOR,PUBLISHER,PRICE,IMAGE,QUANTITY,CATEGORY,EBOOK,CREATED_AT,UPDATED_AT,DISCOUNT) values (9788971729878,'토텝 영숙어 900 (토익, 토플, 텝스)','FL4U컨텐츠','반석출판사',12600,'https://shopping-phinf.pstatic.net/main_4521396/45213969619.20240114070853.jpg',100,2002,'N',to_date('24/09/27','RR/MM/DD'),null,0);
Insert into ADMIN.TBL_BOOK (BOOK_ID,TITLE,AUTHOR,PUBLISHER,PRICE,IMAGE,QUANTITY,CATEGORY,EBOOK,CREATED_AT,UPDATED_AT,DISCOUNT) values (9788965425991,'해커스 토플 리딩(Hackers TOEFL Reading) (2023년 7월 26일 개정 시험 완벽 반영)','David Cho','해커스어학연구소',23170,'https://shopping-phinf.pstatic.net/main_4228257/42282577624.20230905101755.jpg',100,2002,'N',to_date('24/09/24','RR/MM/DD'),null,0);
Insert into ADMIN.TBL_BOOK (BOOK_ID,TITLE,AUTHOR,PUBLISHER,PRICE,IMAGE,QUANTITY,CATEGORY,EBOOK,CREATED_AT,UPDATED_AT,DISCOUNT) values (9788965426080,'해커스 토플 리딩 베이직(Hackers TOEFL Reading Basic) (토플 리딩의 기본서, 2023년 7월 26일 개정 시험 완벽 반영)','David Cho','해커스어학연구소',18000,'https://shopping-phinf.pstatic.net/main_4075429/40754295621.20230920071823.jpg',100,2002,'N',to_date('24/09/18','RR/MM/DD'),null,0);
Insert into ADMIN.TBL_BOOK (BOOK_ID,TITLE,AUTHOR,PUBLISHER,PRICE,IMAGE,QUANTITY,CATEGORY,EBOOK,CREATED_AT,UPDATED_AT,DISCOUNT) values (9788965426011,'해커스 토플 라이팅(Hackers TOEFL Writing) (2023년 7월 26일 개정 시험 완벽 반영, 최신 경향을 반영한 토론형 30문제의 Model Essay 수록)','David Cho','해커스어학연구소',22500,'https://shopping-phinf.pstatic.net/main_4075430/40754309621.20230704084340.jpg',100,2002,'N',to_date('24/09/21','RR/MM/DD'),null,0);
Insert into ADMIN.TBL_BOOK (BOOK_ID,TITLE,AUTHOR,PUBLISHER,PRICE,IMAGE,QUANTITY,CATEGORY,EBOOK,CREATED_AT,UPDATED_AT,DISCOUNT) values (9788954783675,'EBS Final 실전모의고사 고등 영어영역 7회분(2024)(2025 수능대비) (2025학년도 수능 대비)','EBS교육방송 편집부','한국교육방송공사(EBSi)',13370,'https://shopping-phinf.pstatic.net/main_4730181/47301817621.20240426091020.jpg',100,2002,'N',to_date('24/09/07','RR/MM/DD'),null,0);
Insert into ADMIN.TBL_BOOK (BOOK_ID,TITLE,AUTHOR,PUBLISHER,PRICE,IMAGE,QUANTITY,CATEGORY,EBOOK,CREATED_AT,UPDATED_AT,DISCOUNT) values (9791162404294,'자이스토리 영어 독해 완성(2023) (고등영어문제집)','신수진^윤승남^이아영','수경출판사',17100,'https://shopping-phinf.pstatic.net/main_3544208/35442088620.20241002070941.jpg',100,2002,'N',to_date('24/09/27','RR/MM/DD'),null,0);
Insert into ADMIN.TBL_BOOK (BOOK_ID,TITLE,AUTHOR,PUBLISHER,PRICE,IMAGE,QUANTITY,CATEGORY,EBOOK,CREATED_AT,UPDATED_AT,DISCOUNT) values (9791162404300,'2023 Xistory 자이스토리 영어 독해 기본 (2023년) (고등영어문제집)','신수진^윤승남^이아영','수경출판사',17100,'https://shopping-phinf.pstatic.net/main_3544209/35442091621.20231119070903.jpg',100,2002,'N',to_date('24/09/07','RR/MM/DD'),null,0);
Insert into ADMIN.TBL_BOOK (BOOK_ID,TITLE,AUTHOR,PUBLISHER,PRICE,IMAGE,QUANTITY,CATEGORY,EBOOK,CREATED_AT,UPDATED_AT,DISCOUNT) values (9791162404317,'2023 Xistory 자이스토리 영어 어법·어휘 기본 (2023년) (고등영어문제집)','신수진^윤승남^이아영^이탁균^이혜원','수경출판사',15300,'https://shopping-phinf.pstatic.net/main_3544209/35442095622.20231119070848.jpg',100,2002,'N',to_date('24/09/06','RR/MM/DD'),null,0);
Insert into ADMIN.TBL_BOOK (BOOK_ID,TITLE,AUTHOR,PUBLISHER,PRICE,IMAGE,QUANTITY,CATEGORY,EBOOK,CREATED_AT,UPDATED_AT,DISCOUNT) values (9791162404324,'2023 Xistory 자이스토리 영어 듣기 완성 모의고사 (2023년) (고등영어문제집)','수경출판사 편집부','수경출판사',14850,'https://shopping-phinf.pstatic.net/main_3550153/35501536620.20231119070946.jpg',100,2002,'N',to_date('24/09/21','RR/MM/DD'),null,0);
Insert into ADMIN.TBL_BOOK (BOOK_ID,TITLE,AUTHOR,PUBLISHER,PRICE,IMAGE,QUANTITY,CATEGORY,EBOOK,CREATED_AT,UPDATED_AT,DISCOUNT) values (9791162404355,'2023 Xistory 자이스토리 영어 어법·어휘 완성 (2023년) (고등영어문제집)','수경출판사 편집부','수경출판사',15300,'https://shopping-phinf.pstatic.net/main_3550528/35505284631.20231214070900.jpg',100,2002,'N',to_date('24/09/28','RR/MM/DD'),null,0);
Insert into ADMIN.TBL_BOOK (BOOK_ID,TITLE,AUTHOR,PUBLISHER,PRICE,IMAGE,QUANTITY,CATEGORY,EBOOK,CREATED_AT,UPDATED_AT,DISCOUNT) values (9791166096457,'고등 영어 자습서','비상교육 편집부','비상교육',13950,'https://shopping-phinf.pstatic.net/main_3530763/35307633183.20240526095826.jpg',100,2002,'N',to_date('24/09/26','RR/MM/DD'),null,0);
Insert into ADMIN.TBL_BOOK (BOOK_ID,TITLE,AUTHOR,PUBLISHER,PRICE,IMAGE,QUANTITY,CATEGORY,EBOOK,CREATED_AT,UPDATED_AT,DISCOUNT) values (9791162404331,'2023 Xistory 자이스토리 전국연합 모의고사 고1 영어 (2023년) (고등영어문제집)','신수진','수경출판사',16650,'https://shopping-phinf.pstatic.net/main_3550529/35505295632.20231119070821.jpg',100,2002,'N',to_date('24/09/19','RR/MM/DD'),null,0);
Insert into ADMIN.TBL_BOOK (BOOK_ID,TITLE,AUTHOR,PUBLISHER,PRICE,IMAGE,QUANTITY,CATEGORY,EBOOK,CREATED_AT,UPDATED_AT,DISCOUNT) values (9791162404348,'2023 Xistory 자이스토리 전국연합 모의고사 고2 영어 (2023년) (고등영어문제집)','윤승남','수경출판사',16650,'https://shopping-phinf.pstatic.net/main_3550153/35501538618.20231119070827.jpg',100,2002,'N',to_date('24/09/26','RR/MM/DD'),null,0);
Insert into ADMIN.TBL_BOOK (BOOK_ID,TITLE,AUTHOR,PUBLISHER,PRICE,IMAGE,QUANTITY,CATEGORY,EBOOK,CREATED_AT,UPDATED_AT,DISCOUNT) values (9791162404287,'2023 Xistory 자이스토리 영어 듣기 기본 모의고사 (2023년) (고등영어문제집)','윤승남','수경출판사',10800,'https://shopping-phinf.pstatic.net/main_3544208/35442089623.20231119070811.jpg',100,2002,'N',to_date('24/09/10','RR/MM/DD'),null,0);
Insert into ADMIN.TBL_BOOK (BOOK_ID,TITLE,AUTHOR,PUBLISHER,PRICE,IMAGE,QUANTITY,CATEGORY,EBOOK,CREATED_AT,UPDATED_AT,DISCOUNT) values (9791166092268,'고등 언어와 매체 자습서','비상교육 편집부','비상교육',19800,'https://shopping-phinf.pstatic.net/main_3269017/32690177626.20240117095404.jpg',100,2003,'N',to_date('24/09/13','RR/MM/DD'),null,0);
Insert into ADMIN.TBL_BOOK (BOOK_ID,TITLE,AUTHOR,PUBLISHER,PRICE,IMAGE,QUANTITY,CATEGORY,EBOOK,CREATED_AT,UPDATED_AT,DISCOUNT) values (9791169406352,'고등 언어와 매체 자습서(2024)','비상교육 편집부','비상교육',19800,'https://shopping-phinf.pstatic.net/main_4512027/45120279618.20240526083606.jpg',100,2003,'N',to_date('24/09/19','RR/MM/DD'),null,0);
Insert into ADMIN.TBL_BOOK (BOOK_ID,TITLE,AUTHOR,PUBLISHER,PRICE,IMAGE,QUANTITY,CATEGORY,EBOOK,CREATED_AT,UPDATED_AT,DISCOUNT) values (9791166092299,'고등 언어와 매체 평가문제집 (15 개정 교육과정)','비상교육 편집부','비상교육',13500,'https://shopping-phinf.pstatic.net/main_3530774/35307742070.20230906071511.jpg',100,2003,'N',to_date('24/09/20','RR/MM/DD'),null,0);
Insert into ADMIN.TBL_BOOK (BOOK_ID,TITLE,AUTHOR,PUBLISHER,PRICE,IMAGE,QUANTITY,CATEGORY,EBOOK,CREATED_AT,UPDATED_AT,DISCOUNT) values (9791189228163,'창비 고등 언어와 매체 자습서 (2015 개정 교육과정)','강영준^권태윤','창비교육',13500,'https://shopping-phinf.pstatic.net/main_3246655/32466555465.20230906071300.jpg',100,2003,'N',to_date('24/09/14','RR/MM/DD'),null,0);
Insert into ADMIN.TBL_BOOK (BOOK_ID,TITLE,AUTHOR,PUBLISHER,PRICE,IMAGE,QUANTITY,CATEGORY,EBOOK,CREATED_AT,UPDATED_AT,DISCOUNT) values (9791169406369,'고등 언어와 매체 평가문제집(2024)','비상교육 편집부','비상교육',17100,'https://shopping-phinf.pstatic.net/main_4512028/45120280618.20240526100416.jpg',100,2003,'N',to_date('24/09/28','RR/MM/DD'),null,0);
Insert into ADMIN.TBL_BOOK (BOOK_ID,TITLE,AUTHOR,PUBLISHER,PRICE,IMAGE,QUANTITY,CATEGORY,EBOOK,CREATED_AT,UPDATED_AT,DISCOUNT) values (9791189228170,'창비 고등 언어와 매체 평가문제집 (2015 개정 교육과정)','강영준^권태윤','창비교육',13500,'https://shopping-phinf.pstatic.net/main_3243615/32436153963.20230905101135.jpg',100,2003,'N',to_date('24/09/12','RR/MM/DD'),null,0);
Insert into ADMIN.TBL_BOOK (BOOK_ID,TITLE,AUTHOR,PUBLISHER,PRICE,IMAGE,QUANTITY,CATEGORY,EBOOK,CREATED_AT,UPDATED_AT,DISCOUNT) values (9791162338261,'미래엔 교과서 고등 언어와 매체 자습서 (2015 개정 교육과정 완전 자율 학습서)','미래엔콘텐츠연구회','미래엔',19800,'https://shopping-phinf.pstatic.net/main_3530051/35300516843.20230822101611.jpg',100,2003,'N',to_date('24/09/12','RR/MM/DD'),null,0);
Insert into ADMIN.TBL_BOOK (BOOK_ID,TITLE,AUTHOR,PUBLISHER,PRICE,IMAGE,QUANTITY,CATEGORY,EBOOK,CREATED_AT,UPDATED_AT,DISCOUNT) values (9791156365785,'영어책 읽기로 수능 만점 갑시다 (수능 영어도 끄떡없는 완전한 영어독서법)','엘렌쌤','마음세상',15480,'https://shopping-phinf.pstatic.net/main_5014342/50143425619.20240905074237.jpg',100,2002,'N',to_date('24/09/06','RR/MM/DD'),null,0);
Insert into ADMIN.TBL_BOOK (BOOK_ID,TITLE,AUTHOR,PUBLISHER,PRICE,IMAGE,QUANTITY,CATEGORY,EBOOK,CREATED_AT,UPDATED_AT,DISCOUNT) values (9791161508511,'한 권으로 끝내는 시원스쿨 기본토익 700+(LC+RC+VOCA) (이 책 한 권으로 토익 700+끝!)','시원스쿨어학연구소','시원스쿨LAB',15060,'https://shopping-phinf.pstatic.net/main_4802531/48025315626.20240529092856.jpg',100,2002,'N',to_date('24/09/23','RR/MM/DD'),null,0);
Insert into ADMIN.TBL_BOOK (BOOK_ID,TITLE,AUTHOR,PUBLISHER,PRICE,IMAGE,QUANTITY,CATEGORY,EBOOK,CREATED_AT,UPDATED_AT,DISCOUNT) values (9791161508535,'한 권으로 끝내는 시원스쿨 처음토익 550+(LC+RC+VOCA) (이 책 한 권으로 토익 550+ 끝!)','시원스쿨어학연구소','시원스쿨LAB',13280,'https://shopping-phinf.pstatic.net/main_4802531/48025319620.20240529101744.jpg',100,2002,'N',to_date('24/09/23','RR/MM/DD'),null,0);
Insert into ADMIN.TBL_BOOK (BOOK_ID,TITLE,AUTHOR,PUBLISHER,PRICE,IMAGE,QUANTITY,CATEGORY,EBOOK,CREATED_AT,UPDATED_AT,DISCOUNT) values (9791161508528,'한 권으로 끝내는 시원스쿨 실전토익 900+ (이 책 한 권으로 토익 900+ 끝!)','시원스쿨어학연구소','시원스쿨LAB',13410,'https://shopping-phinf.pstatic.net/main_4837704/48377040625.20240613092310.jpg',100,2002,'N',to_date('24/09/10','RR/MM/DD'),null,0);
Insert into ADMIN.TBL_BOOK (BOOK_ID,TITLE,AUTHOR,PUBLISHER,PRICE,IMAGE,QUANTITY,CATEGORY,EBOOK,CREATED_AT,UPDATED_AT,DISCOUNT) values (9788965424239,'20일 만에 끝내는 해커스 토익 750+ LC(리스닝) (토익기출경향 완벽 반영)','David Cho','해커스어학연구소',13410,'https://shopping-phinf.pstatic.net/main_3244405/32444058203.20230919125439.jpg',100,2002,'N',to_date('24/09/17','RR/MM/DD'),null,0);
Insert into ADMIN.TBL_BOOK (BOOK_ID,TITLE,AUTHOR,PUBLISHER,PRICE,IMAGE,QUANTITY,CATEGORY,EBOOK,CREATED_AT,UPDATED_AT,DISCOUNT) values (9788954761505,'EBS 필독 중학 국어 비문학 독해2(2024) (중학 국어로 수능 잡기)','EBS교육방송 편집부','EBS한국교육방송공사',7200,'https://shopping-phinf.pstatic.net/main_3244280/32442803280.20230711115110.jpg',100,2001,'N',to_date('24/09/21','RR/MM/DD'),null,0);
Insert into ADMIN.TBL_BOOK (BOOK_ID,TITLE,AUTHOR,PUBLISHER,PRICE,IMAGE,QUANTITY,CATEGORY,EBOOK,CREATED_AT,UPDATED_AT,DISCOUNT) values (9788954761512,'EBS 필독 중학 국어 비문학 독해3(2024) (중학 국어로 수능 잡기)','EBS교육방송 편집부','EBS한국교육방송공사',10350,'https://shopping-phinf.pstatic.net/main_3243612/32436122978.20230912084305.jpg',100,2001,'N',to_date('24/09/07','RR/MM/DD'),null,0);
Insert into ADMIN.TBL_BOOK (BOOK_ID,TITLE,AUTHOR,PUBLISHER,PRICE,IMAGE,QUANTITY,CATEGORY,EBOOK,CREATED_AT,UPDATED_AT,DISCOUNT) values (9788954760072,'EBS 윤혜정의 나비효과 입문편 워크북(2022) (시 문학, 소설 문학, 비문학)','EBS교육방송 편집부','EBS한국교육방송공사',14850,'https://shopping-phinf.pstatic.net/main_3246550/32465505869.20221019151103.jpg',100,2001,'N',to_date('24/09/17','RR/MM/DD'),null,0);
Insert into ADMIN.TBL_BOOK (BOOK_ID,TITLE,AUTHOR,PUBLISHER,PRICE,IMAGE,QUANTITY,CATEGORY,EBOOK,CREATED_AT,UPDATED_AT,DISCOUNT) values (9788954750264,'EBS 윤혜정의 나비효과 입문편(2022) (시 문학, 소설 문학, 비문학)','윤혜정','EBS한국교육방송공사',14850,'https://shopping-phinf.pstatic.net/main_3246477/32464775789.20221019131645.jpg',100,2001,'N',to_date('24/09/21','RR/MM/DD'),null,0);
Insert into ADMIN.TBL_BOOK (BOOK_ID,TITLE,AUTHOR,PUBLISHER,PRICE,IMAGE,QUANTITY,CATEGORY,EBOOK,CREATED_AT,UPDATED_AT,DISCOUNT) values (9788954743273,'EBS 국공따 국어공부 따로 하지마라 6: 복합 지문 이해하기(2020) (문학 비문학 독해 핵심원리 연습)','EBS교육방송 편집부','EBS한국교육방송공사',6300,'https://shopping-phinf.pstatic.net/main_3249036/32490362090.20220527055822.jpg',100,2001,'N',to_date('24/09/23','RR/MM/DD'),null,0);
Insert into ADMIN.TBL_BOOK (BOOK_ID,TITLE,AUTHOR,PUBLISHER,PRICE,IMAGE,QUANTITY,CATEGORY,EBOOK,CREATED_AT,UPDATED_AT,DISCOUNT) values (9791193751121,'신명기 - 하 (개역개정 · 구약성경 쓰기)',null,'우슬북',9000,'https://shopping-phinf.pstatic.net/main_4717935/47179352626.20240420071033.jpg',100,2003,'N',to_date('24/09/15','RR/MM/DD'),null,0);
Insert into ADMIN.TBL_BOOK (BOOK_ID,TITLE,AUTHOR,PUBLISHER,PRICE,IMAGE,QUANTITY,CATEGORY,EBOOK,CREATED_AT,UPDATED_AT,DISCOUNT) values (9791193751022,'창세기 (하) (개역개정·구약성경 쓰기 1)',null,'우슬북',9000,'https://shopping-phinf.pstatic.net/main_4517455/45174555622.20240110201225.jpg',100,2003,'N',to_date('24/09/26','RR/MM/DD'),null,0);
Insert into ADMIN.TBL_BOOK (BOOK_ID,TITLE,AUTHOR,PUBLISHER,PRICE,IMAGE,QUANTITY,CATEGORY,EBOOK,CREATED_AT,UPDATED_AT,DISCOUNT) values (9791192534435,'기하공차 (기초부터 실무까지, 개정2판)','김보영^호춘기','마지원',19800,'https://shopping-phinf.pstatic.net/main_4981595/49815958619.20240818071229.jpg',100,2003,'N',to_date('24/09/22','RR/MM/DD'),null,0);
Insert into ADMIN.TBL_BOOK (BOOK_ID,TITLE,AUTHOR,PUBLISHER,PRICE,IMAGE,QUANTITY,CATEGORY,EBOOK,CREATED_AT,UPDATED_AT,DISCOUNT) values (9791197951138,'창세기(하) (창세기를 알면 약속이 보인다)','임경묵','다바르',9000,'https://shopping-phinf.pstatic.net/main_3742455/37424551618.20230207165313.jpg',100,2003,'N',to_date('24/09/22','RR/MM/DD'),null,0);
Insert into ADMIN.TBL_BOOK (BOOK_ID,TITLE,AUTHOR,PUBLISHER,PRICE,IMAGE,QUANTITY,CATEGORY,EBOOK,CREATED_AT,UPDATED_AT,DISCOUNT) values (9791168595194,'마더텅 수능기출 모의고사 33회 수학 영역(2024)(2025 수능대비) (공통 + 선택 [확률과 통계·미적분·기하])','마더텅 편집부','마더텅',19710,'https://shopping-phinf.pstatic.net/main_4527669/45276697619.20240117082932.jpg',100,2003,'N',to_date('24/09/12','RR/MM/DD'),null,0);
Insert into ADMIN.TBL_BOOK (BOOK_ID,TITLE,AUTHOR,PUBLISHER,PRICE,IMAGE,QUANTITY,CATEGORY,EBOOK,CREATED_AT,UPDATED_AT,DISCOUNT) values (9791193751053,'출애굽기 (하) (개역개정 · 구약성경 쓰기)','김영기.양선 엮음','우슬북',9000,'https://shopping-phinf.pstatic.net/main_4534572/45345725620.20240119162900.jpg',100,2003,'N',to_date('24/09/20','RR/MM/DD'),null,0);
Insert into ADMIN.TBL_BOOK (BOOK_ID,TITLE,AUTHOR,PUBLISHER,PRICE,IMAGE,QUANTITY,CATEGORY,EBOOK,CREATED_AT,UPDATED_AT,DISCOUNT) values (9788993474077,'하늘을 사는 사람들 (창세기 (하))','신우인','포이에마',10800,'https://shopping-phinf.pstatic.net/main_3244165/32441655240.20221228074640.jpg',100,2003,'N',to_date('24/09/17','RR/MM/DD'),null,0);
Insert into ADMIN.TBL_BOOK (BOOK_ID,TITLE,AUTHOR,PUBLISHER,PRICE,IMAGE,QUANTITY,CATEGORY,EBOOK,CREATED_AT,UPDATED_AT,DISCOUNT) values (9788982552984,'창세기 (하)','고든 웬함','솔로몬',37800,'https://shopping-phinf.pstatic.net/main_5049739/50497390632.20240926084711.jpg',100,2003,'N',to_date('24/09/18','RR/MM/DD'),null,0);
Insert into ADMIN.TBL_BOOK (BOOK_ID,TITLE,AUTHOR,PUBLISHER,PRICE,IMAGE,QUANTITY,CATEGORY,EBOOK,CREATED_AT,UPDATED_AT,DISCOUNT) values (9788982554018,'신명기(하) (21:10-34:12, WBC 성경주석 6)','두에인 L. 크리스텐센','솔로몬',9000,'https://shopping-phinf.pstatic.net/main_3343572/33435722637.20221227205911.jpg',100,2003,'N',to_date('24/09/15','RR/MM/DD'),null,0);
Insert into ADMIN.TBL_BOOK (BOOK_ID,TITLE,AUTHOR,PUBLISHER,PRICE,IMAGE,QUANTITY,CATEGORY,EBOOK,CREATED_AT,UPDATED_AT,DISCOUNT) values (9788954752541,'EBS 올림포스 고등 언어와 매체(2024) (2015 개정 교육과정)','EBS교육방송 편집부','EBS한국교육방송공사',10350,'https://shopping-phinf.pstatic.net/main_3244303/32443034413.20221019152559.jpg',100,2003,'N',to_date('24/09/18','RR/MM/DD'),null,0);
Insert into ADMIN.TBL_BOOK (BOOK_ID,TITLE,AUTHOR,PUBLISHER,PRICE,IMAGE,QUANTITY,CATEGORY,EBOOK,CREATED_AT,UPDATED_AT,DISCOUNT) values (9791125954521,'고등 언어와 매체 평가문제(민현식)(2024) (2015 개정 교육과정 새 교과서 반영)','민현식','천재교육',13500,'https://shopping-phinf.pstatic.net/main_3530058/35300584590.20230711113724.jpg',100,2003,'N',to_date('24/09/25','RR/MM/DD'),null,0);
Insert into ADMIN.TBL_BOOK (BOOK_ID,TITLE,AUTHOR,PUBLISHER,PRICE,IMAGE,QUANTITY,CATEGORY,EBOOK,CREATED_AT,UPDATED_AT,DISCOUNT) values (9791186148457,'NEW 왓칭 보이는 교과서 문법(2024) (고등 국어 + 언어)','박성채^박종오^한보람','키움',19800,'https://shopping-phinf.pstatic.net/main_4287126/42871268623.20230928091955.jpg',100,2003,'N',to_date('24/09/23','RR/MM/DD'),null,0);
Insert into ADMIN.TBL_BOOK (BOOK_ID,TITLE,AUTHOR,PUBLISHER,PRICE,IMAGE,QUANTITY,CATEGORY,EBOOK,CREATED_AT,UPDATED_AT,DISCOUNT) values (9788954783651,'EBS Final 실전모의고사 고등 국어영역 7회분(2024)(2025 수능대비) (2025학년도 수능 대비)','EBS교육방송 편집부','한국교육방송공사(EBSi)',13370,'https://shopping-phinf.pstatic.net/main_4730241/47302411618.20240426091021.jpg',100,2003,'N',to_date('24/09/21','RR/MM/DD'),null,0);
Insert into ADMIN.TBL_BOOK (BOOK_ID,TITLE,AUTHOR,PUBLISHER,PRICE,IMAGE,QUANTITY,CATEGORY,EBOOK,CREATED_AT,UPDATED_AT,DISCOUNT) values (9791162404201,'2023 Xistory 자이스토리 수능 국어 언어와 매체 기본 (2023년) (고등국어문제집)','수경출판사 편집부','수경출판사',15750,'https://shopping-phinf.pstatic.net/main_3550527/35505279632.20240415070959.jpg',100,2003,'N',to_date('24/09/13','RR/MM/DD'),null,0);
Insert into ADMIN.TBL_BOOK (BOOK_ID,TITLE,AUTHOR,PUBLISHER,PRICE,IMAGE,QUANTITY,CATEGORY,EBOOK,CREATED_AT,UPDATED_AT,DISCOUNT) values (9791162404188,'2023 Xistory 자이스토리 수능 국어 독서 기본 (2023년) (고등국어문제집)','수경출판사 편집부','수경출판사',16650,'https://shopping-phinf.pstatic.net/main_3550528/35505281627.20231119070832.jpg',100,2003,'N',to_date('24/09/20','RR/MM/DD'),null,0);
Insert into ADMIN.TBL_BOOK (BOOK_ID,TITLE,AUTHOR,PUBLISHER,PRICE,IMAGE,QUANTITY,CATEGORY,EBOOK,CREATED_AT,UPDATED_AT,DISCOUNT) values (9791162404195,'2023 Xistory 자이스토리 수능 국어 문학 기본 (2023년) (고등국어문제집)','수경출판사 편집부','수경출판사',16650,'https://shopping-phinf.pstatic.net/main_3550528/35505281643.20231119070755.jpg',100,2003,'N',to_date('24/09/24','RR/MM/DD'),null,0);
Insert into ADMIN.TBL_BOOK (BOOK_ID,TITLE,AUTHOR,PUBLISHER,PRICE,IMAGE,QUANTITY,CATEGORY,EBOOK,CREATED_AT,UPDATED_AT,DISCOUNT) values (9791162404171,'2023 Xistory 자이스토리 전국연합 모의고사 고1 국어 (2023년) (고등국어문제집)','이세영','수경출판사',17100,'https://shopping-phinf.pstatic.net/main_3544324/35443248619.20231119070759.jpg',100,2003,'N',to_date('24/09/20','RR/MM/DD'),null,0);
Insert into ADMIN.TBL_BOOK (BOOK_ID,TITLE,AUTHOR,PUBLISHER,PRICE,IMAGE,QUANTITY,CATEGORY,EBOOK,CREATED_AT,UPDATED_AT,DISCOUNT) values (9791162403464,'자이스토리 수능 국어 고전 시가 총정리(2024) (고등국어문제집)','수경출판사 편집부','수경출판사',12420,'https://shopping-phinf.pstatic.net/main_3244180/32441803690.20230313190403.jpg',100,2003,'N',to_date('24/09/09','RR/MM/DD'),null,0);
Insert into ADMIN.TBL_BOOK (BOOK_ID,TITLE,AUTHOR,PUBLISHER,PRICE,IMAGE,QUANTITY,CATEGORY,EBOOK,CREATED_AT,UPDATED_AT,DISCOUNT) values (9791162404218,'2023 Xistory 자이스토리 국어 기본 (2023년) (고등국어문제집)','이세영','수경출판사',13950,'https://shopping-phinf.pstatic.net/main_3550152/35501521621.20231219070747.jpg',100,2003,'N',to_date('24/09/16','RR/MM/DD'),null,0);
Insert into ADMIN.TBL_BOOK (BOOK_ID,TITLE,AUTHOR,PUBLISHER,PRICE,IMAGE,QUANTITY,CATEGORY,EBOOK,CREATED_AT,UPDATED_AT,DISCOUNT) values (9791162404164,'2023 Xistory 자이스토리 전국연합 모의고사 고2 국어 (2023년) (고등국어문제집)','김효진 외 8인','수경출판사',17100,'https://shopping-phinf.pstatic.net/main_3544209/35442095619.20231101070913.jpg',100,2003,'N',to_date('24/09/14','RR/MM/DD'),null,0);
Insert into ADMIN.TBL_BOOK (BOOK_ID,TITLE,AUTHOR,PUBLISHER,PRICE,IMAGE,QUANTITY,CATEGORY,EBOOK,CREATED_AT,UPDATED_AT,DISCOUNT) values (9791168590212,'2023 수능대비 마더텅 수능기출 모의고사 24회 화학 2 (2022년)','마더텅 편집부','마더텅',10710,'https://shopping-phinf.pstatic.net/main_3245786/32457866355.20230315071311.jpg',100,2001,'N',to_date('24/09/14','RR/MM/DD'),null,0);
Insert into ADMIN.TBL_BOOK (BOOK_ID,TITLE,AUTHOR,PUBLISHER,PRICE,IMAGE,QUANTITY,CATEGORY,EBOOK,CREATED_AT,UPDATED_AT,DISCOUNT) values (9788959268641,'고등 사회문화 모의고사 8회(2017 수능대비) (EBS 연계 총결산 수능특강+수능완성)','수경출판사 편집부','수경출판사',9900,'https://shopping-phinf.pstatic.net/main_3246667/32466671255.20220524183211.jpg',100,2001,'N',to_date('24/09/14','RR/MM/DD'),null,0);
Insert into ADMIN.TBL_BOOK (BOOK_ID,TITLE,AUTHOR,PUBLISHER,PRICE,IMAGE,QUANTITY,CATEGORY,EBOOK,CREATED_AT,UPDATED_AT,DISCOUNT) values (9788965822257,'공부법 지리 (중학생이 미리 배우는)','고경미^신명자^이나리^박준휘^차혜원','리베르',15120,'https://shopping-phinf.pstatic.net/main_3246683/32466839242.20221227203841.jpg',100,2001,'N',to_date('24/09/28','RR/MM/DD'),null,0);
Insert into ADMIN.TBL_BOOK (BOOK_ID,TITLE,AUTHOR,PUBLISHER,PRICE,IMAGE,QUANTITY,CATEGORY,EBOOK,CREATED_AT,UPDATED_AT,DISCOUNT) values (9788928324279,'오감도 고등 비문학 독서편 (기본부터 실전까지, 맞춤형 실전 대비서)','좋은책신사고 편집부','좋은책신사고',12150,'https://shopping-phinf.pstatic.net/main_3246546/32465460632.20221019115302.jpg',100,2001,'N',to_date('24/09/19','RR/MM/DD'),null,0);
Insert into ADMIN.TBL_BOOK (BOOK_ID,TITLE,AUTHOR,PUBLISHER,PRICE,IMAGE,QUANTITY,CATEGORY,EBOOK,CREATED_AT,UPDATED_AT,DISCOUNT) values (9788963919218,'국어는 꿈틀 고등 비문학 독서 공통 (문이과 통합 수능 실전 대비)','꿈을담는틀 편집부','꿈을담는틀',9000,'https://shopping-phinf.pstatic.net/main_3246687/32466874621.20221019115012.jpg',100,2001,'N',to_date('24/09/12','RR/MM/DD'),null,0);
Insert into ADMIN.TBL_BOOK (BOOK_ID,TITLE,AUTHOR,PUBLISHER,PRICE,IMAGE,QUANTITY,CATEGORY,EBOOK,CREATED_AT,UPDATED_AT,DISCOUNT) values (9788909209144,'총만국 고등 비문학 독서 수능기출문제집(2019)(2020 수능대비) (2020학년도수능국어영역적중 | 수능고득점마스터해설끝판왕총력만능국어)','교학사 편집부','교학사',15860,'https://shopping-phinf.pstatic.net/main_3243610/32436104986.20221019141722.jpg',100,2001,'N',to_date('24/09/09','RR/MM/DD'),null,0);
Insert into ADMIN.TBL_BOOK (BOOK_ID,TITLE,AUTHOR,PUBLISHER,PRICE,IMAGE,QUANTITY,CATEGORY,EBOOK,CREATED_AT,UPDATED_AT,DISCOUNT) values (9788954766340,'EBS 중학 수능특강 국어 독서(비문학) 기본 (미리 준비하는 중학생을 위한)','EBS교육방송 편집부','한국교육방송공사(EBSi)',11700,'https://shopping-phinf.pstatic.net/main_3255937/32559370744.20230919123013.jpg',100,2001,'N',to_date('24/09/15','RR/MM/DD'),null,0);
Insert into ADMIN.TBL_BOOK (BOOK_ID,TITLE,AUTHOR,PUBLISHER,PRICE,IMAGE,QUANTITY,CATEGORY,EBOOK,CREATED_AT,UPDATED_AT,DISCOUNT) values (9788954766357,'EBS 중학 수능특강 국어 독서(비문학) 심화 (미리 준비하는 중학생을 위한)','EBS교육방송 편집부','한국교육방송공사(EBSi)',11700,'https://shopping-phinf.pstatic.net/main_3255936/32559363712.20230919130620.jpg',100,2001,'N',to_date('24/09/28','RR/MM/DD'),null,0);
Insert into ADMIN.TBL_BOOK (BOOK_ID,TITLE,AUTHOR,PUBLISHER,PRICE,IMAGE,QUANTITY,CATEGORY,EBOOK,CREATED_AT,UPDATED_AT,DISCOUNT) values (9788954761499,'EBS 필독 중학 국어 비문학 독해1(2024) (중학 국어로 수능 잡기)','EBS교육방송 편집부','EBS한국교육방송공사',10350,'https://shopping-phinf.pstatic.net/main_3245907/32459075846.20230725121406.jpg',100,2001,'N',to_date('24/09/13','RR/MM/DD'),null,0);
Insert into ADMIN.TBL_BOOK (BOOK_ID,TITLE,AUTHOR,PUBLISHER,PRICE,IMAGE,QUANTITY,CATEGORY,EBOOK,CREATED_AT,UPDATED_AT,DISCOUNT) values (9788934940753,'흔한남매 과학 탐험대 5 (물리 1)','이현진^닥터 스코(권태균)','주니어김영사',12480,'https://shopping-phinf.pstatic.net/main_3281279/32812790619.20240511092515.jpg',100,2004,'N',to_date('24/09/14','RR/MM/DD'),null,0);
Insert into ADMIN.TBL_BOOK (BOOK_ID,TITLE,AUTHOR,PUBLISHER,PRICE,IMAGE,QUANTITY,CATEGORY,EBOOK,CREATED_AT,UPDATED_AT,DISCOUNT) values (9788993077032,'카툰과학: 물리1','한재필','어진교육',11700,'https://shopping-phinf.pstatic.net/main_3249272/32492720666.20221019105542.jpg',100,2004,'N',to_date('24/09/18','RR/MM/DD'),null,0);
Insert into ADMIN.TBL_BOOK (BOOK_ID,TITLE,AUTHOR,PUBLISHER,PRICE,IMAGE,QUANTITY,CATEGORY,EBOOK,CREATED_AT,UPDATED_AT,DISCOUNT) values (9791187336198,'힘과 운동 뛰어넘기 (속 보이는 물리 1)','한국물리학회','동아엠앤비',13500,'https://shopping-phinf.pstatic.net/main_3246889/32468896678.20231126071032.jpg',100,2004,'N',to_date('24/09/27','RR/MM/DD'),null,0);
Insert into ADMIN.TBL_BOOK (BOOK_ID,TITLE,AUTHOR,PUBLISHER,PRICE,IMAGE,QUANTITY,CATEGORY,EBOOK,CREATED_AT,UPDATED_AT,DISCOUNT) values (9788928316441,'고등 물리1(2019) (2009 개정 교육과정)','좋은책신사고 편집부','좋은책신사고',13950,'https://shopping-phinf.pstatic.net/main_3249663/32496632044.20220530154956.jpg',100,2004,'N',to_date('24/09/17','RR/MM/DD'),null,0);
Insert into ADMIN.TBL_BOOK (BOOK_ID,TITLE,AUTHOR,PUBLISHER,PRICE,IMAGE,QUANTITY,CATEGORY,EBOOK,CREATED_AT,UPDATED_AT,DISCOUNT) values (9791166099908,'완자 고등 물리학1(2024) (2015 개정 교육과정)','비상교육 편집부','비상교육',19600,'https://shopping-phinf.pstatic.net/main_3546470/35464705631.20221109010215.jpg',100,2004,'N',to_date('24/09/08','RR/MM/DD'),null,0);
Insert into ADMIN.TBL_BOOK (BOOK_ID,TITLE,AUTHOR,PUBLISHER,PRICE,IMAGE,QUANTITY,CATEGORY,EBOOK,CREATED_AT,UPDATED_AT,DISCOUNT) values (9788954736367,'고등 물리1 실전모의고사(2016)(8절)','EBS교육방송 편집부','EBS한국교육방송공사',4050,'https://shopping-phinf.pstatic.net/main_3250663/32506638998.20220527050347.jpg',100,2004,'N',to_date('24/09/22','RR/MM/DD'),null,0);
Insert into ADMIN.TBL_BOOK (BOOK_ID,TITLE,AUTHOR,PUBLISHER,PRICE,IMAGE,QUANTITY,CATEGORY,EBOOK,CREATED_AT,UPDATED_AT,DISCOUNT) values (9791167752123,'전국연합 학력평가 고2 물리(2024) (내신 및 학평 대비 필수 학습서)','한국영재개발원 편집부','한국영재개발원',8100,'https://shopping-phinf.pstatic.net/main_4714469/47144692630.20240514101746.jpg',100,2004,'N',to_date('24/09/16','RR/MM/DD'),null,0);
Insert into ADMIN.TBL_BOOK (BOOK_ID,TITLE,AUTHOR,PUBLISHER,PRICE,IMAGE,QUANTITY,CATEGORY,EBOOK,CREATED_AT,UPDATED_AT,DISCOUNT) values (9791189757960,'2024 물리학개론 (7급 공무원(국가직, 지방직))','고진목','명인북스',49500,'https://shopping-phinf.pstatic.net/main_4388178/43881784619.20231110070912.jpg',100,2004,'N',to_date('24/09/21','RR/MM/DD'),null,0);
Insert into ADMIN.TBL_BOOK (BOOK_ID,TITLE,AUTHOR,PUBLISHER,PRICE,IMAGE,QUANTITY,CATEGORY,EBOOK,CREATED_AT,UPDATED_AT,DISCOUNT) values (9791198695116,'2024 끗 변리사 물리 문제편 (개정 4판)','김현완','키다리꼬마',20700,'https://shopping-phinf.pstatic.net/main_4664424/46644241619.20240328081915.jpg',100,2004,'N',to_date('24/09/25','RR/MM/DD'),null,0);
Insert into ADMIN.TBL_BOOK (BOOK_ID,TITLE,AUTHOR,PUBLISHER,PRICE,IMAGE,QUANTITY,CATEGORY,EBOOK,CREATED_AT,UPDATED_AT,DISCOUNT) values (9791198695109,'2024 끗 변리사 물리 개념편 (개정 4판)','김현완','키다리꼬마',23170,'https://shopping-phinf.pstatic.net/main_4627353/46273534624.20240309092210.jpg',100,2004,'N',to_date('24/09/28','RR/MM/DD'),null,0);
Insert into ADMIN.TBL_BOOK (BOOK_ID,TITLE,AUTHOR,PUBLISHER,PRICE,IMAGE,QUANTITY,CATEGORY,EBOOK,CREATED_AT,UPDATED_AT,DISCOUNT) values (9791166544569,'2024 공무원 스마트 물리학개론 (7급 공무원·소방간부·승진시험)','신용찬','한솔아카데미',40500,'https://shopping-phinf.pstatic.net/main_4531137/45311375652.20240118082455.jpg',100,2004,'N',to_date('24/09/11','RR/MM/DD'),null,0);
Insert into ADMIN.TBL_BOOK (BOOK_ID,TITLE,AUTHOR,PUBLISHER,PRICE,IMAGE,QUANTITY,CATEGORY,EBOOK,CREATED_AT,UPDATED_AT,DISCOUNT) values (9791193889732,'2024 물리치료사를 위한 의료보건법규','김찬규','현문사',31680,'https://shopping-phinf.pstatic.net/main_4682571/46825717618.20241001072302.jpg',100,2004,'N',to_date('24/09/08','RR/MM/DD'),null,0);
Insert into ADMIN.TBL_BOOK (BOOK_ID,TITLE,AUTHOR,PUBLISHER,PRICE,IMAGE,QUANTITY,CATEGORY,EBOOK,CREATED_AT,UPDATED_AT,DISCOUNT) values (9791169406383,'오투 고등 화학1(2024) (수능 대비서)','비상교육 편집부','비상교육',14540,'https://shopping-phinf.pstatic.net/main_4495251/44952513627.20240106070751.jpg',100,2004,'N',to_date('24/09/21','RR/MM/DD'),null,0);
Insert into ADMIN.TBL_BOOK (BOOK_ID,TITLE,AUTHOR,PUBLISHER,PRICE,IMAGE,QUANTITY,CATEGORY,EBOOK,CREATED_AT,UPDATED_AT,DISCOUNT) values (9788954737036,'고등 기하와 벡터(2018)','EBS교육방송 편집부','EBS한국교육방송공사',4500,'https://shopping-phinf.pstatic.net/main_3249275/32492750146.20220527064807.jpg',100,2003,'N',to_date('24/09/24','RR/MM/DD'),null,0);
Insert into ADMIN.TBL_BOOK (BOOK_ID,TITLE,AUTHOR,PUBLISHER,PRICE,IMAGE,QUANTITY,CATEGORY,EBOOK,CREATED_AT,UPDATED_AT,DISCOUNT) values (9788963917030,'고등 기하와 벡터(2017) (새 교육과정 반영)','최문경^임태관^최희철^채현^윤상연','꿈을담는틀',11700,'https://shopping-phinf.pstatic.net/main_3244100/32441008706.20220527050448.jpg',100,2003,'N',to_date('24/09/22','RR/MM/DD'),null,0);
Insert into ADMIN.TBL_BOOK (BOOK_ID,TITLE,AUTHOR,PUBLISHER,PRICE,IMAGE,QUANTITY,CATEGORY,EBOOK,CREATED_AT,UPDATED_AT,DISCOUNT) values (9788900436501,'고등 화학1 자습서','동아출판 편집부^이성학','동아출판',12600,'https://shopping-phinf.pstatic.net/main_3530300/35303003839.20230906071407.jpg',100,2004,'N',to_date('24/09/15','RR/MM/DD'),null,0);
Insert into ADMIN.TBL_BOOK (BOOK_ID,TITLE,AUTHOR,PUBLISHER,PRICE,IMAGE,QUANTITY,CATEGORY,EBOOK,CREATED_AT,UPDATED_AT,DISCOUNT) values (9788934944546,'흔한남매 과학 탐험대 7 7 (생물 1)','김언정^이현진^서지은','주니어김영사',12480,'https://shopping-phinf.pstatic.net/main_3867513/38675131627.20230905101157.jpg',100,2004,'N',to_date('24/09/22','RR/MM/DD'),null,0);
Insert into ADMIN.TBL_BOOK (BOOK_ID,TITLE,AUTHOR,PUBLISHER,PRICE,IMAGE,QUANTITY,CATEGORY,EBOOK,CREATED_AT,UPDATED_AT,DISCOUNT) values (9788993077087,'카툰과학: 생물1','한재필','어진교육',11700,'https://shopping-phinf.pstatic.net/main_3248472/32484722840.20221019142242.jpg',100,2004,'N',to_date('24/09/13','RR/MM/DD'),null,0);
Insert into ADMIN.TBL_BOOK (BOOK_ID,TITLE,AUTHOR,PUBLISHER,PRICE,IMAGE,QUANTITY,CATEGORY,EBOOK,CREATED_AT,UPDATED_AT,DISCOUNT) values (9791163632269,'속 보이는 생물 1 : 세포와 항상성 지키기 (속 보이는 생물 1)','김대준^전성제^권오민','동아엠앤비',15300,'https://shopping-phinf.pstatic.net/main_3244142/32441426695.20221229073020.jpg',100,2004,'N',to_date('24/09/16','RR/MM/DD'),null,0);
Insert into ADMIN.TBL_BOOK (BOOK_ID,TITLE,AUTHOR,PUBLISHER,PRICE,IMAGE,QUANTITY,CATEGORY,EBOOK,CREATED_AT,UPDATED_AT,DISCOUNT) values (9791191206098,'멸종위기 야생생물 1 (우리가 꼭 알아야 할)','국립생태원','국립생태원',9000,'https://shopping-phinf.pstatic.net/main_3244052/32440528507.20231219070756.jpg',100,2004,'N',to_date('24/09/11','RR/MM/DD'),null,0);
Insert into ADMIN.TBL_BOOK (BOOK_ID,TITLE,AUTHOR,PUBLISHER,PRICE,IMAGE,QUANTITY,CATEGORY,EBOOK,CREATED_AT,UPDATED_AT,DISCOUNT) values (9788992239417,'한국의 주요 외래생물 1 (Alien Species in korea)','환경부','환경부',7000,'https://shopping-phinf.pstatic.net/main_3246655/32466558858.20240717072552.jpg',100,2004,'N',to_date('24/09/23','RR/MM/DD'),null,0);
Insert into ADMIN.TBL_BOOK (BOOK_ID,TITLE,AUTHOR,PUBLISHER,PRICE,IMAGE,QUANTITY,CATEGORY,EBOOK,CREATED_AT,UPDATED_AT,DISCOUNT) values (9788996008149,'생강 생물1 1(2015) (EBS 장호 선생님)','장호','스터디하우스',15300,'https://shopping-phinf.pstatic.net/main_3249276/32492767067.20221227210018.jpg',100,2004,'N',to_date('24/09/10','RR/MM/DD'),null,0);
Insert into ADMIN.TBL_BOOK (BOOK_ID,TITLE,AUTHOR,PUBLISHER,PRICE,IMAGE,QUANTITY,CATEGORY,EBOOK,CREATED_AT,UPDATED_AT,DISCOUNT) values (9788996008156,'생강 생물1 2(2015) (EBS 장호 선생님)','장호','스터디하우스',15300,'https://shopping-phinf.pstatic.net/main_3249399/32493990624.20221230074327.jpg',100,2004,'N',to_date('24/09/24','RR/MM/DD'),null,0);
Insert into ADMIN.TBL_BOOK (BOOK_ID,TITLE,AUTHOR,PUBLISHER,PRICE,IMAGE,QUANTITY,CATEGORY,EBOOK,CREATED_AT,UPDATED_AT,DISCOUNT) values (9791187245971,'TB 편입생물 1: 세포/분자 생물학 (Total Biology)','최성윤','위스토리',37620,'https://shopping-phinf.pstatic.net/main_3249036/32490362236.20230502162626.jpg',100,2004,'N',to_date('24/09/10','RR/MM/DD'),null,0);
Insert into ADMIN.TBL_BOOK (BOOK_ID,TITLE,AUTHOR,PUBLISHER,PRICE,IMAGE,QUANTITY,CATEGORY,EBOOK,CREATED_AT,UPDATED_AT,DISCOUNT) values (9791161961293,'NEWTON HIGHLIGHT  중고등학교 생물 (중고등학교 생물의 핵심을 그림으로 익힌다)','뉴턴프레스','아이뉴턴(뉴턴코리아)',17380,'https://shopping-phinf.pstatic.net/main_4639751/46397518618.20240317071047.jpg',100,2004,'N',to_date('24/09/07','RR/MM/DD'),null,0);
Insert into ADMIN.TBL_BOOK (BOOK_ID,TITLE,AUTHOR,PUBLISHER,PRICE,IMAGE,QUANTITY,CATEGORY,EBOOK,CREATED_AT,UPDATED_AT,DISCOUNT) values (9791195755677,'NEWTON HIGHLIGHT 뉴턴 하이라이트 비주얼 생물 (유전, 진화, 생식과 성, 생명, 세포, 개체의 신비, 생태계..., 중.고등학교 생물의 핵심을 비주얼로 확인한다)','다누마 세이이치 감수, 고다 마사노리 협력','(주)아이뉴턴',16200,'https://shopping-phinf.pstatic.net/main_3245731/32457319463.20230223071134.jpg',100,2004,'N',to_date('24/09/17','RR/MM/DD'),null,0);
Insert into ADMIN.TBL_BOOK (BOOK_ID,TITLE,AUTHOR,PUBLISHER,PRICE,IMAGE,QUANTITY,CATEGORY,EBOOK,CREATED_AT,UPDATED_AT,DISCOUNT) values (9791190130226,'2020 생물교육론 실전문제 (중등교원임용 시험대비)','양혜정','배움',14250,'https://shopping-phinf.pstatic.net/main_3252367/32523678637.20221230074847.jpg',100,2004,'N',to_date('24/09/15','RR/MM/DD'),null,0);
Insert into ADMIN.TBL_BOOK (BOOK_ID,TITLE,AUTHOR,PUBLISHER,PRICE,IMAGE,QUANTITY,CATEGORY,EBOOK,CREATED_AT,UPDATED_AT,DISCOUNT) values (9788955969580,'중등 처음 물리 1: 힘과 열(2024)','김민우^김희경','한언',15300,'https://shopping-phinf.pstatic.net/main_4986115/49861159618.20240820090151.jpg',100,2004,'N',to_date('24/09/13','RR/MM/DD'),null,0);
Insert into ADMIN.TBL_BOOK (BOOK_ID,TITLE,AUTHOR,PUBLISHER,PRICE,IMAGE,QUANTITY,CATEGORY,EBOOK,CREATED_AT,UPDATED_AT,DISCOUNT) values (9788990773630,'완전변태 그림교과서 고등 물리','박완규','플러스예감',7650,'https://shopping-phinf.pstatic.net/main_3244165/32441654399.20230404162141.jpg',100,2004,'N',to_date('24/09/08','RR/MM/DD'),null,0);
Insert into ADMIN.TBL_BOOK (BOOK_ID,TITLE,AUTHOR,PUBLISHER,PRICE,IMAGE,QUANTITY,CATEGORY,EBOOK,CREATED_AT,UPDATED_AT,DISCOUNT) values (9791169406376,'오투 고등 물리학1(2024) (수능 대비서)','비상교육 편집부','비상교육',13500,'https://shopping-phinf.pstatic.net/main_4495253/44952532630.20240106070748.jpg',100,2004,'N',to_date('24/09/11','RR/MM/DD'),null,0);
Insert into ADMIN.TBL_BOOK (BOOK_ID,TITLE,AUTHOR,PUBLISHER,PRICE,IMAGE,QUANTITY,CATEGORY,EBOOK,CREATED_AT,UPDATED_AT,DISCOUNT) values (9788900436488,'고등 물리학1 자습서 (2015 개정 교육과정)','동아출판 편집부^김상협^김민성','동아출판',12600,'https://shopping-phinf.pstatic.net/main_3530168/35301682151.20230906071118.jpg',100,2004,'N',to_date('24/09/25','RR/MM/DD'),null,0);
Insert into ADMIN.TBL_BOOK (BOOK_ID,TITLE,AUTHOR,PUBLISHER,PRICE,IMAGE,QUANTITY,CATEGORY,EBOOK,CREATED_AT,UPDATED_AT,DISCOUNT) values (9788982813849,'순간의 꽃 (고은 작은시편)','고은','문학동네',10700,'https://shopping-phinf.pstatic.net/main_3250600/32506009235.20221019152908.jpg',100,2006,'N',to_date('24/09/11','RR/MM/DD'),null,0);
Insert into ADMIN.TBL_BOOK (BOOK_ID,TITLE,AUTHOR,PUBLISHER,PRICE,IMAGE,QUANTITY,CATEGORY,EBOOK,CREATED_AT,UPDATED_AT,DISCOUNT) values (9788998047986,'백두산','고은','시인생각',5400,'https://shopping-phinf.pstatic.net/main_3246685/32466857778.20221019135636.jpg',100,2006,'N',to_date('24/09/09','RR/MM/DD'),null,0);
Insert into ADMIN.TBL_BOOK (BOOK_ID,TITLE,AUTHOR,PUBLISHER,PRICE,IMAGE,QUANTITY,CATEGORY,EBOOK,CREATED_AT,UPDATED_AT,DISCOUNT) values (9788936427276,'초혼 (고은 시집)','고은','창비',11700,'https://shopping-phinf.pstatic.net/main_3248553/32485532619.20230725120858.jpg',100,2006,'N',to_date('24/09/15','RR/MM/DD'),null,0);
Insert into ADMIN.TBL_BOOK (BOOK_ID,TITLE,AUTHOR,PUBLISHER,PRICE,IMAGE,QUANTITY,CATEGORY,EBOOK,CREATED_AT,UPDATED_AT,DISCOUNT) values (9788936461195,'마치 잔칫날처럼 (고은 대표 시선집)','고은','창비',17100,'https://shopping-phinf.pstatic.net/main_3243600/32436009946.20230519071101.jpg',100,2006,'N',to_date('24/09/12','RR/MM/DD'),null,0);
Insert into ADMIN.TBL_BOOK (BOOK_ID,TITLE,AUTHOR,PUBLISHER,PRICE,IMAGE,QUANTITY,CATEGORY,EBOOK,CREATED_AT,UPDATED_AT,DISCOUNT) values (9788936427214,'상화 시편 (행성의 사랑)','고은','창비',8550,'https://shopping-phinf.pstatic.net/main_3244102/32441025169.20230725122113.jpg',100,2006,'N',to_date('24/09/21','RR/MM/DD'),null,0);
Insert into ADMIN.TBL_BOOK (BOOK_ID,TITLE,AUTHOR,PUBLISHER,PRICE,IMAGE,QUANTITY,CATEGORY,EBOOK,CREATED_AT,UPDATED_AT,DISCOUNT) values (9788936422929,'허공','고은','창비',8550,'https://shopping-phinf.pstatic.net/main_3246668/32466680568.20230725122005.jpg',100,2006,'N',to_date('24/09/26','RR/MM/DD'),null,0);
Insert into ADMIN.TBL_BOOK (BOOK_ID,TITLE,AUTHOR,PUBLISHER,PRICE,IMAGE,QUANTITY,CATEGORY,EBOOK,CREATED_AT,UPDATED_AT,DISCOUNT) values (9788954620673,'뭐냐 (고은 선시집)','고은','문학동네',9900,'https://shopping-phinf.pstatic.net/main_3249034/32490344666.20221019143220.jpg',100,2006,'N',to_date('24/09/10','RR/MM/DD'),null,0);
Insert into ADMIN.TBL_BOOK (BOOK_ID,TITLE,AUTHOR,PUBLISHER,PRICE,IMAGE,QUANTITY,CATEGORY,EBOOK,CREATED_AT,UPDATED_AT,DISCOUNT) values (9791156623199,'고은 시선','고은','아시아',7650,'https://shopping-phinf.pstatic.net/main_3244388/32443881493.20230920072941.jpg',100,2006,'N',to_date('24/09/25','RR/MM/DD'),null,0);
Insert into ADMIN.TBL_BOOK (BOOK_ID,TITLE,AUTHOR,PUBLISHER,PRICE,IMAGE,QUANTITY,CATEGORY,EBOOK,CREATED_AT,UPDATED_AT,DISCOUNT) values (9788954607469,'오십 년의 사춘기 (고은 대표시 모음)','고은','문학동네',10800,'https://shopping-phinf.pstatic.net/main_3244179/32441791631.20221019143323.jpg',100,2006,'N',to_date('24/09/17','RR/MM/DD'),null,0);
Insert into ADMIN.TBL_BOOK (BOOK_ID,TITLE,AUTHOR,PUBLISHER,PRICE,IMAGE,QUANTITY,CATEGORY,EBOOK,CREATED_AT,UPDATED_AT,DISCOUNT) values (9788987721118,'소나기','황순원','다림',8100,'https://shopping-phinf.pstatic.net/main_3249226/32492268914.20230919125645.jpg',100,2006,'N',to_date('24/09/16','RR/MM/DD'),null,0);
Insert into ADMIN.TBL_BOOK (BOOK_ID,TITLE,AUTHOR,PUBLISHER,PRICE,IMAGE,QUANTITY,CATEGORY,EBOOK,CREATED_AT,UPDATED_AT,DISCOUNT) values (9788932924397,'퀸의 대각선 1 (베르나르 베르베르 장편소설)','베르나르 베르베르','열린책들',14970,'https://shopping-phinf.pstatic.net/main_4837858/48378580628.20240613092343.jpg',100,2006,'N',to_date('24/09/24','RR/MM/DD'),null,0);
Insert into ADMIN.TBL_BOOK (BOOK_ID,TITLE,AUTHOR,PUBLISHER,PRICE,IMAGE,QUANTITY,CATEGORY,EBOOK,CREATED_AT,UPDATED_AT,DISCOUNT) values (9788932924403,'퀸의 대각선 2 (베르나르 베르베르 장편소설)','베르나르 베르베르','열린책들',14970,'https://shopping-phinf.pstatic.net/main_4837857/48378575621.20240613092340.jpg',100,2006,'N',to_date('24/09/25','RR/MM/DD'),null,0);
Insert into ADMIN.TBL_BOOK (BOOK_ID,TITLE,AUTHOR,PUBLISHER,PRICE,IMAGE,QUANTITY,CATEGORY,EBOOK,CREATED_AT,UPDATED_AT,DISCOUNT) values (9788932924540,'잠 2','베르나르 베르베르','열린책들',14080,'https://shopping-phinf.pstatic.net/main_4931649/49316496626.20240724071506.jpg',100,2006,'N',to_date('24/09/23','RR/MM/DD'),null,0);
Insert into ADMIN.TBL_BOOK (BOOK_ID,TITLE,AUTHOR,PUBLISHER,PRICE,IMAGE,QUANTITY,CATEGORY,EBOOK,CREATED_AT,UPDATED_AT,DISCOUNT) values (9788932924533,'잠 1','베르나르 베르베르','열린책들',14080,'https://shopping-phinf.pstatic.net/main_4931649/49316495622.20240723091546.jpg',100,2006,'N',to_date('24/09/18','RR/MM/DD'),null,0);
Insert into ADMIN.TBL_BOOK (BOOK_ID,TITLE,AUTHOR,PUBLISHER,PRICE,IMAGE,QUANTITY,CATEGORY,EBOOK,CREATED_AT,UPDATED_AT,DISCOUNT) values (9788932924236,'꿀벌의 예언 1(큰글자도서)','베르나르 베르베르','열린책들',33950,'https://shopping-phinf.pstatic.net/main_4665265/46652650618.20240402102034.jpg',100,2006,'N',to_date('24/09/18','RR/MM/DD'),null,0);
Insert into ADMIN.TBL_BOOK (BOOK_ID,TITLE,AUTHOR,PUBLISHER,PRICE,IMAGE,QUANTITY,CATEGORY,EBOOK,CREATED_AT,UPDATED_AT,DISCOUNT) values (9791166099892,'완자 고등 화학1(2024) (2015 개정 교육과정)','비상교육 편집부','비상교육',19800,'https://shopping-phinf.pstatic.net/main_3548382/35483829621.20221109010500.jpg',100,2004,'N',to_date('24/09/19','RR/MM/DD'),null,0);
Insert into ADMIN.TBL_BOOK (BOOK_ID,TITLE,AUTHOR,PUBLISHER,PRICE,IMAGE,QUANTITY,CATEGORY,EBOOK,CREATED_AT,UPDATED_AT,DISCOUNT) values (9788928316458,'고등 화학1(2019) (2009 개정 교육과정)','좋은책신사고 편집부','좋은책신사고',13950,'https://shopping-phinf.pstatic.net/main_3249221/32492214766.20220530155445.jpg',100,2004,'N',to_date('24/09/24','RR/MM/DD'),null,0);
Insert into ADMIN.TBL_BOOK (BOOK_ID,TITLE,AUTHOR,PUBLISHER,PRICE,IMAGE,QUANTITY,CATEGORY,EBOOK,CREATED_AT,UPDATED_AT,DISCOUNT) values (9788928326259,'우공비 고등 한국지리 (새교육과정 | 개념 쏙쏙! 문제 술술! 실전형 기본서)','좋은책신사고 편집부^임재영','좋은책신사고',13950,'https://shopping-phinf.pstatic.net/main_3243943/32439438234.20221019124347.jpg',100,2004,'N',to_date('24/09/07','RR/MM/DD'),null,0);
Insert into ADMIN.TBL_BOOK (BOOK_ID,TITLE,AUTHOR,PUBLISHER,PRICE,IMAGE,QUANTITY,CATEGORY,EBOOK,CREATED_AT,UPDATED_AT,DISCOUNT) values (9791162276310,'완자 고등 한국지리(2024) (자율학습시 비상구 완자로 53)','비상교육 편집부','비상교육',14850,'https://shopping-phinf.pstatic.net/main_3246686/32466867257.20221019115733.jpg',100,2004,'N',to_date('24/09/20','RR/MM/DD'),null,0);
Insert into ADMIN.TBL_BOOK (BOOK_ID,TITLE,AUTHOR,PUBLISHER,PRICE,IMAGE,QUANTITY,CATEGORY,EBOOK,CREATED_AT,UPDATED_AT,DISCOUNT) values (9791162277522,'완자 고등 세계지리(2024) (자율학습시 비상구 완자로 53)','비상교육 편집부','비상교육',13500,'https://shopping-phinf.pstatic.net/main_3246390/32463906684.20230110165624.jpg',100,2004,'N',to_date('24/09/24','RR/MM/DD'),null,0);
Insert into ADMIN.TBL_BOOK (BOOK_ID,TITLE,AUTHOR,PUBLISHER,PRICE,IMAGE,QUANTITY,CATEGORY,EBOOK,CREATED_AT,UPDATED_AT,DISCOUNT) values (9791125968122,'고등 셀파 세계지리(2024) (개념을 잡아 주는 자율학습 기본서)','고인석^윤정현^최재영^최재희^최종현','천재교육',14400,'https://shopping-phinf.pstatic.net/main_3246670/32466706702.20230711114034.jpg',100,2004,'N',to_date('24/09/22','RR/MM/DD'),null,0);
Insert into ADMIN.TBL_BOOK (BOOK_ID,TITLE,AUTHOR,PUBLISHER,PRICE,IMAGE,QUANTITY,CATEGORY,EBOOK,CREATED_AT,UPDATED_AT,DISCOUNT) values (9788905052935,'개념풀 고등 한국지리(2024)','지학사 편집부','지학사',17100,'https://shopping-phinf.pstatic.net/main_3248553/32485537810.20221019131651.jpg',100,2004,'N',to_date('24/09/15','RR/MM/DD'),null,0);
Insert into ADMIN.TBL_BOOK (BOOK_ID,TITLE,AUTHOR,PUBLISHER,PRICE,IMAGE,QUANTITY,CATEGORY,EBOOK,CREATED_AT,UPDATED_AT,DISCOUNT) values (9788905052942,'개념풀 고등 세계지리(2024)','지학사 편집부','지학사',17100,'https://shopping-phinf.pstatic.net/main_3249264/32492642166.20221019150842.jpg',100,2004,'N',to_date('24/09/28','RR/MM/DD'),null,0);
Insert into ADMIN.TBL_BOOK (BOOK_ID,TITLE,AUTHOR,PUBLISHER,PRICE,IMAGE,QUANTITY,CATEGORY,EBOOK,CREATED_AT,UPDATED_AT,DISCOUNT) values (9788995119235,'한자를알면 수능이 보인다 2(국사) (국사)','전국한문교사모임 편','한문교육',7200,'https://shopping-phinf.pstatic.net/main_3530764/35307647710.20221018215623.jpg',100,2005,'N',to_date('24/09/17','RR/MM/DD'),null,0);
Insert into ADMIN.TBL_BOOK (BOOK_ID,TITLE,AUTHOR,PUBLISHER,PRICE,IMAGE,QUANTITY,CATEGORY,EBOOK,CREATED_AT,UPDATED_AT,DISCOUNT) values (9788965191926,'우리 역사를 바꾼 전쟁 이야기 : 국사 편 (국사편)','김성재','북스(VOOXS)',9900,'https://shopping-phinf.pstatic.net/main_3243944/32439443593.20221227210058.jpg',100,2005,'N',to_date('24/09/20','RR/MM/DD'),null,0);
Insert into ADMIN.TBL_BOOK (BOOK_ID,TITLE,AUTHOR,PUBLISHER,PRICE,IMAGE,QUANTITY,CATEGORY,EBOOK,CREATED_AT,UPDATED_AT,DISCOUNT) values (9788954784184,'EBS 만점왕 통합본 국어·사회·과학 초등 4-2(2024) (바쁜 초등학생을 위한 국·사·과 교과서 완전 학습서)','EBS교육방송 편집부','EBS한국교육방송공사',21390,'https://shopping-phinf.pstatic.net/main_4850088/48500880620.20240618090312.jpg',100,2005,'N',to_date('24/09/14','RR/MM/DD'),null,0);
Insert into ADMIN.TBL_BOOK (BOOK_ID,TITLE,AUTHOR,PUBLISHER,PRICE,IMAGE,QUANTITY,CATEGORY,EBOOK,CREATED_AT,UPDATED_AT,DISCOUNT) values (9788997651245,'Union 한국사 능력 검정시험 시대사별 중급(3.4급) + 문화사료 기출백서 세트 - 전2권','국사랑','인해',33250,'https://shopping-phinf.pstatic.net/main_3244162/32441626112.20230511071127.jpg',100,2005,'N',to_date('24/09/28','RR/MM/DD'),null,0);
Insert into ADMIN.TBL_BOOK (BOOK_ID,TITLE,AUTHOR,PUBLISHER,PRICE,IMAGE,QUANTITY,CATEGORY,EBOOK,CREATED_AT,UPDATED_AT,DISCOUNT) values (9788925107158,'국사무쌍 3 (사갈독심 퓨전 판타지 소설)','사갈독심','청어람',7200,'https://shopping-phinf.pstatic.net/main_3343491/33434914693.20230920071803.jpg',100,2005,'N',to_date('24/09/15','RR/MM/DD'),null,0);
Insert into ADMIN.TBL_BOOK (BOOK_ID,TITLE,AUTHOR,PUBLISHER,PRICE,IMAGE,QUANTITY,CATEGORY,EBOOK,CREATED_AT,UPDATED_AT,DISCOUNT) values (9788925107141,'국사무쌍 2 (남자의 등이 멋있어 보일 때!)','사갈독심','청어람',7200,'https://shopping-phinf.pstatic.net/main_3343524/33435245865.20221019150131.jpg',100,2005,'N',to_date('24/09/23','RR/MM/DD'),null,0);
Insert into ADMIN.TBL_BOOK (BOOK_ID,TITLE,AUTHOR,PUBLISHER,PRICE,IMAGE,QUANTITY,CATEGORY,EBOOK,CREATED_AT,UPDATED_AT,DISCOUNT) values (9788925107134,'국사무쌍 1 ( 핀 무궁화)','사갈독심','청어람',7200,'https://shopping-phinf.pstatic.net/main_3343525/33435255649.20221019151227.jpg',100,2005,'N',to_date('24/09/10','RR/MM/DD'),null,0);
Insert into ADMIN.TBL_BOOK (BOOK_ID,TITLE,AUTHOR,PUBLISHER,PRICE,IMAGE,QUANTITY,CATEGORY,EBOOK,CREATED_AT,UPDATED_AT,DISCOUNT) values (9788994315782,'한국사 능력검정 시험 Hand Book','국사랑','인해',22500,'https://shopping-phinf.pstatic.net/main_3255938/32559385865.20230927071117.jpg',100,2005,'N',to_date('24/09/24','RR/MM/DD'),null,0);
Insert into ADMIN.TBL_BOOK (BOOK_ID,TITLE,AUTHOR,PUBLISHER,PRICE,IMAGE,QUANTITY,CATEGORY,EBOOK,CREATED_AT,UPDATED_AT,DISCOUNT) values (9788954784177,'EBS 만점왕 통합본 국어·사회·과학 초등 3-2(2024) (바쁜 초등학생을 위한 국·사·과 교과서 완전 학습서)','EBS교육방송 편집부','EBS한국교육방송공사',21390,'https://shopping-phinf.pstatic.net/main_4850088/48500884620.20240618091423.jpg',100,2005,'N',to_date('24/09/22','RR/MM/DD'),null,0);
Insert into ADMIN.TBL_BOOK (BOOK_ID,TITLE,AUTHOR,PUBLISHER,PRICE,IMAGE,QUANTITY,CATEGORY,EBOOK,CREATED_AT,UPDATED_AT,DISCOUNT) values (9791193401309,'벌거벗은 한국사 세트(수호신 에디션)','tvN STORY 〈벌거벗은 한국사〉 제작팀','프런트페이지',119070,'https://shopping-phinf.pstatic.net/main_5030857/50308579626.20240917112610.jpg',100,2005,'N',to_date('24/09/23','RR/MM/DD'),null,0);
Insert into ADMIN.TBL_BOOK (BOOK_ID,TITLE,AUTHOR,PUBLISHER,PRICE,IMAGE,QUANTITY,CATEGORY,EBOOK,CREATED_AT,UPDATED_AT,DISCOUNT) values (9791172131166,'콰이강의 다리 위에 조선인이 있었네 (역사에 연루된 나와 당신의 이야기)','조형근','한겨레출판사',18000,'https://shopping-phinf.pstatic.net/main_5003270/50032705628.20240830071704.jpg',100,2005,'N',to_date('24/09/22','RR/MM/DD'),null,0);
Insert into ADMIN.TBL_BOOK (BOOK_ID,TITLE,AUTHOR,PUBLISHER,PRICE,IMAGE,QUANTITY,CATEGORY,EBOOK,CREATED_AT,UPDATED_AT,DISCOUNT) values (9791156122814,'단 한 사람의 한국 현대사 (한 개인의 역사에서 모두의 역사로)','이동해','푸른역사',16110,'https://shopping-phinf.pstatic.net/main_4992261/49922616624.20240824075129.jpg',100,2005,'N',to_date('24/09/15','RR/MM/DD'),null,0);
Insert into ADMIN.TBL_BOOK (BOOK_ID,TITLE,AUTHOR,PUBLISHER,PRICE,IMAGE,QUANTITY,CATEGORY,EBOOK,CREATED_AT,UPDATED_AT,DISCOUNT) values (9788968334757,'불편한 한국사 (진실을 쫓는 역사 독립군 배기성의)','배기성','블랙피쉬',13950,'https://shopping-phinf.pstatic.net/main_4985701/49857016618.20240820091405.jpg',100,2005,'N',to_date('24/09/13','RR/MM/DD'),null,0);
Insert into ADMIN.TBL_BOOK (BOOK_ID,TITLE,AUTHOR,PUBLISHER,PRICE,IMAGE,QUANTITY,CATEGORY,EBOOK,CREATED_AT,UPDATED_AT,DISCOUNT) values (9788927880561,'해방정국의 풍경 (인물로 돌아보는 대한민국 현대사)','신복룡','중앙북스',23170,'https://shopping-phinf.pstatic.net/main_4980039/49800398744.20240912071020.jpg',100,2005,'N',to_date('24/09/12','RR/MM/DD'),null,0);
Insert into ADMIN.TBL_BOOK (BOOK_ID,TITLE,AUTHOR,PUBLISHER,PRICE,IMAGE,QUANTITY,CATEGORY,EBOOK,CREATED_AT,UPDATED_AT,DISCOUNT) values (9788932924243,'꿀벌의 예언 2(큰글자도서)','베르나르 베르베르','열린책들',33950,'https://shopping-phinf.pstatic.net/main_4665265/46652657622.20240402080000.jpg',100,2006,'N',to_date('24/09/25','RR/MM/DD'),null,0);
Insert into ADMIN.TBL_BOOK (BOOK_ID,TITLE,AUTHOR,PUBLISHER,PRICE,IMAGE,QUANTITY,CATEGORY,EBOOK,CREATED_AT,UPDATED_AT,DISCOUNT) values (9788932923864,'파피용 (베르나르 베르베르 장편소설)','베르나르 베르베르','열린책들',14220,'https://shopping-phinf.pstatic.net/main_4428426/44284266620.20231128081305.jpg',100,2006,'N',to_date('24/09/07','RR/MM/DD'),null,0);
Insert into ADMIN.TBL_BOOK (BOOK_ID,TITLE,AUTHOR,PUBLISHER,PRICE,IMAGE,QUANTITY,CATEGORY,EBOOK,CREATED_AT,UPDATED_AT,DISCOUNT) values (9788932923758,'제3인류 1 (베르나르 베르베르 장편소설)','베르나르 베르베르','열린책들',17820,'https://shopping-phinf.pstatic.net/main_4403152/44031522665.20231118075406.jpg',100,2006,'N',to_date('24/09/07','RR/MM/DD'),null,0);
Insert into ADMIN.TBL_BOOK (BOOK_ID,TITLE,AUTHOR,PUBLISHER,PRICE,IMAGE,QUANTITY,CATEGORY,EBOOK,CREATED_AT,UPDATED_AT,DISCOUNT) values (9788932923765,'제3인류 2 (베르나르 베르베르 장편소설)','베르나르 베르베르','열린책들',17820,'https://shopping-phinf.pstatic.net/main_4402851/44028518630.20231118075403.jpg',100,2006,'N',to_date('24/09/20','RR/MM/DD'),null,0);
Insert into ADMIN.TBL_BOOK (BOOK_ID,TITLE,AUTHOR,PUBLISHER,PRICE,IMAGE,QUANTITY,CATEGORY,EBOOK,CREATED_AT,UPDATED_AT,DISCOUNT) values (9788932923772,'제3인류 3 (베르나르 베르베르 장편소설)','베르나르 베르베르','열린책들',17820,'https://shopping-phinf.pstatic.net/main_4403182/44031826659.20231118075346.jpg',100,2006,'N',to_date('24/09/09','RR/MM/DD'),null,0);
Insert into ADMIN.TBL_BOOK (BOOK_ID,TITLE,AUTHOR,PUBLISHER,PRICE,IMAGE,QUANTITY,CATEGORY,EBOOK,CREATED_AT,UPDATED_AT,DISCOUNT) values (9788970125930,'이렇게 작지만 확실한 행복 (개정판)','무라카미 하루키','문학사상',14260,'https://shopping-phinf.pstatic.net/main_4824254/48242543625.20241002070957.jpg',100,2006,'N',to_date('24/09/08','RR/MM/DD'),null,0);
Insert into ADMIN.TBL_BOOK (BOOK_ID,TITLE,AUTHOR,PUBLISHER,PRICE,IMAGE,QUANTITY,CATEGORY,EBOOK,CREATED_AT,UPDATED_AT,DISCOUNT) values (9788939231283,'무의 노래','고은','실천문학사',13500,'https://shopping-phinf.pstatic.net/main_3684863/36848639637.20230815075946.jpg',100,2006,'N',to_date('24/09/18','RR/MM/DD'),null,0);
Insert into ADMIN.TBL_BOOK (BOOK_ID,TITLE,AUTHOR,PUBLISHER,PRICE,IMAGE,QUANTITY,CATEGORY,EBOOK,CREATED_AT,UPDATED_AT,DISCOUNT) values (9788932917245,'어린 왕자','앙투안 드 생택쥐페리','열린책들',10620,'https://shopping-phinf.pstatic.net/main_3244164/32441644071.20221019140242.jpg',100,2006,'N',to_date('24/09/25','RR/MM/DD'),null,0);
Insert into ADMIN.TBL_BOOK (BOOK_ID,TITLE,AUTHOR,PUBLISHER,PRICE,IMAGE,QUANTITY,CATEGORY,EBOOK,CREATED_AT,UPDATED_AT,DISCOUNT) values (9791170292517,'어린 왕자','생텍쥐페리','매월당',7200,'https://shopping-phinf.pstatic.net/main_4895340/48953406622.20240707070932.jpg',100,2006,'N',to_date('24/09/11','RR/MM/DD'),null,0);
Insert into ADMIN.TBL_BOOK (BOOK_ID,TITLE,AUTHOR,PUBLISHER,PRICE,IMAGE,QUANTITY,CATEGORY,EBOOK,CREATED_AT,UPDATED_AT,DISCOUNT) values (9788915001527,'어린 왕자','생텍쥐페리','삼성출판사',8550,'https://shopping-phinf.pstatic.net/main_4739839/47398390620.20240430091340.jpg',100,2006,'N',to_date('24/09/13','RR/MM/DD'),null,0);
Insert into ADMIN.TBL_BOOK (BOOK_ID,TITLE,AUTHOR,PUBLISHER,PRICE,IMAGE,QUANTITY,CATEGORY,EBOOK,CREATED_AT,UPDATED_AT,DISCOUNT) values (9788928107896,'어린 왕자 (저학년 필독서 완역본)','생텍쥐페리','효리원',10800,'https://shopping-phinf.pstatic.net/main_4640471/46404713619.20240316071048.jpg',100,2006,'N',to_date('24/09/28','RR/MM/DD'),null,0);
Insert into ADMIN.TBL_BOOK (BOOK_ID,TITLE,AUTHOR,PUBLISHER,PRICE,IMAGE,QUANTITY,CATEGORY,EBOOK,CREATED_AT,UPDATED_AT,DISCOUNT) values (9791186861332,'어린왕자','생텍쥐페리','도서출판 위',9000,'https://shopping-phinf.pstatic.net/main_4572147/45721475627.20240209070909.jpg',100,2006,'N',to_date('24/09/24','RR/MM/DD'),null,0);
Insert into ADMIN.TBL_BOOK (BOOK_ID,TITLE,AUTHOR,PUBLISHER,PRICE,IMAGE,QUANTITY,CATEGORY,EBOOK,CREATED_AT,UPDATED_AT,DISCOUNT) values (9791190669313,'어린 왕자(오리지널 초판본)(무선)','생텍쥐페리','코너스톤',2950,'https://shopping-phinf.pstatic.net/main_3244049/32440494340.20230926084802.jpg',99,2006,'N',to_date('24/09/14','RR/MM/DD'),null,0);
Insert into ADMIN.TBL_BOOK (BOOK_ID,TITLE,AUTHOR,PUBLISHER,PRICE,IMAGE,QUANTITY,CATEGORY,EBOOK,CREATED_AT,UPDATED_AT,DISCOUNT) values (9788983927620,'해리 포터와 마법사의 돌 1 (해리포터 20주년 개정판)','조앤 K. 롤링','문학수첩',8100,'https://shopping-phinf.pstatic.net/main_3247334/32473349454.20230927071208.jpg',100,2006,'N',to_date('24/09/09','RR/MM/DD'),null,0);
Insert into ADMIN.TBL_BOOK (BOOK_ID,TITLE,AUTHOR,PUBLISHER,PRICE,IMAGE,QUANTITY,CATEGORY,EBOOK,CREATED_AT,UPDATED_AT,DISCOUNT) values (9791186745625,'해리포터 마법 주문 대백과 (비공식 해리포터 가이드북)','머글넷','폴더',12300,'https://shopping-phinf.pstatic.net/main_4475354/44753544621.20231221070756.jpg',100,2006,'N',to_date('24/09/11','RR/MM/DD'),null,0);
Insert into ADMIN.TBL_BOOK (BOOK_ID,TITLE,AUTHOR,PUBLISHER,PRICE,IMAGE,QUANTITY,CATEGORY,EBOOK,CREATED_AT,UPDATED_AT,DISCOUNT) values (9791192776194,'해리 포터 마법 연감 (J.K. 롤링의 해리 포터 관련 공식 마법 책)','조앤 K. 롤링','문학수첩',31500,'https://shopping-phinf.pstatic.net/main_4436734/44367349621.20240404090857.jpg',100,2006,'N',to_date('24/09/26','RR/MM/DD'),null,0);
Insert into ADMIN.TBL_BOOK (BOOK_ID,TITLE,AUTHOR,PUBLISHER,PRICE,IMAGE,QUANTITY,CATEGORY,EBOOK,CREATED_AT,UPDATED_AT,DISCOUNT) values (9788983927828,'해리 포터와 아즈카반의 죄수(일러스트 에디션) (해리 포터 시리즈 3)','조앤 K. 롤링','문학수첩',29700,'https://shopping-phinf.pstatic.net/main_3245445/32454458991.20231003084724.jpg',100,2006,'N',to_date('24/09/07','RR/MM/DD'),null,0);
Insert into ADMIN.TBL_BOOK (BOOK_ID,TITLE,AUTHOR,PUBLISHER,PRICE,IMAGE,QUANTITY,CATEGORY,EBOOK,CREATED_AT,UPDATED_AT,DISCOUNT) values (8809914420209,'해리 포터 스티커북','Warner Bros Consumer Products','아르누보',14400,'https://shopping-phinf.pstatic.net/main_4049259/40492599636.20230905101413.jpg',100,2006,'N',to_date('24/09/08','RR/MM/DD'),null,0);
Insert into ADMIN.TBL_BOOK (BOOK_ID,TITLE,AUTHOR,PUBLISHER,PRICE,IMAGE,QUANTITY,CATEGORY,EBOOK,CREATED_AT,UPDATED_AT,DISCOUNT) values (8809500910275,'시밀로 해리포터','한올엠앤씨 편집부','한올엠앤씨',14400,'https://shopping-phinf.pstatic.net/main_3279426/32794265637.20220607201254.jpg',100,2006,'N',to_date('24/09/28','RR/MM/DD'),null,0);
Insert into ADMIN.TBL_BOOK (BOOK_ID,TITLE,AUTHOR,PUBLISHER,PRICE,IMAGE,QUANTITY,CATEGORY,EBOOK,CREATED_AT,UPDATED_AT,DISCOUNT) values (9781608870080,'Harry Potter: A Pop-Up Book (해리포터 팝업북)','Williamson, Andrew','Insight Editions',35900,'https://shopping-phinf.pstatic.net/main_3248585/32485855987.20241005071354.jpg',100,2006,'N',to_date('24/09/27','RR/MM/DD'),null,0);
Insert into ADMIN.TBL_BOOK (BOOK_ID,TITLE,AUTHOR,PUBLISHER,PRICE,IMAGE,QUANTITY,CATEGORY,EBOOK,CREATED_AT,UPDATED_AT,DISCOUNT) values (9788983927781,'해리 포터와 불의 잔 2 (해리포터 20주년 개정판)','조앤 K. 롤링','문학수첩',18900,'https://shopping-phinf.pstatic.net/main_3244384/32443843861.20231004072402.jpg',100,2006,'N',to_date('24/09/24','RR/MM/DD'),null,0);
Insert into ADMIN.TBL_BOOK (BOOK_ID,TITLE,AUTHOR,PUBLISHER,PRICE,IMAGE,QUANTITY,CATEGORY,EBOOK,CREATED_AT,UPDATED_AT,DISCOUNT) values (9788983927774,'해리 포터와 불의 잔 1 (해리포터 20주년 개정판)','조앤 K. 롤링','문학수첩',18900,'https://shopping-phinf.pstatic.net/main_3248945/32489453646.20241001081815.jpg',100,2006,'N',to_date('24/09/26','RR/MM/DD'),null,0);
Insert into ADMIN.TBL_BOOK (BOOK_ID,TITLE,AUTHOR,PUBLISHER,PRICE,IMAGE,QUANTITY,CATEGORY,EBOOK,CREATED_AT,UPDATED_AT,DISCOUNT) values (9788901150604,'테메레르 7: 황금의 도시 (황금의 도시)','나오미 노빅','노블마인',12420,'https://shopping-phinf.pstatic.net/main_3243611/32436116609.20230606103059.jpg',100,2006,'N',to_date('24/09/26','RR/MM/DD'),null,0);
Insert into ADMIN.TBL_BOOK (BOOK_ID,TITLE,AUTHOR,PUBLISHER,PRICE,IMAGE,QUANTITY,CATEGORY,EBOOK,CREATED_AT,UPDATED_AT,DISCOUNT) values (9788901079318,'테메레르 4: 상아의 제국 (상아의 제국)','나오미 노빅','노블마인',10800,'https://shopping-phinf.pstatic.net/main_3247844/32478445679.20221019113906.jpg',100,2006,'N',to_date('24/09/28','RR/MM/DD'),null,0);
Insert into ADMIN.TBL_BOOK (BOOK_ID,TITLE,AUTHOR,PUBLISHER,PRICE,IMAGE,QUANTITY,CATEGORY,EBOOK,CREATED_AT,UPDATED_AT,DISCOUNT) values (9788901088655,'테메레르 5: 독수리의 승리 (독수리의 승리)','나오미 노빅','노블마인',10800,'https://shopping-phinf.pstatic.net/main_3246699/32466999920.20221019134613.jpg',100,2006,'N',to_date('24/09/06','RR/MM/DD'),null,0);
Insert into ADMIN.TBL_BOOK (BOOK_ID,TITLE,AUTHOR,PUBLISHER,PRICE,IMAGE,QUANTITY,CATEGORY,EBOOK,CREATED_AT,UPDATED_AT,DISCOUNT) values (9788901114682,'테메레르 6: 큰바다뱀들의 땅 (큰바다뱀들의 땅)','나오미 노빅','노블마인',12420,'https://shopping-phinf.pstatic.net/main_3246666/32466665653.20221019134851.jpg',100,2006,'N',to_date('24/09/10','RR/MM/DD'),null,0);
Insert into ADMIN.TBL_BOOK (BOOK_ID,TITLE,AUTHOR,PUBLISHER,PRICE,IMAGE,QUANTITY,CATEGORY,EBOOK,CREATED_AT,UPDATED_AT,DISCOUNT) values (9791193274750,'부산대 자연계 수리논술(2016~2024) 기출문제풀이집 (기출문제풀이집)','김철한','김철한대입수학연구소',32400,'https://shopping-phinf.pstatic.net/main_5063994/50639940631.20241003091201.jpg',100,2007,'N',to_date('24/09/10','RR/MM/DD'),null,0);
Insert into ADMIN.TBL_BOOK (BOOK_ID,TITLE,AUTHOR,PUBLISHER,PRICE,IMAGE,QUANTITY,CATEGORY,EBOOK,CREATED_AT,UPDATED_AT,DISCOUNT) values (9791193274712,'경북대 의예과 수리논술 (2021~2025모의)기출문제풀이집 (의예과, 치의예과, 수의예과 수시논술 대비)','김철한','김철한대입수학연구소',31500,'https://shopping-phinf.pstatic.net/main_5056348/50563488622.20241001081923.jpg',100,2007,'N',to_date('24/09/08','RR/MM/DD'),null,0);
Insert into ADMIN.TBL_BOOK (BOOK_ID,TITLE,AUTHOR,PUBLISHER,PRICE,IMAGE,QUANTITY,CATEGORY,EBOOK,CREATED_AT,UPDATED_AT,DISCOUNT) values (9791193274736,'가톨릭대 의약계 수리논술(2016~2024) (기출문제풀이집)','김철한','김철한대입수학연구소',29700,'https://shopping-phinf.pstatic.net/main_5063994/50639945619.20241003091150.jpg',100,2007,'N',to_date('24/09/16','RR/MM/DD'),null,0);
Insert into ADMIN.TBL_BOOK (BOOK_ID,TITLE,AUTHOR,PUBLISHER,PRICE,IMAGE,QUANTITY,CATEGORY,EBOOK,CREATED_AT,UPDATED_AT,DISCOUNT) values (9791193274767,'경희대 자연계 수리논술 (2020~2025모의) 기출문제풀이집 (2020학년도 모의논술부터 2025학년도 모의논술까지)','김철한','김철한대입수학연구소',30600,'https://shopping-phinf.pstatic.net/main_5063993/50639932625.20241003091157.jpg',100,2007,'N',to_date('24/09/07','RR/MM/DD'),null,0);
Insert into ADMIN.TBL_BOOK (BOOK_ID,TITLE,AUTHOR,PUBLISHER,PRICE,IMAGE,QUANTITY,CATEGORY,EBOOK,CREATED_AT,UPDATED_AT,DISCOUNT) values (9788901074610,'테메레르 3 (흑색 화약 전쟁)','나오미 노빅','노블마인',10800,'https://shopping-phinf.pstatic.net/main_3246648/32466482402.20240626071035.jpg',100,2006,'N',to_date('24/09/19','RR/MM/DD'),null,0);
Insert into ADMIN.TBL_BOOK (BOOK_ID,TITLE,AUTHOR,PUBLISHER,PRICE,IMAGE,QUANTITY,CATEGORY,EBOOK,CREATED_AT,UPDATED_AT,DISCOUNT) values (9788901216935,'테메레르 8: 폭군들의 피 (폭군들의 피)','나오미 노빅','노블마인',13320,'https://shopping-phinf.pstatic.net/main_3246662/32466625627.20230920072514.jpg',100,2006,'N',to_date('24/09/24','RR/MM/DD'),null,0);
Insert into ADMIN.TBL_BOOK (BOOK_ID,TITLE,AUTHOR,PUBLISHER,PRICE,IMAGE,QUANTITY,CATEGORY,EBOOK,CREATED_AT,UPDATED_AT,DISCOUNT) values (9788901068381,'테메레르 1 : 왕의 용 (왕의 용)','나오미 노빅','노블마인',10800,'https://shopping-phinf.pstatic.net/main_3248653/32486532221.20221019143050.jpg',100,2006,'N',to_date('24/09/10','RR/MM/DD'),null,0);
Insert into ADMIN.TBL_BOOK (BOOK_ID,TITLE,AUTHOR,PUBLISHER,PRICE,IMAGE,QUANTITY,CATEGORY,EBOOK,CREATED_AT,UPDATED_AT,DISCOUNT) values (9788901220680,'테메레르 9: 용들의 연합(완결) (나오미 노빅 장편소설)','나오미 노빅','노블마인',13320,'https://shopping-phinf.pstatic.net/main_3248958/32489583892.20230919123223.jpg',100,2006,'N',to_date('24/09/14','RR/MM/DD'),null,0);
Insert into ADMIN.TBL_BOOK (BOOK_ID,TITLE,AUTHOR,PUBLISHER,PRICE,IMAGE,QUANTITY,CATEGORY,EBOOK,CREATED_AT,UPDATED_AT,DISCOUNT) values (9788901070605,'테메레르 2 : 군주의 자리 (군주의 자리)','나오미 노빅','노블마인',10800,'https://shopping-phinf.pstatic.net/main_3247456/32474568005.20221019152555.jpg',100,2006,'N',to_date('24/09/09','RR/MM/DD'),null,0);
Insert into ADMIN.TBL_BOOK (BOOK_ID,TITLE,AUTHOR,PUBLISHER,PRICE,IMAGE,QUANTITY,CATEGORY,EBOOK,CREATED_AT,UPDATED_AT,DISCOUNT) values (9788932015606,'독 짓는 늙은이 (황순원 단편선)','황순원','문학과지성사',9450,'https://shopping-phinf.pstatic.net/main_3244102/32441026365.20221019124441.jpg',100,2006,'N',to_date('24/09/18','RR/MM/DD'),null,0);
Insert into ADMIN.TBL_BOOK (BOOK_ID,TITLE,AUTHOR,PUBLISHER,PRICE,IMAGE,QUANTITY,CATEGORY,EBOOK,CREATED_AT,UPDATED_AT,DISCOUNT) values (9788979521146,'소나기 (다시 읽는 황순원, 개정판)','황순원','맑은소리',6300,'https://shopping-phinf.pstatic.net/main_3246695/32466951471.20230516165521.jpg',100,2006,'N',to_date('24/09/21','RR/MM/DD'),null,0);
Insert into ADMIN.TBL_BOOK (BOOK_ID,TITLE,AUTHOR,PUBLISHER,PRICE,IMAGE,QUANTITY,CATEGORY,EBOOK,CREATED_AT,UPDATED_AT,DISCOUNT) values (9788932001340,'학 잃어버린 사람들','황순원','문학과지성사',9900,'https://shopping-phinf.pstatic.net/main_3249151/32491512960.20221019101404.jpg',100,2006,'N',to_date('24/09/23','RR/MM/DD'),null,0);
Insert into ADMIN.TBL_BOOK (BOOK_ID,TITLE,AUTHOR,PUBLISHER,PRICE,IMAGE,QUANTITY,CATEGORY,EBOOK,CREATED_AT,UPDATED_AT,DISCOUNT) values (9788937420023,'별','황순원','민음사',8100,'https://shopping-phinf.pstatic.net/main_3250436/32504366806.20230404163502.jpg',100,2006,'N',to_date('24/09/21','RR/MM/DD'),null,0);
Insert into ADMIN.TBL_BOOK (BOOK_ID,TITLE,AUTHOR,PUBLISHER,PRICE,IMAGE,QUANTITY,CATEGORY,EBOOK,CREATED_AT,UPDATED_AT,DISCOUNT) values (9788978893701,'별(큰글자책) (긴글)','황순원','지성사',11700,'https://shopping-phinf.pstatic.net/main_3245312/32453129930.20230627102616.jpg',100,2006,'N',to_date('24/09/21','RR/MM/DD'),null,0);
Insert into ADMIN.TBL_BOOK (BOOK_ID,TITLE,AUTHOR,PUBLISHER,PRICE,IMAGE,QUANTITY,CATEGORY,EBOOK,CREATED_AT,UPDATED_AT,DISCOUNT) values (9788932001456,'너와 나만의 시간/내일','황순원','문학과지성사',9900,'https://shopping-phinf.pstatic.net/main_3245561/32455619851.20221019135211.jpg',100,2006,'N',to_date('24/09/13','RR/MM/DD'),null,0);
Insert into ADMIN.TBL_BOOK (BOOK_ID,TITLE,AUTHOR,PUBLISHER,PRICE,IMAGE,QUANTITY,CATEGORY,EBOOK,CREATED_AT,UPDATED_AT,DISCOUNT) values (9788966802548,'황순원 단편집','황순원','지식을만드는지식',15200,'https://shopping-phinf.pstatic.net/main_3248169/32481697910.20230530082644.jpg',100,2006,'N',to_date('24/09/23','RR/MM/DD'),null,0);
Insert into ADMIN.TBL_BOOK (BOOK_ID,TITLE,AUTHOR,PUBLISHER,PRICE,IMAGE,QUANTITY,CATEGORY,EBOOK,CREATED_AT,UPDATED_AT,DISCOUNT) values (9788932005508,'목넘이마을의 개/곡예사','황순원','문학과지성사',9900,'https://shopping-phinf.pstatic.net/main_3249696/32496963942.20230920072948.jpg',100,2006,'N',to_date('24/09/06','RR/MM/DD'),null,0);
Insert into ADMIN.TBL_BOOK (BOOK_ID,TITLE,AUTHOR,PUBLISHER,PRICE,IMAGE,QUANTITY,CATEGORY,EBOOK,CREATED_AT,UPDATED_AT,DISCOUNT) values (9788983927637,'해리 포터와 마법사의 돌 2 (해리포터 20주년 개정판)','조앤 K. 롤링','문학수첩',8100,'https://shopping-phinf.pstatic.net/main_3245743/32457431795.20230927071333.jpg',100,2006,'N',to_date('24/09/24','RR/MM/DD'),null,0);
Insert into ADMIN.TBL_BOOK (BOOK_ID,TITLE,AUTHOR,PUBLISHER,PRICE,IMAGE,QUANTITY,CATEGORY,EBOOK,CREATED_AT,UPDATED_AT,DISCOUNT) values (9788936513269,'순전한 기독교 (정본 C. S. 루이스 클래식)','C.S. 루이스','홍성사',14400,'https://shopping-phinf.pstatic.net/main_3244424/32444243111.20230718121214.jpg',100,2012,'N',to_date('24/09/23','RR/MM/DD'),null,0);
Insert into ADMIN.TBL_BOOK (BOOK_ID,TITLE,AUTHOR,PUBLISHER,PRICE,IMAGE,QUANTITY,CATEGORY,EBOOK,CREATED_AT,UPDATED_AT,DISCOUNT) values (9791169210928,'이것이 C#이다 (단계별 학습으로 탄탄한 기본기를 다져줄 C# 입문서)','박상현','한빛미디어',32080,'https://shopping-phinf.pstatic.net/main_3974942/39749421624.20230919130311.jpg',100,2012,'N',to_date('24/09/26','RR/MM/DD'),null,0);
Insert into ADMIN.TBL_BOOK (BOOK_ID,TITLE,AUTHOR,PUBLISHER,PRICE,IMAGE,QUANTITY,CATEGORY,EBOOK,CREATED_AT,UPDATED_AT,DISCOUNT) values (9788960306356,'마흔, 이제는 책을 쓸 시간 (인생의 전환점이 될 책쓰기 수업)','부아c','황금부엉이',17650,'https://shopping-phinf.pstatic.net/main_4989249/49892498625.20240824092141.jpg',100,2012,'N',to_date('24/09/18','RR/MM/DD'),null,0);
Insert into ADMIN.TBL_BOOK (BOOK_ID,TITLE,AUTHOR,PUBLISHER,PRICE,IMAGE,QUANTITY,CATEGORY,EBOOK,CREATED_AT,UPDATED_AT,DISCOUNT) values (9788966260959,'Clean Code(클린 코드) (애자일 소프트웨어 장인 정신)','로버트 C. 마틴','인사이트',23800,'https://shopping-phinf.pstatic.net/main_3247419/32474195676.20230718122457.jpg',100,2012,'N',to_date('24/09/08','RR/MM/DD'),null,0);
Insert into ADMIN.TBL_BOOK (BOOK_ID,TITLE,AUTHOR,PUBLISHER,PRICE,IMAGE,QUANTITY,CATEGORY,EBOOK,CREATED_AT,UPDATED_AT,DISCOUNT) values (9788989215875,'디자인 패턴','박용범','한산',16150,'https://shopping-phinf.pstatic.net/main_3248962/32489622776.20231210075418.jpg',100,2012,'N',to_date('24/09/24','RR/MM/DD'),null,0);
Insert into ADMIN.TBL_BOOK (BOOK_ID,TITLE,AUTHOR,PUBLISHER,PRICE,IMAGE,QUANTITY,CATEGORY,EBOOK,CREATED_AT,UPDATED_AT,DISCOUNT) values (9791169212298,'이것이 자바다 (교육 현장에서 가장 많이 쓰이는 JAVA 프로그래밍 기본서)','신용권^임경균','한빛미디어',34200,'https://shopping-phinf.pstatic.net/main_4667402/46674022625.20240402080417.jpg',100,2012,'N',to_date('24/09/15','RR/MM/DD'),null,0);
Insert into ADMIN.TBL_BOOK (BOOK_ID,TITLE,AUTHOR,PUBLISHER,PRICE,IMAGE,QUANTITY,CATEGORY,EBOOK,CREATED_AT,UPDATED_AT,DISCOUNT) values (9791169211901,'혼자 공부하는 자바 (1:1 과외하듯 배우는 프로그래밍 자습서)','신용권','한빛미디어',25200,'https://shopping-phinf.pstatic.net/main_4554322/45543229620.20240201090908.jpg',100,2012,'N',to_date('24/09/28','RR/MM/DD'),null,0);
Insert into ADMIN.TBL_BOOK (BOOK_ID,TITLE,AUTHOR,PUBLISHER,PRICE,IMAGE,QUANTITY,CATEGORY,EBOOK,CREATED_AT,UPDATED_AT,DISCOUNT) values (9791198869609,'도망가자, 바다면 더 좋고 (이도훈 에세이)','맺음','일단',15300,'https://shopping-phinf.pstatic.net/main_5048815/50488152618.20240927070943.jpg',100,2012,'N',to_date('24/09/28','RR/MM/DD'),null,0);
Insert into ADMIN.TBL_BOOK (BOOK_ID,TITLE,AUTHOR,PUBLISHER,PRICE,IMAGE,QUANTITY,CATEGORY,EBOOK,CREATED_AT,UPDATED_AT,DISCOUNT) values (9788964211830,'자바 (Seventh Edition)','Horstmann, Cay S.','한티미디어',31500,'https://shopping-phinf.pstatic.net/main_3246702/32467024674.20221019150629.jpg',100,2012,'N',to_date('24/09/10','RR/MM/DD'),null,0);
Insert into ADMIN.TBL_BOOK (BOOK_ID,TITLE,AUTHOR,PUBLISHER,PRICE,IMAGE,QUANTITY,CATEGORY,EBOOK,CREATED_AT,UPDATED_AT,DISCOUNT) values (9791191905694,'코딩 테스트 합격자 되기: 자바 편 (자료구조, 알고리즘, 빈출 97 문제로 대비하는 코테 풀 패키지 (모의고사, 엄친아 손노트, 온라인 학습 지원 제공))','김희성^박경록','골든래빗(주)',37800,'https://shopping-phinf.pstatic.net/main_4603306/46033061619.20240227081412.jpg',100,2012,'N',to_date('24/09/26','RR/MM/DD'),null,0);
Insert into ADMIN.TBL_BOOK (BOOK_ID,TITLE,AUTHOR,PUBLISHER,PRICE,IMAGE,QUANTITY,CATEGORY,EBOOK,CREATED_AT,UPDATED_AT,DISCOUNT) values (9791162430675,'자바의 꿈 (이태복 시집)','이태복','시산맥사',8100,'https://shopping-phinf.pstatic.net/main_3246684/32466841922.20221227203319.jpg',100,2012,'N',to_date('24/09/19','RR/MM/DD'),null,0);
Insert into ADMIN.TBL_BOOK (BOOK_ID,TITLE,AUTHOR,PUBLISHER,PRICE,IMAGE,QUANTITY,CATEGORY,EBOOK,CREATED_AT,UPDATED_AT,DISCOUNT) values (9791191905885,'코딩 테스트 합격자 되기: 자바스크립트 편 (자료구조, 알고리즘, 빈출 100 문제로 대비하는 코테 풀 패키지)','이선협^박경록','골든래빗(주)',37430,'https://shopping-phinf.pstatic.net/main_4865815/48658150619.20240625083124.jpg',100,2012,'N',to_date('24/09/19','RR/MM/DD'),null,0);
Insert into ADMIN.TBL_BOOK (BOOK_ID,TITLE,AUTHOR,PUBLISHER,PRICE,IMAGE,QUANTITY,CATEGORY,EBOOK,CREATED_AT,UPDATED_AT,DISCOUNT) values (9791191905717,'스프링 부트 3 백엔드 개발자 되기: 자바 편 (JPA + OAuth2 + JWT + AWS와 배우는 스프링 부트 3)','신선영','골든래빗(주)',28800,'https://shopping-phinf.pstatic.net/main_4665265/46652654618.20240328074605.jpg',100,2012,'N',to_date('24/09/21','RR/MM/DD'),null,0);
Insert into ADMIN.TBL_BOOK (BOOK_ID,TITLE,AUTHOR,PUBLISHER,PRICE,IMAGE,QUANTITY,CATEGORY,EBOOK,CREATED_AT,UPDATED_AT,DISCOUNT) values (9788956407159,'자바시장','박계상','푸른사상',11700,'https://shopping-phinf.pstatic.net/main_3343574/33435744838.20221019152940.jpg',100,2012,'N',to_date('24/09/19','RR/MM/DD'),null,0);
Insert into ADMIN.TBL_BOOK (BOOK_ID,TITLE,AUTHOR,PUBLISHER,PRICE,IMAGE,QUANTITY,CATEGORY,EBOOK,CREATED_AT,UPDATED_AT,DISCOUNT) values (9791165219529,'면접을 위한 CS 전공지식 노트 (디자인 패턴, 운영체제, 데이터베이스, 자료 구조, 네트워크, 개발자 면접)','주홍철','길벗',21390,'https://shopping-phinf.pstatic.net/main_3247803/32478035848.20230919124315.jpg',100,2012,'N',to_date('24/09/14','RR/MM/DD'),null,0);
Insert into ADMIN.TBL_BOOK (BOOK_ID,TITLE,AUTHOR,PUBLISHER,PRICE,IMAGE,QUANTITY,CATEGORY,EBOOK,CREATED_AT,UPDATED_AT,DISCOUNT) values (9788936314217,'디자인 패턴 캐드','박선경^김민정^정병규','교문사',22500,'https://shopping-phinf.pstatic.net/main_3245592/32455925761.20221227204839.jpg',99,2012,'N',to_date('24/09/22','RR/MM/DD'),null,0);
Insert into ADMIN.TBL_BOOK (BOOK_ID,TITLE,AUTHOR,PUBLISHER,PRICE,IMAGE,QUANTITY,CATEGORY,EBOOK,CREATED_AT,UPDATED_AT,DISCOUNT) values (9791138377201,'2024 하반기 시대에듀 All-New IBK기업은행 필기시험 봉투모의고사 9회분+무료NCS특강 (무료NCS특강 제공)','SDC','시대에듀',18000,'https://shopping-phinf.pstatic.net/main_5004991/50049913618.20240830071604.jpg',100,2009,'N',to_date('24/09/19','RR/MM/DD'),null,0);
Insert into ADMIN.TBL_BOOK (BOOK_ID,TITLE,AUTHOR,PUBLISHER,PRICE,IMAGE,QUANTITY,CATEGORY,EBOOK,CREATED_AT,UPDATED_AT,DISCOUNT) values (9791172622107,'2024 하반기 국민건강보험공단 NCS + 법률 봉투모의고사 (행정직·건강직·요양직·전산직·기술직 대비)','박문각 취업연구소','박문각',15300,'https://shopping-phinf.pstatic.net/main_5006985/50069857620.20241004071223.jpg',100,2009,'N',to_date('24/09/12','RR/MM/DD'),null,0);
Insert into ADMIN.TBL_BOOK (BOOK_ID,TITLE,AUTHOR,PUBLISHER,PRICE,IMAGE,QUANTITY,CATEGORY,EBOOK,CREATED_AT,UPDATED_AT,DISCOUNT) values (9791198122292,'2025 유튜버 조선바텐더 조주기능사 필기 + 실기 무료강의 제공','이진광','직업상점',29700,'https://shopping-phinf.pstatic.net/main_5040274/50402740618.20240922074828.jpg',100,2009,'N',to_date('24/09/21','RR/MM/DD'),null,0);
Insert into ADMIN.TBL_BOOK (BOOK_ID,TITLE,AUTHOR,PUBLISHER,PRICE,IMAGE,QUANTITY,CATEGORY,EBOOK,CREATED_AT,UPDATED_AT,DISCOUNT) values (9791138378673,'2024 하반기 시대에듀 신한은행 SLT 필기시험 봉투모의고사 7회분 + 무료NCS특강 (온라인 모의고사 무료쿠폰 제공)','SDC','시대에듀',16200,'https://shopping-phinf.pstatic.net/main_5020656/50206561618.20240908071004.jpg',100,2011,'N',to_date('24/09/13','RR/MM/DD'),null,0);
Insert into ADMIN.TBL_BOOK (BOOK_ID,TITLE,AUTHOR,PUBLISHER,PRICE,IMAGE,QUANTITY,CATEGORY,EBOOK,CREATED_AT,UPDATED_AT,DISCOUNT) values (9791138375528,'2025 최신판 시대에듀 All-New 대전광역시교육청 교육공무직원 소양평가 인성검사 3회+모의고사 7회+면접+무료공무직특강 (한권으로 끝내기, 온라인 모의고사 무료쿠폰 제공)','SDC','시대에듀',20700,'https://shopping-phinf.pstatic.net/main_4932697/49326978620.20240727071306.jpg',100,2011,'N',to_date('24/09/09','RR/MM/DD'),null,0);
Insert into ADMIN.TBL_BOOK (BOOK_ID,TITLE,AUTHOR,PUBLISHER,PRICE,IMAGE,QUANTITY,CATEGORY,EBOOK,CREATED_AT,UPDATED_AT,DISCOUNT) values (9791191026788,'혼잡(JOB) 농협논술 농협상식 (농협은행·농협중앙회·농협생명·농협손해보험·농협경제지주)','석의현^혼JOB취업연구소','커리어빅',25200,'https://shopping-phinf.pstatic.net/main_5026852/50268520626.20240912070952.jpg',100,2011,'N',to_date('24/09/26','RR/MM/DD'),null,0);
Insert into ADMIN.TBL_BOOK (BOOK_ID,TITLE,AUTHOR,PUBLISHER,PRICE,IMAGE,QUANTITY,CATEGORY,EBOOK,CREATED_AT,UPDATED_AT,DISCOUNT) values (9791193686669,'2025 제과·제빵기능사 CBT 쪽집게 기출문제집 (유튜버 빵선생의 과외교실)','김연진','종이향기',18000,'https://shopping-phinf.pstatic.net/main_5040272/50402725621.20240922074832.jpg',100,2011,'N',to_date('24/09/26','RR/MM/DD'),null,0);
Insert into ADMIN.TBL_BOOK (BOOK_ID,TITLE,AUTHOR,PUBLISHER,PRICE,IMAGE,QUANTITY,CATEGORY,EBOOK,CREATED_AT,UPDATED_AT,DISCOUNT) values (9788969655011,'2024 해커스 PSAT(피셋) 기출로 끝내는 금융 NCS 330제 (주요 은행 필기시험 대비) (농협은행, 기업은행, 국민은행, 신한은행 등 은행 필기시험 대비｜PSAT형 NCS 온라인 모의고사｜본 교재 인강｜무료 바로 채점 및 성적 분석 서비스)','해커스 NCS 취업교육연구소','해커스공기업',22500,'https://shopping-phinf.pstatic.net/main_5018759/50187595657.20240906081712.jpg',100,2011,'N',to_date('24/09/11','RR/MM/DD'),null,0);
Insert into ADMIN.TBL_BOOK (BOOK_ID,TITLE,AUTHOR,PUBLISHER,PRICE,IMAGE,QUANTITY,CATEGORY,EBOOK,CREATED_AT,UPDATED_AT,DISCOUNT) values (9791172622039,'최신시사상식 229집(2024) (언론사·공사·기업체 일반상식, 취업면접 및 대입논술 시험 대비)','박문각 시사상식 편집부','박문각',9810,'https://shopping-phinf.pstatic.net/main_4997379/49973798626.20240827082800.jpg',100,2011,'N',to_date('24/09/12','RR/MM/DD'),null,0);
Insert into ADMIN.TBL_BOOK (BOOK_ID,TITLE,AUTHOR,PUBLISHER,PRICE,IMAGE,QUANTITY,CATEGORY,EBOOK,CREATED_AT,UPDATED_AT,DISCOUNT) values (9791138373432,'2024 시대에듀 MBC 기본직무소양평가 최종모의고사 6회분 (기본직무소양평가/최종모의고사/기출특강/온라인 모의고사/모바일 OMR 답안채점&성적분석 서비스)','SDC','시대고시기획',15300,'https://shopping-phinf.pstatic.net/main_4840928/48409282618.20240613092331.jpg',100,2011,'N',to_date('24/09/27','RR/MM/DD'),null,0);
Insert into ADMIN.TBL_BOOK (BOOK_ID,TITLE,AUTHOR,PUBLISHER,PRICE,IMAGE,QUANTITY,CATEGORY,EBOOK,CREATED_AT,UPDATED_AT,DISCOUNT) values (9791169212571,'자바스크립트 + 리액트 디자인 패턴 (자바스크립트와 리액트의 최신 패턴과 렌더링, 성능 패턴까지)','애디 오스마니','한빛미디어',24950,'https://shopping-phinf.pstatic.net/main_4933517/49335174628.20240725071120.jpg',100,2012,'N',to_date('24/09/27','RR/MM/DD'),null,0);
Insert into ADMIN.TBL_BOOK (BOOK_ID,TITLE,AUTHOR,PUBLISHER,PRICE,IMAGE,QUANTITY,CATEGORY,EBOOK,CREATED_AT,UPDATED_AT,DISCOUNT) values (9788997228232,'리액트 (반응을 바꾸면 세상이 달라진다)','네빌고다드','서른세개의계단',11250,'https://shopping-phinf.pstatic.net/main_3247373/32473737977.20221228072303.jpg',100,2012,'N',to_date('24/09/12','RR/MM/DD'),null,0);
Insert into ADMIN.TBL_BOOK (BOOK_ID,TITLE,AUTHOR,PUBLISHER,PRICE,IMAGE,QUANTITY,CATEGORY,EBOOK,CREATED_AT,UPDATED_AT,DISCOUNT) values (9791198762313,'퍼펙트 리액트','박정화','나린출판사',25920,'https://shopping-phinf.pstatic.net/main_4837134/48371341620.20240613092310.jpg',100,2012,'N',to_date('24/09/27','RR/MM/DD'),null,0);
Insert into ADMIN.TBL_BOOK (BOOK_ID,TITLE,AUTHOR,PUBLISHER,PRICE,IMAGE,QUANTITY,CATEGORY,EBOOK,CREATED_AT,UPDATED_AT,DISCOUNT) values (9791161754161,'리액트 16 (리액트를 사용한 고급 웹앱 클라이언트 제작)','애덤 프리먼','에이콘출판',40500,'https://shopping-phinf.pstatic.net/main_3246221/32462212589.20221229070944.jpg',100,2012,'N',to_date('24/09/08','RR/MM/DD'),null,0);
Insert into ADMIN.TBL_BOOK (BOOK_ID,TITLE,AUTHOR,PUBLISHER,PRICE,IMAGE,QUANTITY,CATEGORY,EBOOK,CREATED_AT,UPDATED_AT,DISCOUNT) values (9791158395377,'리액트 인터뷰 가이드 (면접 준비부터 실무까지 한 번에 챙기는 리액트 개발자 핵심 노트)','수디르 조나^앤드류 바이스덴','위키북스',24950,'https://shopping-phinf.pstatic.net/main_4980033/49800335643.20240816071319.jpg',100,2012,'N',to_date('24/09/11','RR/MM/DD'),null,0);
Insert into ADMIN.TBL_BOOK (BOOK_ID,TITLE,AUTHOR,PUBLISHER,PRICE,IMAGE,QUANTITY,CATEGORY,EBOOK,CREATED_AT,UPDATED_AT,DISCOUNT) values (9791160504828,'리액트 교과서 (React, JSX, Redux, GraphQL, Jest, 서버 사이드 렌더링)','아자트 마르단','길벗',32080,'https://shopping-phinf.pstatic.net/main_3243613/32436139938.20221229071930.jpg',100,2012,'N',to_date('24/09/07','RR/MM/DD'),null,0);
Insert into ADMIN.TBL_BOOK (BOOK_ID,TITLE,AUTHOR,PUBLISHER,PRICE,IMAGE,QUANTITY,CATEGORY,EBOOK,CREATED_AT,UPDATED_AT,DISCOUNT) values (9791162243879,'리액트 네이티브 (크로스 플랫폼 앱 개발을 위한 실전 입문서)','김범준','한빛미디어',26100,'https://shopping-phinf.pstatic.net/main_3245199/32451991211.20240815214652.jpg',100,2012,'N',to_date('24/09/09','RR/MM/DD'),null,0);
Insert into ADMIN.TBL_BOOK (BOOK_ID,TITLE,AUTHOR,PUBLISHER,PRICE,IMAGE,QUANTITY,CATEGORY,EBOOK,CREATED_AT,UPDATED_AT,DISCOUNT) values (9788960779631,'리액트 정복하기 (컴포넌트와 라이프사이클 기반)','아담 홀튼','에이콘출판사',22500,'https://shopping-phinf.pstatic.net/main_3244403/32444034669.20240919072521.jpg',99,2012,'N',to_date('24/09/15','RR/MM/DD'),null,0);
Insert into ADMIN.TBL_BOOK (BOOK_ID,TITLE,AUTHOR,PUBLISHER,PRICE,IMAGE,QUANTITY,CATEGORY,EBOOK,CREATED_AT,UPDATED_AT,DISCOUNT) values (9791169210911,'혼자 공부하는 C 언어 (1:1 과외하듯 배우는 프로그래밍 자습서)','서현우','한빛미디어',23170,'https://shopping-phinf.pstatic.net/main_4008232/40082328632.20230822102552.jpg',100,2012,'N',to_date('24/09/07','RR/MM/DD'),null,0);
Insert into ADMIN.TBL_BOOK (BOOK_ID,TITLE,AUTHOR,PUBLISHER,PRICE,IMAGE,QUANTITY,CATEGORY,EBOOK,CREATED_AT,UPDATED_AT,DISCOUNT) values (9788966280605,'C언어','이대식^최교호','오성미디어',20000,'https://shopping-phinf.pstatic.net/main_3343476/33434760618.20221230071808.jpg',100,2012,'N',to_date('24/09/17','RR/MM/DD'),null,0);
Insert into ADMIN.TBL_BOOK (BOOK_ID,TITLE,AUTHOR,PUBLISHER,PRICE,IMAGE,QUANTITY,CATEGORY,EBOOK,CREATED_AT,UPDATED_AT,DISCOUNT) values (9788975281235,'C언어','황도삼 외','두양사',9900,'https://shopping-phinf.pstatic.net/main_3572559/35725595622.20221109103831.jpg',100,2012,'N',to_date('24/09/15','RR/MM/DD'),null,0);
Insert into ADMIN.TBL_BOOK (BOOK_ID,TITLE,AUTHOR,PUBLISHER,PRICE,IMAGE,QUANTITY,CATEGORY,EBOOK,CREATED_AT,UPDATED_AT,DISCOUNT) values (9788970509716,'C언어로 쉽게 풀어쓴 자료구조 (개정 3판)','천인국','생능출판',26680,'https://shopping-phinf.pstatic.net/main_3247462/32474622102.20230815082230.jpg',100,2012,'N',to_date('24/09/11','RR/MM/DD'),null,0);
Insert into ADMIN.TBL_BOOK (BOOK_ID,TITLE,AUTHOR,PUBLISHER,PRICE,IMAGE,QUANTITY,CATEGORY,EBOOK,CREATED_AT,UPDATED_AT,DISCOUNT) values (9788984688209,'코딩과의 첫 만남 1:  C언어편 (C언어편)','김득수','21세기사',18000,'https://shopping-phinf.pstatic.net/main_3249265/32492657128.20230404163302.jpg',100,2012,'N',to_date('24/09/18','RR/MM/DD'),null,0);
Insert into ADMIN.TBL_BOOK (BOOK_ID,TITLE,AUTHOR,PUBLISHER,PRICE,IMAGE,QUANTITY,CATEGORY,EBOOK,CREATED_AT,UPDATED_AT,DISCOUNT) values (9788992583701,'C 언어','채현석^임미섭','오성미디어',17000,'https://shopping-phinf.pstatic.net/main_3343504/33435048938.20221227205401.jpg',100,2012,'N',to_date('24/09/11','RR/MM/DD'),null,0);
Insert into ADMIN.TBL_BOOK (BOOK_ID,TITLE,AUTHOR,PUBLISHER,PRICE,IMAGE,QUANTITY,CATEGORY,EBOOK,CREATED_AT,UPDATED_AT,DISCOUNT) values (9788983255341,'C 언어','김창화^김중곤^신경철^함창현','한올출판사',16000,'https://shopping-phinf.pstatic.net/main_3249657/32496577000.20221228074444.jpg',100,2012,'N',to_date('24/09/28','RR/MM/DD'),null,0);
Insert into ADMIN.TBL_BOOK (BOOK_ID,TITLE,AUTHOR,PUBLISHER,PRICE,IMAGE,QUANTITY,CATEGORY,EBOOK,CREATED_AT,UPDATED_AT,DISCOUNT) values (9788955027792,'C언어연습 (PBL문제중심학습기반)','김훈기','글로벌',16200,'https://shopping-phinf.pstatic.net/main_3248947/32489470671.20240907071409.jpg',100,2012,'N',to_date('24/09/24','RR/MM/DD'),null,0);
Insert into ADMIN.TBL_BOOK (BOOK_ID,TITLE,AUTHOR,PUBLISHER,PRICE,IMAGE,QUANTITY,CATEGORY,EBOOK,CREATED_AT,UPDATED_AT,DISCOUNT) values (9780464476948,'C (Monogram Initial Notebook)',null,'Blurb',21660,'https://shopping-phinf.pstatic.net/main_3244552/32445522742.20220518234626.jpg',100,2012,'N',to_date('24/09/20','RR/MM/DD'),null,0);
Insert into ADMIN.TBL_BOOK (BOOK_ID,TITLE,AUTHOR,PUBLISHER,PRICE,IMAGE,QUANTITY,CATEGORY,EBOOK,CREATED_AT,UPDATED_AT,DISCOUNT) values (9781532413018,'C',null,'Xist Pub',36850,'https://shopping-phinf.pstatic.net/main_3254941/32549412731.20220523185930.jpg',100,2012,'N',to_date('24/09/16','RR/MM/DD'),null,0);
Insert into ADMIN.TBL_BOOK (BOOK_ID,TITLE,AUTHOR,PUBLISHER,PRICE,IMAGE,QUANTITY,CATEGORY,EBOOK,CREATED_AT,UPDATED_AT,DISCOUNT) values (9780767929714,'Destiny of the Republic: A Tale of Madness, Medicine and the Murder of a President (A Tale of Madness, Medicine, and the Murder of a President)','C','Anchor',24900,'https://shopping-phinf.pstatic.net/main_3249190/32491901893.20220520205029.jpg',100,2012,'N',to_date('24/09/27','RR/MM/DD'),null,0);
Insert into ADMIN.TBL_BOOK (BOOK_ID,TITLE,AUTHOR,PUBLISHER,PRICE,IMAGE,QUANTITY,CATEGORY,EBOOK,CREATED_AT,UPDATED_AT,DISCOUNT) values (9788936513191,'스크루테이프의 편지 (정본 C. S. 루이스 클래식)','C.S. 루이스','홍성사',11700,'https://shopping-phinf.pstatic.net/main_3244145/32441454785.20231004072352.jpg',100,2012,'N',to_date('24/09/25','RR/MM/DD'),null,0);
Insert into ADMIN.TBL_BOOK (BOOK_ID,TITLE,AUTHOR,PUBLISHER,PRICE,IMAGE,QUANTITY,CATEGORY,EBOOK,CREATED_AT,UPDATED_AT,DISCOUNT) values (9791160507676,'모던 C++ 디자인 패턴 (객체 지향 소프트웨어 디자인을 재사용하는 방법)','드미트리 네스터룩','길벗',22280,'https://shopping-phinf.pstatic.net/main_3249189/32491898638.20221227203044.jpg',100,2012,'N',to_date('24/09/28','RR/MM/DD'),null,0);
Insert into ADMIN.TBL_BOOK (BOOK_ID,TITLE,AUTHOR,PUBLISHER,PRICE,IMAGE,QUANTITY,CATEGORY,EBOOK,CREATED_AT,UPDATED_AT,DISCOUNT) values (9791185553818,'모두가 할 수 있는 플러터 UI 입문 (플러터 2 반영)','최주호^정호준^정동진','앤써북',15930,'https://shopping-phinf.pstatic.net/main_3246655/32466554525.20230815081812.jpg',100,2012,'N',to_date('24/09/17','RR/MM/DD'),null,0);
Insert into ADMIN.TBL_BOOK (BOOK_ID,TITLE,AUTHOR,PUBLISHER,PRICE,IMAGE,QUANTITY,CATEGORY,EBOOK,CREATED_AT,UPDATED_AT,DISCOUNT) values (9791162243862,'플러터 인 액션 (안드로이드와 iOS 애플리케이션을 한 번에 개발하는 완벽 가이드)','에릭 윈드밀','한빛미디어',29700,'https://shopping-phinf.pstatic.net/main_3249262/32492624093.20221229073456.jpg',100,2012,'N',to_date('24/09/08','RR/MM/DD'),null,0);
Insert into ADMIN.TBL_BOOK (BOOK_ID,TITLE,AUTHOR,PUBLISHER,PRICE,IMAGE,QUANTITY,CATEGORY,EBOOK,CREATED_AT,UPDATED_AT,DISCOUNT) values (9791136250865,'하늘색 플러터 3','오쿠라','대원씨아이(만화)',4500,'https://shopping-phinf.pstatic.net/main_3243614/32436140454.20221229072136.jpg',100,2012,'N',to_date('24/09/10','RR/MM/DD'),null,0);
Insert into ADMIN.TBL_BOOK (BOOK_ID,TITLE,AUTHOR,PUBLISHER,PRICE,IMAGE,QUANTITY,CATEGORY,EBOOK,CREATED_AT,UPDATED_AT,DISCOUNT) values (9791164122134,'하늘색 플러터 2','오쿠라','대원씨아이',4500,'https://shopping-phinf.pstatic.net/main_3244359/32443591390.20221227203104.jpg',100,2012,'N',to_date('24/09/14','RR/MM/DD'),null,0);
Insert into ADMIN.TBL_BOOK (BOOK_ID,TITLE,AUTHOR,PUBLISHER,PRICE,IMAGE,QUANTITY,CATEGORY,EBOOK,CREATED_AT,UPDATED_AT,DISCOUNT) values (9791164120604,'하늘색 플러터 1','오쿠라','미우',4500,'https://shopping-phinf.pstatic.net/main_3244477/32444777704.20221227202904.jpg',100,2012,'N',to_date('24/09/07','RR/MM/DD'),null,0);
Insert into ADMIN.TBL_BOOK (BOOK_ID,TITLE,AUTHOR,PUBLISHER,PRICE,IMAGE,QUANTITY,CATEGORY,EBOOK,CREATED_AT,UPDATED_AT,DISCOUNT) values (9791193083161,'코딩셰프의 플러터 맛집 (입문자도 쉽게 도전할 수 있는 순한 맛+)','코딩셰프','루비페이퍼',35640,'https://shopping-phinf.pstatic.net/main_4817673/48176733652.20240604090433.jpg',100,2012,'N',to_date('24/09/11','RR/MM/DD'),null,0);
Insert into ADMIN.TBL_BOOK (BOOK_ID,TITLE,AUTHOR,PUBLISHER,PRICE,IMAGE,QUANTITY,CATEGORY,EBOOK,CREATED_AT,UPDATED_AT,DISCOUNT) values (9788989182696,'더 오라클 (사랑, 패션, 친구, 미래에 대한 10대들의 질문에 답하는 마법의 길!)','엠리스','지혜의나무',15300,'https://shopping-phinf.pstatic.net/main_3249333/32493332337.20221019145436.jpg',100,2012,'N',to_date('24/09/24','RR/MM/DD'),null,0);
Insert into ADMIN.TBL_BOOK (BOOK_ID,TITLE,AUTHOR,PUBLISHER,PRICE,IMAGE,QUANTITY,CATEGORY,EBOOK,CREATED_AT,UPDATED_AT,DISCOUNT) values (9788960460294,'선 오라클 (인생을 보여주는 점성술 카드, 개정판)','캐롤라인 스미스','당그래',27000,'https://shopping-phinf.pstatic.net/main_3249218/32492184962.20221230071243.jpg',100,2012,'N',to_date('24/09/27','RR/MM/DD'),null,0);
Insert into ADMIN.TBL_BOOK (BOOK_ID,TITLE,AUTHOR,PUBLISHER,PRICE,IMAGE,QUANTITY,CATEGORY,EBOOK,CREATED_AT,UPDATED_AT,DISCOUNT) values (9788995447420,'실무에서 유용한 데이터베이스론 (오라클 중심) (오라클 중심)','여정모^박상용^명재호','엔코아컨설팅',28800,'https://shopping-phinf.pstatic.net/main_3250616/32506165205.20221230071454.jpg',100,2012,'N',to_date('24/09/07','RR/MM/DD'),null,0);
Insert into ADMIN.TBL_BOOK (BOOK_ID,TITLE,AUTHOR,PUBLISHER,PRICE,IMAGE,QUANTITY,CATEGORY,EBOOK,CREATED_AT,UPDATED_AT,DISCOUNT) values (9791191632071,'야생화 오라클카드 (산하를 물들이는 한국의 야생화 꽃말 조언 타로카드)','고경아','골든에이지',49500,'https://shopping-phinf.pstatic.net/main_4252674/42526740618.20240409081015.jpg',100,2012,'N',to_date('24/09/18','RR/MM/DD'),null,0);
Insert into ADMIN.TBL_BOOK (BOOK_ID,TITLE,AUTHOR,PUBLISHER,PRICE,IMAGE,QUANTITY,CATEGORY,EBOOK,CREATED_AT,UPDATED_AT,DISCOUNT) values (9788993712742,'데이터베이스론','이윤배','휴먼싸이언스',27000,'https://shopping-phinf.pstatic.net/main_3249049/32490498684.20230404163857.jpg',100,2012,'N',to_date('24/09/18','RR/MM/DD'),null,0);
Insert into ADMIN.TBL_BOOK (BOOK_ID,TITLE,AUTHOR,PUBLISHER,PRICE,IMAGE,QUANTITY,CATEGORY,EBOOK,CREATED_AT,UPDATED_AT,DISCOUNT) values (9788993951387,'데이터베이스론','박용^이혜명^이창근','명진출판사(진영사)',19000,'https://shopping-phinf.pstatic.net/main_3343520/33435200800.20221228073627.jpg',100,2012,'N',to_date('24/09/16','RR/MM/DD'),null,0);
Insert into ADMIN.TBL_BOOK (BOOK_ID,TITLE,AUTHOR,PUBLISHER,PRICE,IMAGE,QUANTITY,CATEGORY,EBOOK,CREATED_AT,UPDATED_AT,DISCOUNT) values (9791193823095,'7급 전산직 박미진 데이터베이스론 (7급 전산직 공무원 대비)','박미진','포러스',22950,'https://shopping-phinf.pstatic.net/main_4731061/47310616622.20240426090952.jpg',100,2012,'N',to_date('24/09/21','RR/MM/DD'),null,0);
Insert into ADMIN.TBL_BOOK (BOOK_ID,TITLE,AUTHOR,PUBLISHER,PRICE,IMAGE,QUANTITY,CATEGORY,EBOOK,CREATED_AT,UPDATED_AT,DISCOUNT) values (9788990359803,'경영데이터베이스 관리론','이춘열','창민사',27550,'https://shopping-phinf.pstatic.net/main_3249211/32492117505.20221019152707.jpg',100,2012,'N',to_date('24/09/18','RR/MM/DD'),null,0);
Insert into ADMIN.TBL_BOOK (BOOK_ID,TITLE,AUTHOR,PUBLISHER,PRICE,IMAGE,QUANTITY,CATEGORY,EBOOK,CREATED_AT,UPDATED_AT,DISCOUNT) values (9788966112289,'2025 데이터베이스론 9·7급 이론서 (전산직ㆍ데이터직 공무원 수험서의 Bible, 전산직ㆍ데이터직ㆍ군무원ㆍ감리사ㆍ경찰청 / 주요 대학교재 단권화)','김강현','지안에듀',21600,'https://shopping-phinf.pstatic.net/main_4918352/49183521619.20240717072607.jpg',100,2012,'N',to_date('24/09/28','RR/MM/DD'),null,0);
Insert into ADMIN.TBL_BOOK (BOOK_ID,TITLE,AUTHOR,PUBLISHER,PRICE,IMAGE,QUANTITY,CATEGORY,EBOOK,CREATED_AT,UPDATED_AT,DISCOUNT) values (9788990045492,'사무데이터베이스 관리','김명옥^최수진','에듀컨텐츠',9450,'https://shopping-phinf.pstatic.net/main_3343530/33435303982.20221229072023.jpg',100,2012,'N',to_date('24/09/22','RR/MM/DD'),null,0);
Insert into ADMIN.TBL_BOOK (BOOK_ID,TITLE,AUTHOR,PUBLISHER,PRICE,IMAGE,QUANTITY,CATEGORY,EBOOK,CREATED_AT,UPDATED_AT,DISCOUNT) values (9791156006664,'데이터 베이스 시스템 7/E (제7판)','Ramez A. Elmasri','홍릉과학출판사',39900,'https://shopping-phinf.pstatic.net/main_3249081/32490814679.20221227205832.jpg',100,2012,'N',to_date('24/09/24','RR/MM/DD'),null,0);
Insert into ADMIN.TBL_BOOK (BOOK_ID,TITLE,AUTHOR,PUBLISHER,PRICE,IMAGE,QUANTITY,CATEGORY,EBOOK,CREATED_AT,UPDATED_AT,DISCOUNT) values (9791193747018,'2025 SQLD 모든 것 (SQLD 14일 합격)','조용학','아이리포',21390,'https://shopping-phinf.pstatic.net/main_4748362/47483629622.20240504090919.jpg',100,2012,'N',to_date('24/09/28','RR/MM/DD'),null,0);
Insert into ADMIN.TBL_BOOK (BOOK_ID,TITLE,AUTHOR,PUBLISHER,PRICE,IMAGE,QUANTITY,CATEGORY,EBOOK,CREATED_AT,UPDATED_AT,DISCOUNT) values (9791138362573,'2024 SD에듀 유선배 SQL개발자(SQLD) 과외노트 (신 출제 기준 완벽 반영)','정미나','시대고시기획',21390,'https://shopping-phinf.pstatic.net/main_4423365/44233650620.20231126071016.jpg',100,2012,'N',to_date('24/09/11','RR/MM/DD'),null,0);
Insert into ADMIN.TBL_BOOK (BOOK_ID,TITLE,AUTHOR,PUBLISHER,PRICE,IMAGE,QUANTITY,CATEGORY,EBOOK,CREATED_AT,UPDATED_AT,DISCOUNT) values (9788931469158,'2024 이기적 SQL 개발자 이론서+기출문제 (2024년 출제기준 반영 + 동영상 무료 제공 + SQLD/P 핵심 마인드맵)','임호진^박종범^임준혁','영진닷컴',21390,'https://shopping-phinf.pstatic.net/main_4539739/45397394625.20240123092100.jpg',100,2012,'N',to_date('24/09/21','RR/MM/DD'),null,0);
Insert into ADMIN.TBL_BOOK (BOOK_ID,TITLE,AUTHOR,PUBLISHER,PRICE,IMAGE,QUANTITY,CATEGORY,EBOOK,CREATED_AT,UPDATED_AT,DISCOUNT) values (9788970509808,'이산수학 (개정판)','김대수','생능출판',26680,'https://shopping-phinf.pstatic.net/main_3246666/32466665645.20231214075731.jpg',100,2012,'N',to_date('24/09/27','RR/MM/DD'),null,0);
Insert into ADMIN.TBL_BOOK (BOOK_ID,TITLE,AUTHOR,PUBLISHER,PRICE,IMAGE,QUANTITY,CATEGORY,EBOOK,CREATED_AT,UPDATED_AT,DISCOUNT) values (9788988474150,'데이터아키텍처 자격검정 실전문제 (2013 Edition)','한국데이터베이스진흥원 편집부','한국데이터산업진흥원',10800,'https://shopping-phinf.pstatic.net/main_3246035/32460357038.20230808084129.jpg',100,2012,'N',to_date('24/09/11','RR/MM/DD'),null,0);
Insert into ADMIN.TBL_BOOK (BOOK_ID,TITLE,AUTHOR,PUBLISHER,PRICE,IMAGE,QUANTITY,CATEGORY,EBOOK,CREATED_AT,UPDATED_AT,DISCOUNT) values (9788992168946,'HTML5 (포스트PC 시대를 여는 차세대 웹언어)','이준하','e비즈북스',6750,'https://shopping-phinf.pstatic.net/main_3249721/32497218717.20231210075421.jpg',100,2012,'N',to_date('24/09/12','RR/MM/DD'),null,0);
Insert into ADMIN.TBL_BOOK (BOOK_ID,TITLE,AUTHOR,PUBLISHER,PRICE,IMAGE,QUANTITY,CATEGORY,EBOOK,CREATED_AT,UPDATED_AT,DISCOUNT) values (9788960236431,'모바일 HTML (처음 시작하는 분에게 모바일 사이트 구축을 위한 모바일 코딩)','송태민','에세이',13500,'https://shopping-phinf.pstatic.net/main_3343625/33436251623.20221019152432.jpg',100,2012,'N',to_date('24/09/24','RR/MM/DD'),null,0);
Insert into ADMIN.TBL_BOOK (BOOK_ID,TITLE,AUTHOR,PUBLISHER,PRICE,IMAGE,QUANTITY,CATEGORY,EBOOK,CREATED_AT,UPDATED_AT,DISCOUNT) values (9791165219468,'코딩 자율학습 HTML + CSS + 자바스크립트 (기초부터 반응형 웹까지 초보자를 위한 웹 개발 입문서)','김기수','길벗',24060,'https://shopping-phinf.pstatic.net/main_3246297/32462974669.20230912084525.jpg',100,2012,'N',to_date('24/09/20','RR/MM/DD'),null,0);
Insert into ADMIN.TBL_BOOK (BOOK_ID,TITLE,AUTHOR,PUBLISHER,PRICE,IMAGE,QUANTITY,CATEGORY,EBOOK,CREATED_AT,UPDATED_AT,DISCOUNT) values (9780240813288,'Html5 (Designing Rich Internet Applications)','David, Matthew','Focal Press',39000,'https://shopping-phinf.pstatic.net/main_3245235/32452355847.20221228075037.jpg',100,2012,'N',to_date('24/09/16','RR/MM/DD'),null,0);
Insert into ADMIN.TBL_BOOK (BOOK_ID,TITLE,AUTHOR,PUBLISHER,PRICE,IMAGE,QUANTITY,CATEGORY,EBOOK,CREATED_AT,UPDATED_AT,DISCOUNT) values (9781138416918,'Html5 (Designing Rich Internet Applications)',null,'Focal Pr',311330,'https://shopping-phinf.pstatic.net/main_3387916/33879166911.20220805053629.jpg',100,2012,'N',to_date('24/09/14','RR/MM/DD'),null,0);
Insert into ADMIN.TBL_BOOK (BOOK_ID,TITLE,AUTHOR,PUBLISHER,PRICE,IMAGE,QUANTITY,CATEGORY,EBOOK,CREATED_AT,UPDATED_AT,DISCOUNT) values (9780240820767,'HTML5 (Designing Rich Internet Applications)',null,'Elsevier Science Ltd',90000,'https://shopping-phinf.pstatic.net/main_3249542/32495422974.20220521024416.jpg',100,2012,'N',to_date('24/09/10','RR/MM/DD'),null,0);
Insert into ADMIN.TBL_BOOK (BOOK_ID,TITLE,AUTHOR,PUBLISHER,PRICE,IMAGE,QUANTITY,CATEGORY,EBOOK,CREATED_AT,UPDATED_AT,DISCOUNT) values (9781449302399,'Html5 (The Missing Manual)',null,'O''Reilly Media',55330,'https://shopping-phinf.pstatic.net/main_3251176/32511766676.20220521234535.jpg',100,2012,'N',to_date('24/09/14','RR/MM/DD'),null,0);
Insert into ADMIN.TBL_BOOK (BOOK_ID,TITLE,AUTHOR,PUBLISHER,PRICE,IMAGE,QUANTITY,CATEGORY,EBOOK,CREATED_AT,UPDATED_AT,DISCOUNT) values (9780788099106,'Evil: A Historical and Theological Perspective','Schwarz, Hans/ Worthing, Mark W. (Trn)','Css',35180,'https://shopping-phinf.pstatic.net/main_3246335/32463358892.20220519181435.jpg',100,2012,'N',to_date('24/09/25','RR/MM/DD'),null,0);
Insert into ADMIN.TBL_BOOK (BOOK_ID,TITLE,AUTHOR,PUBLISHER,PRICE,IMAGE,QUANTITY,CATEGORY,EBOOK,CREATED_AT,UPDATED_AT,DISCOUNT) values (9780788023101,'What Jesus Did: The Answer to WWJD','Prescott-Ezickson, Robert D.','Css',33580,'https://shopping-phinf.pstatic.net/main_3248335/32483350412.20220520133527.jpg',100,2012,'N',to_date('24/09/10','RR/MM/DD'),null,0);
Insert into ADMIN.TBL_BOOK (BOOK_ID,TITLE,AUTHOR,PUBLISHER,PRICE,IMAGE,QUANTITY,CATEGORY,EBOOK,CREATED_AT,UPDATED_AT,DISCOUNT) values (9780788099038,'Announcing the Reign of God','Arias, Mortimer','Css',28770,'https://shopping-phinf.pstatic.net/main_3530265/35302655886.20221018164007.jpg',100,2012,'N',to_date('24/09/24','RR/MM/DD'),null,0);
Insert into ADMIN.TBL_BOOK (BOOK_ID,TITLE,AUTHOR,PUBLISHER,PRICE,IMAGE,QUANTITY,CATEGORY,EBOOK,CREATED_AT,UPDATED_AT,DISCOUNT) values (9780788099007,'Lighten Our Darkness',null,'Css',39990,'https://shopping-phinf.pstatic.net/main_3530771/35307714509.20221018221424.jpg',100,2012,'N',to_date('24/09/21','RR/MM/DD'),null,0);
Insert into ADMIN.TBL_BOOK (BOOK_ID,TITLE,AUTHOR,PUBLISHER,PRICE,IMAGE,QUANTITY,CATEGORY,EBOOK,CREATED_AT,UPDATED_AT,DISCOUNT) values (9791162891230,'HTML & CSS3 웹 디자인','조동영','북스홀릭퍼블리싱',20700,'https://shopping-phinf.pstatic.net/main_5005116/50051169626.20240930071031.jpg',100,2012,'N',to_date('24/09/28','RR/MM/DD'),null,0);
Insert into ADMIN.TBL_BOOK (BOOK_ID,TITLE,AUTHOR,PUBLISHER,PRICE,IMAGE,QUANTITY,CATEGORY,EBOOK,CREATED_AT,UPDATED_AT,DISCOUNT) values (9791185553825,'플러터 UI 실전 (플러터 2 반영 | 클론 코딩으로 최신 트랜디한 3가지 앱 UI 만들기)','김근호^최주호^황승준','앤써북',15930,'https://shopping-phinf.pstatic.net/main_3245601/32456019664.20230927071316.jpg',100,2012,'N',to_date('24/09/07','RR/MM/DD'),null,0);
Insert into ADMIN.TBL_BOOK (BOOK_ID,TITLE,AUTHOR,PUBLISHER,PRICE,IMAGE,QUANTITY,CATEGORY,EBOOK,CREATED_AT,UPDATED_AT,DISCOUNT) values (9788931465372,'플러터 프로젝트 (11가지 앱을 만들며 배우는 크로스 플랫폼 앱개발)','시모네 알레산드리아','영진닷컴',27000,'https://shopping-phinf.pstatic.net/main_3249218/32492180645.20221230074029.jpg',100,2012,'N',to_date('24/09/28','RR/MM/DD'),null,0);
Insert into ADMIN.TBL_BOOK (BOOK_ID,TITLE,AUTHOR,PUBLISHER,PRICE,IMAGE,QUANTITY,CATEGORY,EBOOK,CREATED_AT,UPDATED_AT,DISCOUNT) values (9791161754468,'플러터 실무 개발 (3가지 애플리케이션을 만들면서 배우는)','프랭크 자메티','에이콘출판',21800,'https://shopping-phinf.pstatic.net/main_3243612/32436123650.20221228072914.jpg',100,2012,'N',to_date('24/09/24','RR/MM/DD'),null,0);
Insert into ADMIN.TBL_BOOK (BOOK_ID,TITLE,AUTHOR,PUBLISHER,PRICE,IMAGE,QUANTITY,CATEGORY,EBOOK,CREATED_AT,UPDATED_AT,DISCOUNT) values (9788960773677,'HTML CSS (웹사이트 개발과 디자인 기초)','존 두켓','에이콘출판',31500,'https://shopping-phinf.pstatic.net/main_3244150/32441501668.20230711112832.jpg',100,2012,'N',to_date('24/09/15','RR/MM/DD'),null,0);
Insert into ADMIN.TBL_BOOK (BOOK_ID,TITLE,AUTHOR,PUBLISHER,PRICE,IMAGE,QUANTITY,CATEGORY,EBOOK,CREATED_AT,UPDATED_AT,DISCOUNT) values (9791198738301,'디 오라클','아리 쥴스','글로벌마인드',24300,'https://shopping-phinf.pstatic.net/main_4779215/47792151619.20240521101948.jpg',100,2012,'N',to_date('24/09/25','RR/MM/DD'),null,0);
Insert into ADMIN.TBL_BOOK (BOOK_ID,TITLE,AUTHOR,PUBLISHER,PRICE,IMAGE,QUANTITY,CATEGORY,EBOOK,CREATED_AT,UPDATED_AT,DISCOUNT) values (9788970187525,'오라클 (예제 따라가며 쉽게 배우는)','윤정미','기한재',16200,'https://shopping-phinf.pstatic.net/main_3247335/32473353778.20230905101108.jpg',100,2012,'N',to_date('24/09/20','RR/MM/DD'),null,0);
Insert into ADMIN.TBL_BOOK (BOOK_ID,TITLE,AUTHOR,PUBLISHER,PRICE,IMAGE,QUANTITY,CATEGORY,EBOOK,CREATED_AT,UPDATED_AT,DISCOUNT) values (9791165217044,'2022 시나공 컴퓨터활용능력 1급 실기 엑셀, 엑세스 2016 (컴활 함수 사전+자동 채점 프로그램+최신기출문제)','길벗R&D','길벗',32400,'https://shopping-phinf.pstatic.net/main_3243822/32438224638.20221019105625.jpg',100,2009,'N',to_date('24/09/23','RR/MM/DD'),null,0);
Insert into ADMIN.TBL_BOOK (BOOK_ID,TITLE,AUTHOR,PUBLISHER,PRICE,IMAGE,QUANTITY,CATEGORY,EBOOK,CREATED_AT,UPDATED_AT,DISCOUNT) values (9791165217051,'2022 시나공 컴퓨터활용능력 2급 실기 엑셀2016 (컴활 함수 사전+자동 채점 프로그램+최신기출문제)','길벗R&D','길벗',19800,'https://shopping-phinf.pstatic.net/main_3246689/32466897703.20221101124704.jpg',100,2009,'N',to_date('24/09/22','RR/MM/DD'),null,0);
Insert into ADMIN.TBL_BOOK (BOOK_ID,TITLE,AUTHOR,PUBLISHER,PRICE,IMAGE,QUANTITY,CATEGORY,EBOOK,CREATED_AT,UPDATED_AT,DISCOUNT) values (9791160505825,'2019 시나공 컴퓨터활용능력 1급 실기 (컴활 함수 사전 + 자동채점프로그램 + 최신기출문제)','길벗 R&D','길벗',31500,'https://shopping-phinf.pstatic.net/main_3248509/32485095715.20220520145220.jpg',100,2009,'N',to_date('24/09/16','RR/MM/DD'),null,0);
Insert into ADMIN.TBL_BOOK (BOOK_ID,TITLE,AUTHOR,PUBLISHER,PRICE,IMAGE,QUANTITY,CATEGORY,EBOOK,CREATED_AT,UPDATED_AT,DISCOUNT) values (9791140710775,'2025 시나공 워드프로세서 필기 기본서 (최신 기출문제집 + 동영상 강의)','길벗R&D','길벗',17100,'https://shopping-phinf.pstatic.net/main_5015322/50153227624.20240905092051.jpg',100,2009,'N',to_date('24/09/11','RR/MM/DD'),null,0);
Insert into ADMIN.TBL_BOOK (BOOK_ID,TITLE,AUTHOR,PUBLISHER,PRICE,IMAGE,QUANTITY,CATEGORY,EBOOK,CREATED_AT,UPDATED_AT,DISCOUNT) values (9791140710669,'2025 시나공 워드프로세서 실기 기본서(한글 2022) (동영상 강의)','길벗R&D','길벗',16930,'https://shopping-phinf.pstatic.net/main_4987792/49877926630.20240822070940.jpg',100,2009,'N',to_date('24/09/26','RR/MM/DD'),null,0);
Insert into ADMIN.TBL_BOOK (BOOK_ID,TITLE,AUTHOR,PUBLISHER,PRICE,IMAGE,QUANTITY,CATEGORY,EBOOK,CREATED_AT,UPDATED_AT,DISCOUNT) values (9788931476200,'2025 이기적 워드프로세서 실기 기본서 (최신 출제 기준 반영 + 동영상 강의 무료 제공 + 자동 채점 서비스 제공)','송재현^영진정보연구소','영진닷컴',16040,'https://shopping-phinf.pstatic.net/main_4964419/49644199623.20240807170410.jpg',100,2009,'N',to_date('24/09/24','RR/MM/DD'),null,0);
Insert into ADMIN.TBL_BOOK (BOOK_ID,TITLE,AUTHOR,PUBLISHER,PRICE,IMAGE,QUANTITY,CATEGORY,EBOOK,CREATED_AT,UPDATED_AT,DISCOUNT) values (9788990496041,'베이비토크 (만 0~4세 하루 30분 말걸기 육아)','샐리 워드','마고북스',13500,'https://shopping-phinf.pstatic.net/main_3250431/32504311761.20240905074338.jpg',100,2009,'N',to_date('24/09/26','RR/MM/DD'),null,0);
Insert into ADMIN.TBL_BOOK (BOOK_ID,TITLE,AUTHOR,PUBLISHER,PRICE,IMAGE,QUANTITY,CATEGORY,EBOOK,CREATED_AT,UPDATED_AT,DISCOUNT) values (9791192389530,'센세이셔널 (우리가 보고, 듣고, 느끼는 모든 것)','애슐리 워드','상상스퀘어',19610,'https://shopping-phinf.pstatic.net/main_4516967/45169678619.20240112070753.jpg',100,2009,'N',to_date('24/09/06','RR/MM/DD'),null,0);
Insert into ADMIN.TBL_BOOK (BOOK_ID,TITLE,AUTHOR,PUBLISHER,PRICE,IMAGE,QUANTITY,CATEGORY,EBOOK,CREATED_AT,UPDATED_AT,DISCOUNT) values (9788984073197,'오늘의 베트남 (6가지  키워드로   읽는)','안경환','세종서적',17820,'https://shopping-phinf.pstatic.net/main_4785752/47857521619.20240522071121.jpg',100,2009,'N',to_date('24/09/09','RR/MM/DD'),null,0);
Insert into ADMIN.TBL_BOOK (BOOK_ID,TITLE,AUTHOR,PUBLISHER,PRICE,IMAGE,QUANTITY,CATEGORY,EBOOK,CREATED_AT,UPDATED_AT,DISCOUNT) values (9788931468120,'2024 이기적 워드프로세서 필기+실기 상시 시험 공략집 (2024년 출제기준 반영 + 동영상 강의 무료 + CBT 온라인 문제집 제공)','김옥남^송재현','영진닷컴',24060,'https://shopping-phinf.pstatic.net/main_4475895/44758951618.20231221070811.jpg',100,2009,'N',to_date('24/09/15','RR/MM/DD'),null,0);
Insert into ADMIN.TBL_BOOK (BOOK_ID,TITLE,AUTHOR,PUBLISHER,PRICE,IMAGE,QUANTITY,CATEGORY,EBOOK,CREATED_AT,UPDATED_AT,DISCOUNT) values (9791196950941,'웨스트민스터 소요리문답(하)','김태희','더워드',10800,'https://shopping-phinf.pstatic.net/main_3249291/32492919306.20230321164455.jpg',100,2009,'N',to_date('24/09/16','RR/MM/DD'),null,0);
Insert into ADMIN.TBL_BOOK (BOOK_ID,TITLE,AUTHOR,PUBLISHER,PRICE,IMAGE,QUANTITY,CATEGORY,EBOOK,CREATED_AT,UPDATED_AT,DISCOUNT) values (9791196950965,'고신 신학 제24호: 예루살렘, 아테네, 부산 그리고 고신 (예루살렘, 아테네, 부산 그리고 고신)','고신신학회','더워드',11700,'https://shopping-phinf.pstatic.net/main_3470500/34705004622.20221019101518.jpg',100,2009,'N',to_date('24/09/18','RR/MM/DD'),null,0);
Insert into ADMIN.TBL_BOOK (BOOK_ID,TITLE,AUTHOR,PUBLISHER,PRICE,IMAGE,QUANTITY,CATEGORY,EBOOK,CREATED_AT,UPDATED_AT,DISCOUNT) values (9791197943805,'더워드 요리문답','하대중^변무영^정찬도','더워드',9000,'https://shopping-phinf.pstatic.net/main_3364246/33642468638.20221019101238.jpg',100,2009,'N',to_date('24/09/13','RR/MM/DD'),null,0);
Insert into ADMIN.TBL_BOOK (BOOK_ID,TITLE,AUTHOR,PUBLISHER,PRICE,IMAGE,QUANTITY,CATEGORY,EBOOK,CREATED_AT,UPDATED_AT,DISCOUNT) values (9791160183993,'2025 써니 행정법총론 기출문제집 세트 ((기출지문 암기 App 이용쿠폰 제공) : 공무원 전 직렬 시험대비)','박준철','지금',39600,'https://shopping-phinf.pstatic.net/main_5011285/50112855618.20240903084059.jpg',100,2009,'N',to_date('24/09/10','RR/MM/DD'),null,0);
Insert into ADMIN.TBL_BOOK (BOOK_ID,TITLE,AUTHOR,PUBLISHER,PRICE,IMAGE,QUANTITY,CATEGORY,EBOOK,CREATED_AT,UPDATED_AT,DISCOUNT) values (9791167227379,'2025 유휘운 행정법총론 요약노트+기출문제 요플 (9·7급 공무원·소방·군무원 시험 대비)','유휘운','메가스터디교육',18720,'https://shopping-phinf.pstatic.net/main_5004990/50049907621.20240903093110.jpg',100,2009,'N',to_date('24/09/07','RR/MM/DD'),null,0);
Insert into ADMIN.TBL_BOOK (BOOK_ID,TITLE,AUTHOR,PUBLISHER,PRICE,IMAGE,QUANTITY,CATEGORY,EBOOK,CREATED_AT,UPDATED_AT,DISCOUNT) values (9791193144480,'지니 노동법 (공인노무사 / 변호사시험 / 5급공채 대비, 제3판)','이수진','경연',37800,'https://shopping-phinf.pstatic.net/main_5040496/50404963619.20240921071325.jpg',100,2009,'N',to_date('24/09/18','RR/MM/DD'),null,0);
Insert into ADMIN.TBL_BOOK (BOOK_ID,TITLE,AUTHOR,PUBLISHER,PRICE,IMAGE,QUANTITY,CATEGORY,EBOOK,CREATED_AT,UPDATED_AT,DISCOUNT) values (9791192207421,'2025 심승아 Simple Detail 소방학개론 심출기몰 기출문제집','심승아','메가스터디교육',32970,'https://shopping-phinf.pstatic.net/main_5025652/50256529628.20240912071051.jpg',100,2009,'N',to_date('24/09/10','RR/MM/DD'),null,0);
Insert into ADMIN.TBL_BOOK (BOOK_ID,TITLE,AUTHOR,PUBLISHER,PRICE,IMAGE,QUANTITY,CATEGORY,EBOOK,CREATED_AT,UPDATED_AT,DISCOUNT) values (9791167227591,'2025 조태정 영어 심화구문 200제','조태정','메가스터디교육',11590,'https://shopping-phinf.pstatic.net/main_5031876/50318764618.20240915071550.jpg',100,2009,'N',to_date('24/09/14','RR/MM/DD'),null,0);
Insert into ADMIN.TBL_BOOK (BOOK_ID,TITLE,AUTHOR,PUBLISHER,PRICE,IMAGE,QUANTITY,CATEGORY,EBOOK,CREATED_AT,UPDATED_AT,DISCOUNT) values (9791172443627,'2025 해커스경찰 신동욱 경찰헌법 기본서 (경찰공무원) (경찰채용, 경찰간부 시험 대비)','신동욱','해커스경찰',54000,'https://shopping-phinf.pstatic.net/main_5045607/50456070642.20240924081653.jpg',100,2009,'N',to_date('24/09/24','RR/MM/DD'),null,0);
Insert into ADMIN.TBL_BOOK (BOOK_ID,TITLE,AUTHOR,PUBLISHER,PRICE,IMAGE,QUANTITY,CATEGORY,EBOOK,CREATED_AT,UPDATED_AT,DISCOUNT) values (9791169662697,'2025 이동기 영어 실전 독해 500제 (공무원 영어의 시작과 끝)','이동기','에스티유니타스',30600,'https://shopping-phinf.pstatic.net/main_5015416/50154160629.20240906071130.jpg',100,2009,'N',to_date('24/09/18','RR/MM/DD'),null,0);
Insert into ADMIN.TBL_BOOK (BOOK_ID,TITLE,AUTHOR,PUBLISHER,PRICE,IMAGE,QUANTITY,CATEGORY,EBOOK,CREATED_AT,UPDATED_AT,DISCOUNT) values (9791196395704,'친절한 SQL 튜닝 (SQLP 핵심이론 집중 공략)','조시형','디비안(주)(DBian)',26800,'https://shopping-phinf.pstatic.net/main_3244269/32442690254.20230913071453.jpg',100,2012,'N',to_date('24/09/11','RR/MM/DD'),null,0);
Insert into ADMIN.TBL_BOOK (BOOK_ID,TITLE,AUTHOR,PUBLISHER,PRICE,IMAGE,QUANTITY,CATEGORY,EBOOK,CREATED_AT,UPDATED_AT,DISCOUNT) values (9788988474914,'SQL 자격검정 실전문제 (국가공인 SQL전문가. 국가공인 SQL개발자, 개정판)','한국데이터베이스진흥원 편집부','한국데이터산업진흥원',16200,'https://shopping-phinf.pstatic.net/main_4534572/45345726620.20240123082003.jpg',100,2012,'N',to_date('24/09/15','RR/MM/DD'),null,0);
Insert into ADMIN.TBL_BOOK (BOOK_ID,TITLE,AUTHOR,PUBLISHER,PRICE,IMAGE,QUANTITY,CATEGORY,EBOOK,CREATED_AT,UPDATED_AT,DISCOUNT) values (9788931562361,'정보관리기술사 & 컴퓨터시스템응용기술사 Vol 10 클라우드','권영식','성안당',36000,'https://shopping-phinf.pstatic.net/main_5038456/50384561619.20240921071214.jpg',100,2012,'N',to_date('24/09/24','RR/MM/DD'),null,0);
Insert into ADMIN.TBL_BOOK (BOOK_ID,TITLE,AUTHOR,PUBLISHER,PRICE,IMAGE,QUANTITY,CATEGORY,EBOOK,CREATED_AT,UPDATED_AT,DISCOUNT) values (9791192991221,'PC와 스마트폰을 한 번에 누구나 손쉽게 배우는 노션 Guide Book','차지영','아티오',20700,'https://shopping-phinf.pstatic.net/main_5021453/50214530702.20240908071015.jpg',100,2012,'N',to_date('24/09/26','RR/MM/DD'),null,0);
Insert into ADMIN.TBL_BOOK (BOOK_ID,TITLE,AUTHOR,PUBLISHER,PRICE,IMAGE,QUANTITY,CATEGORY,EBOOK,CREATED_AT,UPDATED_AT,DISCOUNT) values (9788960884663,'챗GPT로 데이터 분석 가로채기 (기초 분석부터 보고서 작성까지)','박경하','디지털북스',15150,'https://shopping-phinf.pstatic.net/main_5005739/50057397627.20240831071023.jpg',98,2012,'N',to_date('24/09/07','RR/MM/DD'),null,0);
Insert into ADMIN.TBL_BOOK (BOOK_ID,TITLE,AUTHOR,PUBLISHER,PRICE,IMAGE,QUANTITY,CATEGORY,EBOOK,CREATED_AT,UPDATED_AT,DISCOUNT) values (9791140710683,'2025 시나공 빅데이터분석기사 실기','김태헌','길벗',28520,'https://shopping-phinf.pstatic.net/main_5027815/50278150626.20240912092305.jpg',100,2009,'N',to_date('24/09/19','RR/MM/DD'),null,0);
Insert into ADMIN.TBL_BOOK (BOOK_ID,TITLE,AUTHOR,PUBLISHER,PRICE,IMAGE,QUANTITY,CATEGORY,EBOOK,CREATED_AT,UPDATED_AT,DISCOUNT) values (9791193686621,'2025 제과제빵기능사 & 산업기사 필기 (유튜버 빵선생의 과외교실, 저자직강 무료인강)','김연진','종이향기',22500,'https://shopping-phinf.pstatic.net/main_5038272/50382721618.20240919155026.jpg',100,2009,'N',to_date('24/09/19','RR/MM/DD'),null,0);
Insert into ADMIN.TBL_BOOK (BOOK_ID,TITLE,AUTHOR,PUBLISHER,PRICE,IMAGE,QUANTITY,CATEGORY,EBOOK,CREATED_AT,UPDATED_AT,DISCOUNT) values (9791127229115,'[POD] 그동안 즐거웠습니다','문기사','부크크(bookk)',9000,'https://shopping-phinf.pstatic.net/main_3246722/32467220503.20220520001000.jpg',100,2009,'N',to_date('24/09/13','RR/MM/DD'),null,0);
Insert into ADMIN.TBL_BOOK (BOOK_ID,TITLE,AUTHOR,PUBLISHER,PRICE,IMAGE,QUANTITY,CATEGORY,EBOOK,CREATED_AT,UPDATED_AT,DISCOUNT) values (9791162193600,'2024 알기사 정보보안기사(산업기사) 실기 세트 (최고합격률과 적중률 기록(합격수기포함) / 1~24회 기사/산업기사 기출문제 완벽 분석 수록)','정일영','탑스팟',37800,'https://shopping-phinf.pstatic.net/main_4622498/46224987627.20240308071001.jpg',100,2009,'N',to_date('24/09/25','RR/MM/DD'),null,0);
Insert into ADMIN.TBL_BOOK (BOOK_ID,TITLE,AUTHOR,PUBLISHER,PRICE,IMAGE,QUANTITY,CATEGORY,EBOOK,CREATED_AT,UPDATED_AT,DISCOUNT) values (9791165678531,'한식조리산업기사 (한국산업인력공단 국가기술자격검정 수험서)','이여진','백산출판사',17100,'https://shopping-phinf.pstatic.net/main_4802531/48025316624.20240613092311.jpg',100,2009,'N',to_date('24/09/06','RR/MM/DD'),null,0);
Insert into ADMIN.TBL_BOOK (BOOK_ID,TITLE,AUTHOR,PUBLISHER,PRICE,IMAGE,QUANTITY,CATEGORY,EBOOK,CREATED_AT,UPDATED_AT,DISCOUNT) values (9788992657594,'답이 보이는 정보보안기사 산업기사 실기 완벽 대비서 (산업기사)','이창근^정태성^임보혁^박종규','NT미디어',18900,'https://shopping-phinf.pstatic.net/main_3249658/32496585674.20221228072152.jpg',100,2009,'N',to_date('24/09/07','RR/MM/DD'),null,0);
Insert into ADMIN.TBL_BOOK (BOOK_ID,TITLE,AUTHOR,PUBLISHER,PRICE,IMAGE,QUANTITY,CATEGORY,EBOOK,CREATED_AT,UPDATED_AT,DISCOUNT) values (9788965872450,'의공산업기사 의료기기공학 (의공산업기사 필기)','나승권','상학당',28500,'https://shopping-phinf.pstatic.net/main_4857195/48571954618.20240623070957.jpg',100,2009,'N',to_date('24/09/18','RR/MM/DD'),null,0);
Insert into ADMIN.TBL_BOOK (BOOK_ID,TITLE,AUTHOR,PUBLISHER,PRICE,IMAGE,QUANTITY,CATEGORY,EBOOK,CREATED_AT,UPDATED_AT,DISCOUNT) values (9788994204659,'2024 제과제빵 실기 (기능사, 산업기사)','이백경^이정숙^박정연^박미경^김은경','미림원',23400,'https://shopping-phinf.pstatic.net/main_4688256/46882568663.20240414071122.jpg',100,2009,'N',to_date('24/09/07','RR/MM/DD'),null,0);
Insert into ADMIN.TBL_BOOK (BOOK_ID,TITLE,AUTHOR,PUBLISHER,PRICE,IMAGE,QUANTITY,CATEGORY,EBOOK,CREATED_AT,UPDATED_AT,DISCOUNT) values (9788965872443,'의공산업기사 의료기기 기초의학 (의공산업기사 필기)','나승권','상학당',26600,'https://shopping-phinf.pstatic.net/main_4781513/47815134624.20240522071158.jpg',100,2009,'N',to_date('24/09/12','RR/MM/DD'),null,0);
Insert into ADMIN.TBL_BOOK (BOOK_ID,TITLE,AUTHOR,PUBLISHER,PRICE,IMAGE,QUANTITY,CATEGORY,EBOOK,CREATED_AT,UPDATED_AT,DISCOUNT) values (9791198598363,'기계설계산업기사 (공학도와 현장 실무자를 위한)','김순채','엔지니어데이터넷',28800,'https://shopping-phinf.pstatic.net/main_4920292/49202928618.20240719071038.jpg',100,2009,'N',to_date('24/09/16','RR/MM/DD'),null,0);
Insert into ADMIN.TBL_BOOK (BOOK_ID,TITLE,AUTHOR,PUBLISHER,PRICE,IMAGE,QUANTITY,CATEGORY,EBOOK,CREATED_AT,UPDATED_AT,DISCOUNT) values (9791136029676,'2024 에듀윌 제과·제빵기능사 필기끝장(산업기사 대비가능) (단기 합격을 위한 무료 합격팩 제공)','오명석^장다예^박진홍','에듀윌',19610,'https://shopping-phinf.pstatic.net/main_4407484/44074847625.20231118075404.jpg',100,2009,'N',to_date('24/09/14','RR/MM/DD'),null,0);
Insert into ADMIN.TBL_BOOK (BOOK_ID,TITLE,AUTHOR,PUBLISHER,PRICE,IMAGE,QUANTITY,CATEGORY,EBOOK,CREATED_AT,UPDATED_AT,DISCOUNT) values (9791141047931,'컴퓨터활용능력 1급 스프레드시트 일반 필기대비 이론과 문제집 (컴활 1급 초단기 합격비법)','박정규','부크크(bookk)',14500,'https://shopping-phinf.pstatic.net/main_4372004/43720048628.20231101070930.jpg',100,2009,'N',to_date('24/09/18','RR/MM/DD'),null,0);
Insert into ADMIN.TBL_BOOK (BOOK_ID,TITLE,AUTHOR,PUBLISHER,PRICE,IMAGE,QUANTITY,CATEGORY,EBOOK,CREATED_AT,UPDATED_AT,DISCOUNT) values (9791140710751,'2025 시나공 컴퓨터활용능력 1급 실기 기본서 (컴활함수사전 + 계산문제 + 최신 기출문제집 + 동영상 강의)','길벗R&D','길벗',35640,'https://shopping-phinf.pstatic.net/main_5011529/50115299625.20240904070954.jpg',100,2009,'N',to_date('24/09/28','RR/MM/DD'),null,0);
Insert into ADMIN.TBL_BOOK (BOOK_ID,TITLE,AUTHOR,PUBLISHER,PRICE,IMAGE,QUANTITY,CATEGORY,EBOOK,CREATED_AT,UPDATED_AT,DISCOUNT) values (9791167040268,'컴퓨터활용능력 2급 실기 (대한상공회의소 시행 컴활 2급 대비)','김상원^강민승','박문각',16200,'https://shopping-phinf.pstatic.net/main_3248366/32483665781.20221229072435.jpg',100,2009,'N',to_date('24/09/09','RR/MM/DD'),null,0);
Insert into ADMIN.TBL_BOOK (BOOK_ID,TITLE,AUTHOR,PUBLISHER,PRICE,IMAGE,QUANTITY,CATEGORY,EBOOK,CREATED_AT,UPDATED_AT,DISCOUNT) values (9788994567853,'정보보호활용능력 1급 필기/실기 (제4차 산업혁명! 컴활시대를 지나서 정활시대로)','공병철^이원연^송병룡^김형구^여동균','인포더북스',28800,'https://shopping-phinf.pstatic.net/main_3244507/32445078725.20230207163318.jpg',100,2009,'N',to_date('24/09/18','RR/MM/DD'),null,0);
Insert into ADMIN.TBL_BOOK (BOOK_ID,TITLE,AUTHOR,PUBLISHER,PRICE,IMAGE,QUANTITY,CATEGORY,EBOOK,CREATED_AT,UPDATED_AT,DISCOUNT) values (9788994567785,'정보보호활용능력 2급 필기 (제4차  산업혁명! ’컴활’시대를 지나서 ’정활’ 시대로!)','공병철^이원연^송병룡^김형구^여동균','인포더북스',27000,'https://shopping-phinf.pstatic.net/main_3246839/32468396716.20230627102606.jpg',100,2009,'N',to_date('24/09/18','RR/MM/DD'),null,0);
Insert into ADMIN.TBL_BOOK (BOOK_ID,TITLE,AUTHOR,PUBLISHER,PRICE,IMAGE,QUANTITY,CATEGORY,EBOOK,CREATED_AT,UPDATED_AT,DISCOUNT) values (9791140700592,'2023 시나공 컴퓨터활용능력 1급 실기 (컴활 함수 사전 + 자동 채점 프로그램  +최신기출문제)','길벗R&D','길벗',36000,'https://shopping-phinf.pstatic.net/main_3358191/33581912641.20231121080542.jpg',100,2009,'N',to_date('24/09/20','RR/MM/DD'),null,0);
Insert into ADMIN.TBL_BOOK (BOOK_ID,TITLE,AUTHOR,PUBLISHER,PRICE,IMAGE,QUANTITY,CATEGORY,EBOOK,CREATED_AT,UPDATED_AT,DISCOUNT) values (9791140700608,'2023 시나공 컴퓨터활용능력 2급 실기 (컴활 함수 사전 + 자동 채점 프로그램 + 최신기출문제)','길벗R&D','길벗',21600,'https://shopping-phinf.pstatic.net/main_3358192/33581920634.20231205085634.jpg',100,2009,'N',to_date('24/09/06','RR/MM/DD'),null,0);
REM INSERTING into ADMIN.TBL_CART
SET DEFINE OFF;
Insert into ADMIN.TBL_CART (CART_ID,USER_ID,BOOK_ID,QUANTITY,ADDED_AT) values (301,'user08',9780099549055,1,to_date('24/10/07','RR/MM/DD'));
Insert into ADMIN.TBL_CART (CART_ID,USER_ID,BOOK_ID,QUANTITY,ADDED_AT) values (313,'user16',8809914420209,1,to_date('24/10/10','RR/MM/DD'));
Insert into ADMIN.TBL_CART (CART_ID,USER_ID,BOOK_ID,QUANTITY,ADDED_AT) values (302,'admin',9780464476948,1,to_date('24/10/07','RR/MM/DD'));
Insert into ADMIN.TBL_CART (CART_ID,USER_ID,BOOK_ID,QUANTITY,ADDED_AT) values (148,'user04',9791196458713,1,to_date('24/09/30','RR/MM/DD'));
Insert into ADMIN.TBL_CART (CART_ID,USER_ID,BOOK_ID,QUANTITY,ADDED_AT) values (300,'user08',9791186861332,1,to_date('24/10/07','RR/MM/DD'));
Insert into ADMIN.TBL_CART (CART_ID,USER_ID,BOOK_ID,QUANTITY,ADDED_AT) values (163,'user04',9788934933922,1,to_date('24/10/01','RR/MM/DD'));
Insert into ADMIN.TBL_CART (CART_ID,USER_ID,BOOK_ID,QUANTITY,ADDED_AT) values (306,'user08',9788954752541,1,to_date('24/10/07','RR/MM/DD'));
Insert into ADMIN.TBL_CART (CART_ID,USER_ID,BOOK_ID,QUANTITY,ADDED_AT) values (303,'admin',9788901281797,1,to_date('24/10/07','RR/MM/DD'));
Insert into ADMIN.TBL_CART (CART_ID,USER_ID,BOOK_ID,QUANTITY,ADDED_AT) values (296,'admin',8809500910275,1,to_date('24/10/07','RR/MM/DD'));
Insert into ADMIN.TBL_CART (CART_ID,USER_ID,BOOK_ID,QUANTITY,ADDED_AT) values (285,'user08',9788954693417,1,to_date('24/10/07','RR/MM/DD'));
Insert into ADMIN.TBL_CART (CART_ID,USER_ID,BOOK_ID,QUANTITY,ADDED_AT) values (286,'user08',9788928107896,1,to_date('24/10/07','RR/MM/DD'));
Insert into ADMIN.TBL_CART (CART_ID,USER_ID,BOOK_ID,QUANTITY,ADDED_AT) values (315,'user03',8809500910275,2,to_date('24/10/11','RR/MM/DD'));
REM INSERTING into ADMIN.TBL_CATEGORIES
SET DEFINE OFF;
REM INSERTING into ADMIN.TBL_FAQ
SET DEFINE OFF;
Insert into ADMIN.TBL_FAQ (FAQ_ID,QUESTION,ANSWER,CATEGORY,CREATED_AT,UPDATED_AT) values (1,'사용하려면 어떻게 해야 하나요?', '회원가입 후, 로그인하여 제공되는 서비스를 이용할 수 있습니다.','서비스',to_date('24/09/20','RR/MM/DD'),null);
Insert into ADMIN.TBL_FAQ (FAQ_ID,QUESTION,ANSWER,CATEGORY,CREATED_AT,UPDATED_AT) values (2,'계정','비밀번호를 잊어버렸어요. 어떻게 복구하나요?','비밀번호 찾기를 이용해주세요',to_date('24/09/20','RR/MM/DD'),null);
Insert into ADMIN.TBL_FAQ (FAQ_ID,QUESTION,ANSWER,CATEGORY,CREATED_AT,UPDATED_AT) values (3,'환불','환불하려면 어떻게 해야 하나요?','웹사이트의 환불 요청 양식을 작성해주세요',to_date('24/09/20','RR/MM/DD'),null);
Insert into ADMIN.TBL_FAQ (FAQ_ID,QUESTION,ANSWER,CATEGORY,CREATED_AT,UPDATED_AT) values (4,'배송','배송은 언제 시작되나요?', '상품이 결제된 후, 일반적으로 1-3일 이내에 배송이 시작됩니다. 배송 시작일은 주문 확인 메일에서 확인할 수 있습니다.',to_date('24/09/20','RR/MM/DD'),null);
Insert into ADMIN.TBL_FAQ (FAQ_ID,QUESTION,ANSWER,CATEGORY,CREATED_AT,UPDATED_AT) values (5,'계정','계정을 만들려면 어떻게 해야 하나요?', '계정은 웹사이트의 회원 가입 페이지에서 생성할 수 있습니다.',to_date('24/09/20','RR/MM/DD'),null);
Insert into ADMIN.TBL_FAQ (FAQ_ID,QUESTION,ANSWER,CATEGORY,CREATED_AT,UPDATED_AT) values (6,'쿠폰','쿠폰은 어떻게 사용할 수 있나요?', '쿠폰은 결제 페이지에서 쿠폰 코드 입력란에 코드를 입력하면 할인이 적용됩니다.',to_date('24/09/20','RR/MM/DD'),null);
Insert into ADMIN.TBL_FAQ (FAQ_ID,QUESTION,ANSWER,CATEGORY,CREATED_AT,UPDATED_AT) values (7,'고객센터','고객센터 연락처는 어떻게 되나요?', '고객센터 전화번호는 080-000-0000입니다.',to_date('24/09/20','RR/MM/DD'),null);
Insert into ADMIN.TBL_FAQ (FAQ_ID,QUESTION,ANSWER,CATEGORY,CREATED_AT,UPDATED_AT) values (8,'주문','주문을 취소하고 싶습니다. 어떻게 해야 하나요?', '주문 취소는 배송 전까지 가능하며, 고객센터를 통해 취소 요청을 하실 수 있습니다.', to_date('24/09/20','RR/MM/DD'),null);
Insert into ADMIN.TBL_FAQ (FAQ_ID,QUESTION,ANSWER,CATEGORY,CREATED_AT,UPDATED_AT) values (9,'혜택','현재 진행 중인 혜택이 있나요?', '현재 진행 중인 혜택에 대한 정보는 웹사이트의 혜택 페이지에서 확인할 수 있습니다.',to_date('24/09/20','RR/MM/DD'),null);
Insert into ADMIN.TBL_FAQ (FAQ_ID,QUESTION,ANSWER,CATEGORY,CREATED_AT,UPDATED_AT) values (10,'리뷰','상품 리뷰는 어떻게 작성하나요?', '상품 페이지에서 "리뷰 작성" 버튼을 클릭하고 리뷰를 작성하실 수 있습니다.',to_date('24/09/20','RR/MM/DD'),null);
Insert into ADMIN.TBL_FAQ (FAQ_ID,QUESTION,ANSWER,CATEGORY,CREATED_AT,UPDATED_AT) values (11,'문의','문의 내용은 수정할 수 있나요?', '문의 내용은 접수 후 수정할 수 없습니다. 만약 수정이 필요한 경우, 새로운 문의를 접수해 주세요.',to_date('24/09/20','RR/MM/DD'),null);
Insert into ADMIN.TBL_FAQ (FAQ_ID,QUESTION,ANSWER,CATEGORY,CREATED_AT,UPDATED_AT) values (12,'적립금','적립금을 어떻게 사용할 수 있나요?', '적립금은 결제 시에 사용 가능하며, 적립금 사용 옵션에서 선택하여 결제에 적용할 수 있습니다.',to_date('24/09/20','RR/MM/DD'),null);
REM INSERTING into ADMIN.TBL_INQUIRY
SET DEFINE OFF;
Insert into ADMIN.TBL_INQUIRY (INQUIRY_ID,CATEGORY,TITLE,MESSAGE,CREATED_AT,UPDATED_AT,USER_ID,ANSWER) values (6,'general','hello','hello',to_date('24/09/26','RR/MM/DD'),to_date('24/09/26','RR/MM/DD'),'asd','대기');
Insert into ADMIN.TBL_INQUIRY (INQUIRY_ID,CATEGORY,TITLE,MESSAGE,CREATED_AT,UPDATED_AT,USER_ID,ANSWER) values (7,'order','언제 오나요?','궁금',to_date('24/09/26','RR/MM/DD'),to_date('24/09/26','RR/MM/DD'),'user04','대기');
Insert into ADMIN.TBL_INQUIRY (INQUIRY_ID,CATEGORY,TITLE,MESSAGE,CREATED_AT,UPDATED_AT,USER_ID,ANSWER) values (13,'general','안녕하세요','hi',to_date('24/09/26','RR/MM/DD'),to_date('24/09/26','RR/MM/DD'),'user05','완료');
Insert into ADMIN.TBL_INQUIRY (INQUIRY_ID,CATEGORY,TITLE,MESSAGE,CREATED_AT,UPDATED_AT,USER_ID,ANSWER) values (14,'order','11','주문 번호 11에 대한 자세한 정보를 요청드립니다.',to_date('24/09/27','RR/MM/DD'),to_date('24/09/27','RR/MM/DD'),'user04','완료');
Insert into ADMIN.TBL_INQUIRY (INQUIRY_ID,CATEGORY,TITLE,MESSAGE,CREATED_AT,UPDATED_AT,USER_ID,ANSWER) values (25,'refund','환불 신청','상품에 문제가 있어 환불을 요청합니다.',to_date('24/10/10','RR/MM/DD'),null,'user16','완료');
Insert into ADMIN.TBL_INQUIRY (INQUIRY_ID,CATEGORY,TITLE,MESSAGE,CREATED_AT,UPDATED_AT,USER_ID,ANSWER) values (27,'general','안녕하세요',to_date('24/10/11','RR/MM/DD'),null,'admin','완료');
Insert into ADMIN.TBL_INQUIRY (INQUIRY_ID,CATEGORY,TITLE,MESSAGE,CREATED_AT,UPDATED_AT,USER_ID,ANSWER) values (8,'general','안녕하세요','서비스에 대한 문의입니다.',to_date('24/09/26','RR/MM/DD'),to_date('24/09/26','RR/MM/DD'),'user06','대기');
Insert into ADMIN.TBL_INQUIRY (INQUIRY_ID,CATEGORY,TITLE,MESSAGE,CREATED_AT,UPDATED_AT,USER_ID,ANSWER) values (9,'order','반품 요청','구매한 제품이 마음에 들지 않아 반품을 요청합니다.',to_date('24/09/26','RR/MM/DD'),to_date('24/09/26','RR/MM/DD'),'user01','대기');
Insert into ADMIN.TBL_INQUIRY (INQUIRY_ID,CATEGORY,TITLE,MESSAGE,CREATED_AT,UPDATED_AT,USER_ID,ANSWER) values (11,'order','결제 확인','결제가 정상적으로 처리되었는지 확인 부탁드립니다.',to_date('24/09/26','RR/MM/DD'),to_date('24/09/26','RR/MM/DD'),'user05','대기');
Insert into ADMIN.TBL_INQUIRY (INQUIRY_ID,CATEGORY,TITLE,MESSAGE,CREATED_AT,UPDATED_AT,USER_ID,ANSWER) values (12,'order','주문 상태','주문 상태를 확인하고 싶습니다.',to_date('24/09/26','RR/MM/DD'),to_date('24/09/26','RR/MM/DD'),'user02','대기');
Insert into ADMIN.TBL_INQUIRY (INQUIRY_ID,CATEGORY,TITLE,MESSAGE,CREATED_AT,UPDATED_AT,USER_ID,ANSWER) values (15,'general','hello','궁금한 점이 있어 문의드립니다',to_date('24/09/29','RR/MM/DD'),to_date('24/09/29','RR/MM/DD'),'user03','완료');
Insert into ADMIN.TBL_INQUIRY (INQUIRY_ID,CATEGORY,TITLE,MESSAGE,CREATED_AT,UPDATED_AT,USER_ID,ANSWER) values (1,'refund','교환 요청','상품에 문제가 있어 교환을 요청합니다.',to_date('24/09/25','RR/MM/DD'),to_date('24/09/25','RR/MM/DD'),'user04','대기');
Insert into ADMIN.TBL_INQUIRY (INQUIRY_ID,CATEGORY,TITLE,MESSAGE,CREATED_AT,UPDATED_AT,USER_ID,ANSWER) values (4,'order','언제 오나요?','예상 도착 시간을 알려주세요.'to_date('24/09/25','RR/MM/DD'),to_date('24/09/25','RR/MM/DD'),'user03','대기');
Insert into ADMIN.TBL_INQUIRY (INQUIRY_ID,CATEGORY,TITLE,MESSAGE,CREATED_AT,UPDATED_AT,USER_ID,ANSWER) values (5,'refund','교환 바람','상품에 불만이 있어 교환을 요청합니다. 가능한 빨리 처리해 주세요.',to_date('24/09/25','RR/MM/DD'),to_date('24/09/25','RR/MM/DD'),'asd','완료');
REM INSERTING into ADMIN.TBL_LIKES
SET DEFINE OFF;
Insert into ADMIN.TBL_LIKES (LIKEID,LIKEUSERID,TARGETID,TARGETTYPE,LIKEDATE) values (395,'user06',170,'게시글',to_date('24/10/05','RR/MM/DD'));
Insert into ADMIN.TBL_LIKES (LIKEID,LIKEUSERID,TARGETID,TARGETTYPE,LIKEDATE) values (397,'user06',172,'게시글',to_date('24/10/05','RR/MM/DD'));
Insert into ADMIN.TBL_LIKES (LIKEID,LIKEUSERID,TARGETID,TARGETTYPE,LIKEDATE) values (398,'user07',170,'게시글',to_date('24/10/05','RR/MM/DD'));
Insert into ADMIN.TBL_LIKES (LIKEID,LIKEUSERID,TARGETID,TARGETTYPE,LIKEDATE) values (401,'user07',200000217,'댓글',to_date('24/10/05','RR/MM/DD'));
Insert into ADMIN.TBL_LIKES (LIKEID,LIKEUSERID,TARGETID,TARGETTYPE,LIKEDATE) values (402,'user09',200000217,'댓글',to_date('24/10/05','RR/MM/DD'));
Insert into ADMIN.TBL_LIKES (LIKEID,LIKEUSERID,TARGETID,TARGETTYPE,LIKEDATE) values (404,'user12',200000217,'댓글',to_date('24/10/05','RR/MM/DD'));
Insert into ADMIN.TBL_LIKES (LIKEID,LIKEUSERID,TARGETID,TARGETTYPE,LIKEDATE) values (408,'user12',200000219,'댓글',to_date('24/10/05','RR/MM/DD'));
Insert into ADMIN.TBL_LIKES (LIKEID,LIKEUSERID,TARGETID,TARGETTYPE,LIKEDATE) values (440,'admin',200000304,'댓글',to_date('24/10/11','RR/MM/DD'));
Insert into ADMIN.TBL_LIKES (LIKEID,LIKEUSERID,TARGETID,TARGETTYPE,LIKEDATE) values (407,'user13',200000219,'댓글',to_date('24/10/05','RR/MM/DD'));
Insert into ADMIN.TBL_LIKES (LIKEID,LIKEUSERID,TARGETID,TARGETTYPE,LIKEDATE) values (415,'user11',200000223,'댓글',to_date('24/10/05','RR/MM/DD'));
Insert into ADMIN.TBL_LIKES (LIKEID,LIKEUSERID,TARGETID,TARGETTYPE,LIKEDATE) values (392,'user04',170,'게시글',to_date('24/10/05','RR/MM/DD'));
Insert into ADMIN.TBL_LIKES (LIKEID,LIKEUSERID,TARGETID,TARGETTYPE,LIKEDATE) values (393,'user05',171,'게시글',to_date('24/10/05','RR/MM/DD'));
Insert into ADMIN.TBL_LIKES (LIKEID,LIKEUSERID,TARGETID,TARGETTYPE,LIKEDATE) values (394,'user05',170,'게시글',to_date('24/10/05','RR/MM/DD'));
Insert into ADMIN.TBL_LIKES (LIKEID,LIKEUSERID,TARGETID,TARGETTYPE,LIKEDATE) values (396,'user06',171,'게시글',to_date('24/10/05','RR/MM/DD'));
Insert into ADMIN.TBL_LIKES (LIKEID,LIKEUSERID,TARGETID,TARGETTYPE,LIKEDATE) values (399,'user08',173,'게시글',to_date('24/10/05','RR/MM/DD'));
Insert into ADMIN.TBL_LIKES (LIKEID,LIKEUSERID,TARGETID,TARGETTYPE,LIKEDATE) values (400,'user08',200000217,'댓글',to_date('24/10/05','RR/MM/DD'));
Insert into ADMIN.TBL_LIKES (LIKEID,LIKEUSERID,TARGETID,TARGETTYPE,LIKEDATE) values (403,'user11',200000217,'댓글',to_date('24/10/05','RR/MM/DD'));
Insert into ADMIN.TBL_LIKES (LIKEID,LIKEUSERID,TARGETID,TARGETTYPE,LIKEDATE) values (413,'user08',200000223,'댓글',to_date('24/10/05','RR/MM/DD'));
Insert into ADMIN.TBL_LIKES (LIKEID,LIKEUSERID,TARGETID,TARGETTYPE,LIKEDATE) values (427,'user03',200000285,'댓글',to_date('24/10/07','RR/MM/DD'));
Insert into ADMIN.TBL_LIKES (LIKEID,LIKEUSERID,TARGETID,TARGETTYPE,LIKEDATE) values (429,'admin',171,'게시글',to_date('24/10/07','RR/MM/DD'));
Insert into ADMIN.TBL_LIKES (LIKEID,LIKEUSERID,TARGETID,TARGETTYPE,LIKEDATE) values (391,'admin',165,'게시글',to_date('24/10/04','RR/MM/DD'));
Insert into ADMIN.TBL_LIKES (LIKEID,LIKEUSERID,TARGETID,TARGETTYPE,LIKEDATE) values (423,'user08',184,'게시글',to_date('24/10/07','RR/MM/DD'));
Insert into ADMIN.TBL_LIKES (LIKEID,LIKEUSERID,TARGETID,TARGETTYPE,LIKEDATE) values (426,'user08',172,'게시글',to_date('24/10/07','RR/MM/DD'));
Insert into ADMIN.TBL_LIKES (LIKEID,LIKEUSERID,TARGETID,TARGETTYPE,LIKEDATE) values (421,'user08',200000252,'댓글',to_date('24/10/07','RR/MM/DD'));
Insert into ADMIN.TBL_LIKES (LIKEID,LIKEUSERID,TARGETID,TARGETTYPE,LIKEDATE) values (425,'user08',181,'게시글',to_date('24/10/07','RR/MM/DD'));
Insert into ADMIN.TBL_LIKES (LIKEID,LIKEUSERID,TARGETID,TARGETTYPE,LIKEDATE) values (435,'user16',160,'게시글',to_date('24/10/10','RR/MM/DD'));
Insert into ADMIN.TBL_LIKES (LIKEID,LIKEUSERID,TARGETID,TARGETTYPE,LIKEDATE) values (414,'user11',200000221,'댓글',to_date('24/10/05','RR/MM/DD'));
Insert into ADMIN.TBL_LIKES (LIKEID,LIKEUSERID,TARGETID,TARGETTYPE,LIKEDATE) values (416,'user12',200000224,'댓글',to_date('24/10/05','RR/MM/DD'));
Insert into ADMIN.TBL_LIKES (LIKEID,LIKEUSERID,TARGETID,TARGETTYPE,LIKEDATE) values (412,'user02',200000223,'댓글',to_date('24/10/05','RR/MM/DD'));
Insert into ADMIN.TBL_LIKES (LIKEID,LIKEUSERID,TARGETID,TARGETTYPE,LIKEDATE) values (417,'user08',200000222,'댓글',to_date('24/10/07','RR/MM/DD'));
Insert into ADMIN.TBL_LIKES (LIKEID,LIKEUSERID,TARGETID,TARGETTYPE,LIKEDATE) values (434,'user16',200000299,'댓글',to_date('24/10/10','RR/MM/DD'));
Insert into ADMIN.TBL_LIKES (LIKEID,LIKEUSERID,TARGETID,TARGETTYPE,LIKEDATE) values (409,'user03',200000221,'댓글',to_date('24/10/05','RR/MM/DD'));
Insert into ADMIN.TBL_LIKES (LIKEID,LIKEUSERID,TARGETID,TARGETTYPE,LIKEDATE) values (411,'user01',200000223,'댓글',to_date('24/10/05','RR/MM/DD'));
REM INSERTING into ADMIN.TBL_MESSAGE
SET DEFINE OFF;
Insert into ADMIN.TBL_MESSAGE (MESSAGEID,MESSAGESTUDYGROUPID,MESSAGEUSERID,MESSAGETYPE,MESSAGECREATEDDATE,MESSAGEISDELETED) values (1000000140,400000030,'admin',null,to_date('24/09/29','RR/MM/DD'),'N');
Insert into ADMIN.TBL_MESSAGE (MESSAGEID,MESSAGESTUDYGROUPID,MESSAGEUSERID,MESSAGETYPE,MESSAGECREATEDDATE,MESSAGEISDELETED) values (1000000143,400000030,'admin',null,to_date('24/09/29','RR/MM/DD'),'N');
Insert into ADMIN.TBL_MESSAGE (MESSAGEID,MESSAGESTUDYGROUPID,MESSAGEUSERID,MESSAGETYPE,MESSAGECREATEDDATE,MESSAGEISDELETED) values (1000000130,400000028,'admin',null,to_date('24/09/29','RR/MM/DD'),'N');
Insert into ADMIN.TBL_MESSAGE (MESSAGEID,MESSAGESTUDYGROUPID,MESSAGEUSERID,MESSAGETYPE,MESSAGECREATEDDATE,MESSAGEISDELETED) values (1000000147,400000030,'user03',null,to_date('24/09/29','RR/MM/DD'),'N');
Insert into ADMIN.TBL_MESSAGE (MESSAGEID,MESSAGESTUDYGROUPID,MESSAGEUSERID,MESSAGETYPE,MESSAGECREATEDDATE,MESSAGEISDELETED) values (1000000261,400000157,'user04',null,to_date('24/10/05','RR/MM/DD'),'N');
Insert into ADMIN.TBL_MESSAGE (MESSAGEID,MESSAGESTUDYGROUPID,MESSAGEUSERID,MESSAGETYPE,MESSAGECREATEDDATE,MESSAGEISDELETED) values (1000000242,400000072,'user01',null,to_date('24/10/04','RR/MM/DD'),'N');
Insert into ADMIN.TBL_MESSAGE (MESSAGEID,MESSAGESTUDYGROUPID,MESSAGEUSERID,MESSAGETYPE,MESSAGECREATEDDATE,MESSAGEISDELETED) values (1000000243,400000072,'user01',null,to_date('24/10/04','RR/MM/DD'),'N');
Insert into ADMIN.TBL_MESSAGE (MESSAGEID,MESSAGESTUDYGROUPID,MESSAGEUSERID,MESSAGETYPE,MESSAGECREATEDDATE,MESSAGEISDELETED) values (1000000299,400000157,'NOTICE',null,to_date('24/10/05','RR/MM/DD'),'N');
Insert into ADMIN.TBL_MESSAGE (MESSAGEID,MESSAGESTUDYGROUPID,MESSAGEUSERID,MESSAGETYPE,MESSAGECREATEDDATE,MESSAGEISDELETED) values (1000000300,400000157,'NOTICE',null,to_date('24/10/05','RR/MM/DD'),'N');
Insert into ADMIN.TBL_MESSAGE (MESSAGEID,MESSAGESTUDYGROUPID,MESSAGEUSERID,MESSAGETYPE,MESSAGECREATEDDATE,MESSAGEISDELETED) values (1000000313,400000157,'NOTICE',null,to_date('24/10/05','RR/MM/DD'),'N');
Insert into ADMIN.TBL_MESSAGE (MESSAGEID,MESSAGESTUDYGROUPID,MESSAGEUSERID,MESSAGETYPE,MESSAGECREATEDDATE,MESSAGEISDELETED) values (1000000295,400000157,'user04',null,to_date('24/10/05','RR/MM/DD'),'N');
Insert into ADMIN.TBL_MESSAGE (MESSAGEID,MESSAGESTUDYGROUPID,MESSAGEUSERID,MESSAGETYPE,MESSAGECREATEDDATE,MESSAGEISDELETED) values (1000000316,400000157,'NOTICE',null,to_date('24/10/05','RR/MM/DD'),'N');
Insert into ADMIN.TBL_MESSAGE (MESSAGEID,MESSAGESTUDYGROUPID,MESSAGEUSERID,MESSAGETYPE,MESSAGECREATEDDATE,MESSAGEISDELETED) values (1000000307,400000157,'user04',null,to_date('24/10/05','RR/MM/DD'),'N');
Insert into ADMIN.TBL_MESSAGE (MESSAGEID,MESSAGESTUDYGROUPID,MESSAGEUSERID,MESSAGETYPE,MESSAGECREATEDDATE,MESSAGEISDELETED) values (1000000315,400000157,'NOTICE',null,to_date('24/10/05','RR/MM/DD'),'N');
Insert into ADMIN.TBL_MESSAGE (MESSAGEID,MESSAGESTUDYGROUPID,MESSAGEUSERID,MESSAGETYPE,MESSAGECREATEDDATE,MESSAGEISDELETED) values (1000000317,400000157,'user06',null,to_date('24/10/05','RR/MM/DD'),'N');
Insert into ADMIN.TBL_MESSAGE (MESSAGEID,MESSAGESTUDYGROUPID,MESSAGEUSERID,MESSAGETYPE,MESSAGECREATEDDATE,MESSAGEISDELETED) values (1000000318,400000157,'user07',null,to_date('24/10/05','RR/MM/DD'),'N');
Insert into ADMIN.TBL_MESSAGE (MESSAGEID,MESSAGESTUDYGROUPID,MESSAGEUSERID,MESSAGETYPE,MESSAGECREATEDDATE,MESSAGEISDELETED) values (1000000322,400000157,'user03',null,to_date('24/10/05','RR/MM/DD'),'N');
Insert into ADMIN.TBL_MESSAGE (MESSAGEID,MESSAGESTUDYGROUPID,MESSAGEUSERID,MESSAGETYPE,MESSAGECREATEDDATE,MESSAGEISDELETED) values (1000000323,400000157,'user03',null,to_date('24/10/05','RR/MM/DD'),'N');
Insert into ADMIN.TBL_MESSAGE (MESSAGEID,MESSAGESTUDYGROUPID,MESSAGEUSERID,MESSAGETYPE,MESSAGECREATEDDATE,MESSAGEISDELETED) values (1000000326,400000155,'NOTICE',null,to_date('24/10/05','RR/MM/DD'),'N');
Insert into ADMIN.TBL_MESSAGE (MESSAGEID,MESSAGESTUDYGROUPID,MESSAGEUSERID,MESSAGETYPE,MESSAGECREATEDDATE,MESSAGEISDELETED) values (1000000342,400000157,'user01',null,to_date('24/10/06','RR/MM/DD'),'N');
Insert into ADMIN.TBL_MESSAGE (MESSAGEID,MESSAGESTUDYGROUPID,MESSAGEUSERID,MESSAGETYPE,MESSAGECREATEDDATE,MESSAGEISDELETED) values (1000000380,400000215,'user03',null,to_date('24/10/08','RR/MM/DD'),'N');
Insert into ADMIN.TBL_MESSAGE (MESSAGEID,MESSAGESTUDYGROUPID,MESSAGEUSERID,MESSAGETYPE,MESSAGECREATEDDATE,MESSAGEISDELETED) values (1000000400,400000173,'NOTICE',null,to_date('24/10/11','RR/MM/DD'),'N');
Insert into ADMIN.TBL_MESSAGE (MESSAGEID,MESSAGESTUDYGROUPID,MESSAGEUSERID,MESSAGETYPE,MESSAGECREATEDDATE,MESSAGEISDELETED) values (1000000406,400000157,'NOTICE',null,to_date('24/10/11','RR/MM/DD'),'N');
Insert into ADMIN.TBL_MESSAGE (MESSAGEID,MESSAGESTUDYGROUPID,MESSAGEUSERID,MESSAGETYPE,MESSAGECREATEDDATE,MESSAGEISDELETED) values (1000000408,400000157,'admin',null,to_date('24/10/11','RR/MM/DD'),'N');
Insert into ADMIN.TBL_MESSAGE (MESSAGEID,MESSAGESTUDYGROUPID,MESSAGEUSERID,MESSAGETYPE,MESSAGECREATEDDATE,MESSAGEISDELETED) values (1000000003,400000028,'admin',null,to_date('24/09/28','RR/MM/DD'),'N');
Insert into ADMIN.TBL_MESSAGE (MESSAGEID,MESSAGESTUDYGROUPID,MESSAGEUSERID,MESSAGETYPE,MESSAGECREATEDDATE,MESSAGEISDELETED) values (1000000004,400000028,'admin',null,to_date('24/09/28','RR/MM/DD'),'N');
Insert into ADMIN.TBL_MESSAGE (MESSAGEID,MESSAGESTUDYGROUPID,MESSAGEUSERID,MESSAGETYPE,MESSAGECREATEDDATE,MESSAGEISDELETED) values (1000000022,400000028,'admin',null,to_date('24/09/28','RR/MM/DD'),'N');
Insert into ADMIN.TBL_MESSAGE (MESSAGEID,MESSAGESTUDYGROUPID,MESSAGEUSERID,MESSAGETYPE,MESSAGECREATEDDATE,MESSAGEISDELETED) values (1000000024,400000028,'admin',null,to_date('24/09/28','RR/MM/DD'),'N');
Insert into ADMIN.TBL_MESSAGE (MESSAGEID,MESSAGESTUDYGROUPID,MESSAGEUSERID,MESSAGETYPE,MESSAGECREATEDDATE,MESSAGEISDELETED) values (1000000025,400000028,'admin',null,to_date('24/09/28','RR/MM/DD'),'N');
Insert into ADMIN.TBL_MESSAGE (MESSAGEID,MESSAGESTUDYGROUPID,MESSAGEUSERID,MESSAGETYPE,MESSAGECREATEDDATE,MESSAGEISDELETED) values (1000000026,400000028,'admin',null,to_date('24/09/28','RR/MM/DD'),'N');
Insert into ADMIN.TBL_MESSAGE (MESSAGEID,MESSAGESTUDYGROUPID,MESSAGEUSERID,MESSAGETYPE,MESSAGECREATEDDATE,MESSAGEISDELETED) values (1000000246,400000072,'user01',null,to_date('24/10/04','RR/MM/DD'),'N');
Insert into ADMIN.TBL_MESSAGE (MESSAGEID,MESSAGESTUDYGROUPID,MESSAGEUSERID,MESSAGETYPE,MESSAGECREATEDDATE,MESSAGEISDELETED) values (1000000076,400000028,'user02',null,to_date('24/09/28','RR/MM/DD'),'N');
Insert into ADMIN.TBL_MESSAGE (MESSAGEID,MESSAGESTUDYGROUPID,MESSAGEUSERID,MESSAGETYPE,MESSAGECREATEDDATE,MESSAGEISDELETED) values (1000000078,400000028,'user02',null,to_date('24/09/28','RR/MM/DD'),'N');
Insert into ADMIN.TBL_MESSAGE (MESSAGEID,MESSAGESTUDYGROUPID,MESSAGEUSERID,MESSAGETYPE,MESSAGECREATEDDATE,MESSAGEISDELETED) values (1000000079,400000028,'user01',null,to_date('24/09/28','RR/MM/DD'),'N');
Insert into ADMIN.TBL_MESSAGE (MESSAGEID,MESSAGESTUDYGROUPID,MESSAGEUSERID,MESSAGETYPE,MESSAGECREATEDDATE,MESSAGEISDELETED) values (1000000247,400000072,'user01',null,to_date('24/10/04','RR/MM/DD'),'N');
Insert into ADMIN.TBL_MESSAGE (MESSAGEID,MESSAGESTUDYGROUPID,MESSAGEUSERID,MESSAGETYPE,MESSAGECREATEDDATE,MESSAGEISDELETED) values (1000000037,400000028,'user01',null,to_date('24/09/28','RR/MM/DD'),'N');
Insert into ADMIN.TBL_MESSAGE (MESSAGEID,MESSAGESTUDYGROUPID,MESSAGEUSERID,MESSAGETYPE,MESSAGECREATEDDATE,MESSAGEISDELETED) values (1000000038,400000028,'user01',null,to_date('24/09/28','RR/MM/DD'),'N');
Insert into ADMIN.TBL_MESSAGE (MESSAGEID,MESSAGESTUDYGROUPID,MESSAGEUSERID,MESSAGETYPE,MESSAGECREATEDDATE,MESSAGEISDELETED) values (1000000146,400000030,'user03',null,to_date('24/09/29','RR/MM/DD'),'N');
Insert into ADMIN.TBL_MESSAGE (MESSAGEID,MESSAGESTUDYGROUPID,MESSAGEUSERID,MESSAGETYPE,MESSAGECREATEDDATE,MESSAGEISDELETED) values (1000000150,400000030,'user03',null,to_date('24/09/29','RR/MM/DD'),'N');
Insert into ADMIN.TBL_MESSAGE (MESSAGEID,MESSAGESTUDYGROUPID,MESSAGEUSERID,MESSAGETYPE,MESSAGECREATEDDATE,MESSAGEISDELETED) values (1000000248,400000072,'user01',null,to_date('24/10/04','RR/MM/DD'),'N');
Insert into ADMIN.TBL_MESSAGE (MESSAGEID,MESSAGESTUDYGROUPID,MESSAGEUSERID,MESSAGETYPE,MESSAGECREATEDDATE,MESSAGEISDELETED) values (1000000249,400000072,'user01',null,to_date('24/10/04','RR/MM/DD'),'N');
Insert into ADMIN.TBL_MESSAGE (MESSAGEID,MESSAGESTUDYGROUPID,MESSAGEUSERID,MESSAGETYPE,MESSAGECREATEDDATE,MESSAGEISDELETED) values (1000000294,400000157,'NOTICE',null,to_date('24/10/05','RR/MM/DD'),'N');
Insert into ADMIN.TBL_MESSAGE (MESSAGEID,MESSAGESTUDYGROUPID,MESSAGEUSERID,MESSAGETYPE,MESSAGECREATEDDATE,MESSAGEISDELETED) values (1000000260,400000155,'user03',null,to_date('24/10/05','RR/MM/DD'),'N');
Insert into ADMIN.TBL_MESSAGE (MESSAGEID,MESSAGESTUDYGROUPID,MESSAGEUSERID,MESSAGETYPE,MESSAGECREATEDDATE,MESSAGEISDELETED) values (1000000173,400000030,'user03',null,to_date('24/09/30','RR/MM/DD'),'N');
Insert into ADMIN.TBL_MESSAGE (MESSAGEID,MESSAGESTUDYGROUPID,MESSAGEUSERID,MESSAGETYPE,MESSAGECREATEDDATE,MESSAGEISDELETED) values (1000000298,400000157,'NOTICE',null,to_date('24/10/05','RR/MM/DD'),'N');
Insert into ADMIN.TBL_MESSAGE (MESSAGEID,MESSAGESTUDYGROUPID,MESSAGEUSERID,MESSAGETYPE,MESSAGECREATEDDATE,MESSAGEISDELETED) values (1000000312,400000157,'NOTICE',null,to_date('24/10/05','RR/MM/DD'),'N');
Insert into ADMIN.TBL_MESSAGE (MESSAGEID,MESSAGESTUDYGROUPID,MESSAGEUSERID,MESSAGETYPE,MESSAGECREATEDDATE,MESSAGEISDELETED) values (1000000291,400000157,'NOTICE',null,to_date('24/10/05','RR/MM/DD'),'N');
Insert into ADMIN.TBL_MESSAGE (MESSAGEID,MESSAGESTUDYGROUPID,MESSAGEUSERID,MESSAGETYPE,MESSAGECREATEDDATE,MESSAGEISDELETED) values (1000000292,400000157,'user07',null,to_date('24/10/05','RR/MM/DD'),'N');
Insert into ADMIN.TBL_MESSAGE (MESSAGEID,MESSAGESTUDYGROUPID,MESSAGEUSERID,MESSAGETYPE,MESSAGECREATEDDATE,MESSAGEISDELETED) values (1000000320,400000157,'user03',null,to_date('24/10/05','RR/MM/DD'),'N');
Insert into ADMIN.TBL_MESSAGE (MESSAGEID,MESSAGESTUDYGROUPID,MESSAGEUSERID,MESSAGETYPE,MESSAGECREATEDDATE,MESSAGEISDELETED) values (1000000324,400000157,'NOTICE',null,to_date('24/10/05','RR/MM/DD'),'N');
Insert into ADMIN.TBL_MESSAGE (MESSAGEID,MESSAGESTUDYGROUPID,MESSAGEUSERID,MESSAGETYPE,MESSAGECREATEDDATE,MESSAGEISDELETED) values (1000000388,400000215,'user03',null,to_date('24/10/08','RR/MM/DD'),'N');
Insert into ADMIN.TBL_MESSAGE (MESSAGEID,MESSAGESTUDYGROUPID,MESSAGEUSERID,MESSAGETYPE,MESSAGECREATEDDATE,MESSAGEISDELETED) values (1000000393,400000215,'user03',null,to_date('24/10/08','RR/MM/DD'),'N');
Insert into ADMIN.TBL_MESSAGE (MESSAGEID,MESSAGESTUDYGROUPID,MESSAGEUSERID,MESSAGETYPE,MESSAGECREATEDDATE,MESSAGEISDELETED) values (1000000385,400000215,'user03',null,to_date('24/10/08','RR/MM/DD'),'N');
Insert into ADMIN.TBL_MESSAGE (MESSAGEID,MESSAGESTUDYGROUPID,MESSAGEUSERID,MESSAGETYPE,MESSAGECREATEDDATE,MESSAGEISDELETED) values (1000000394,400000215,'user03',null,to_date('24/10/08','RR/MM/DD'),'N');
Insert into ADMIN.TBL_MESSAGE (MESSAGEID,MESSAGESTUDYGROUPID,MESSAGEUSERID,MESSAGETYPE,MESSAGECREATEDDATE,MESSAGEISDELETED) values (1000000403,400000154,'NOTICE',null,to_date('24/10/11','RR/MM/DD'),'N');
Insert into ADMIN.TBL_MESSAGE (MESSAGEID,MESSAGESTUDYGROUPID,MESSAGEUSERID,MESSAGETYPE,MESSAGECREATEDDATE,MESSAGEISDELETED) values (1000000401,400000157,'user03',null,to_date('24/10/11','RR/MM/DD'),'N');
Insert into ADMIN.TBL_MESSAGE (MESSAGEID,MESSAGESTUDYGROUPID,MESSAGEUSERID,MESSAGETYPE,MESSAGECREATEDDATE,MESSAGEISDELETED) values (1000000402,400000157,'NOTICE',null,to_date('24/10/11','RR/MM/DD'),'N');
Insert into ADMIN.TBL_MESSAGE (MESSAGEID,MESSAGESTUDYGROUPID,MESSAGEUSERID,MESSAGETYPE,MESSAGECREATEDDATE,MESSAGEISDELETED) values (1000000405,400000157,'NOTICE',null,to_date('24/10/11','RR/MM/DD'),'N');
Insert into ADMIN.TBL_MESSAGE (MESSAGEID,MESSAGESTUDYGROUPID,MESSAGEUSERID,MESSAGETYPE,MESSAGECREATEDDATE,MESSAGEISDELETED) values (1000000131,400000030,'admin',null,to_date('24/09/29','RR/MM/DD'),'N');
Insert into ADMIN.TBL_MESSAGE (MESSAGEID,MESSAGESTUDYGROUPID,MESSAGEUSERID,MESSAGETYPE,MESSAGECREATEDDATE,MESSAGEISDELETED) values (1000000159,400000028,'admin',null,to_date('24/09/30','RR/MM/DD'),'N');
Insert into ADMIN.TBL_MESSAGE (MESSAGEID,MESSAGESTUDYGROUPID,MESSAGEUSERID,MESSAGETYPE,MESSAGECREATEDDATE,MESSAGEISDELETED) values (1000000144,400000030,'admin',null,to_date('24/09/29','RR/MM/DD'),'N');
Insert into ADMIN.TBL_MESSAGE (MESSAGEID,MESSAGESTUDYGROUPID,MESSAGEUSERID,MESSAGETYPE,MESSAGECREATEDDATE,MESSAGEISDELETED) values (1000000160,400000043,'admin',null,to_date('24/09/30','RR/MM/DD'),'N');
Insert into ADMIN.TBL_MESSAGE (MESSAGEID,MESSAGESTUDYGROUPID,MESSAGEUSERID,MESSAGETYPE,MESSAGECREATEDDATE,MESSAGEISDELETED) values (1000000258,400000063,'user01',null,to_date('24/10/04','RR/MM/DD'),'N');
Insert into ADMIN.TBL_MESSAGE (MESSAGEID,MESSAGESTUDYGROUPID,MESSAGEUSERID,MESSAGETYPE,MESSAGECREATEDDATE,MESSAGEISDELETED) values (1000000244,400000072,'user02',null,to_date('24/10/04','RR/MM/DD'),'N');
Insert into ADMIN.TBL_MESSAGE (MESSAGEID,MESSAGESTUDYGROUPID,MESSAGEUSERID,MESSAGETYPE,MESSAGECREATEDDATE,MESSAGEISDELETED) values (1000000245,400000072,'user02',null,to_date('24/10/04','RR/MM/DD'),'N');
Insert into ADMIN.TBL_MESSAGE (MESSAGEID,MESSAGESTUDYGROUPID,MESSAGEUSERID,MESSAGETYPE,MESSAGECREATEDDATE,MESSAGEISDELETED) values (1000000262,400000157,'user04',null,to_date('24/10/05','RR/MM/DD'),'N');
Insert into ADMIN.TBL_MESSAGE (MESSAGEID,MESSAGESTUDYGROUPID,MESSAGEUSERID,MESSAGETYPE,MESSAGECREATEDDATE,MESSAGEISDELETED) values (1000000365,400000157,'NOTICE',null,to_date('24/10/07','RR/MM/DD'),'N');
Insert into ADMIN.TBL_MESSAGE (MESSAGEID,MESSAGESTUDYGROUPID,MESSAGEUSERID,MESSAGETYPE,MESSAGECREATEDDATE,MESSAGEISDELETED) values (1000000381,400000215,'user03',null,to_date('24/10/08','RR/MM/DD'),'N');
Insert into ADMIN.TBL_MESSAGE (MESSAGEID,MESSAGESTUDYGROUPID,MESSAGEUSERID,MESSAGETYPE,MESSAGECREATEDDATE,MESSAGEISDELETED) values (1000000383,400000215,'user03',null,to_date('24/10/08','RR/MM/DD'),'N');
Insert into ADMIN.TBL_MESSAGE (MESSAGEID,MESSAGESTUDYGROUPID,MESSAGEUSERID,MESSAGETYPE,MESSAGECREATEDDATE,MESSAGEISDELETED) values (1000000302,400000157,'user11',null,to_date('24/10/05','RR/MM/DD'),'N');
Insert into ADMIN.TBL_MESSAGE (MESSAGEID,MESSAGESTUDYGROUPID,MESSAGEUSERID,MESSAGETYPE,MESSAGECREATEDDATE,MESSAGEISDELETED) values (1000000341,400000157,'user01',null,to_date('24/10/06','RR/MM/DD'),'N');
Insert into ADMIN.TBL_MESSAGE (MESSAGEID,MESSAGESTUDYGROUPID,MESSAGEUSERID,MESSAGETYPE,MESSAGECREATEDDATE,MESSAGEISDELETED) values (1000000395,400000157,'user03',null,to_date('24/10/08','RR/MM/DD'),'N');
Insert into ADMIN.TBL_MESSAGE (MESSAGEID,MESSAGESTUDYGROUPID,MESSAGEUSERID,MESSAGETYPE,MESSAGECREATEDDATE,MESSAGEISDELETED) values (1000000407,400000157,'admin',null,to_date('24/10/11','RR/MM/DD'),'N');
Insert into ADMIN.TBL_MESSAGE (MESSAGEID,MESSAGESTUDYGROUPID,MESSAGEUSERID,MESSAGETYPE,MESSAGECREATEDDATE,MESSAGEISDELETED) values (1000000240,400000030,'admin',null,to_date('24/10/04','RR/MM/DD'),'N');
Insert into ADMIN.TBL_MESSAGE (MESSAGEID,MESSAGESTUDYGROUPID,MESSAGEUSERID,MESSAGETYPE,MESSAGECREATEDDATE,MESSAGEISDELETED) values (1000000304,400000157,'user11',null,to_date('24/10/05','RR/MM/DD'),'N');
Insert into ADMIN.TBL_MESSAGE (MESSAGEID,MESSAGESTUDYGROUPID,MESSAGEUSERID,MESSAGETYPE,MESSAGECREATEDDATE,MESSAGEISDELETED) values (1000000305,400000157,'user11',null,to_date('24/10/05','RR/MM/DD'),'N');
Insert into ADMIN.TBL_MESSAGE (MESSAGEID,MESSAGESTUDYGROUPID,MESSAGEUSERID,MESSAGETYPE,MESSAGECREATEDDATE,MESSAGEISDELETED) values (1000000384,400000215,'user03',null,to_date('24/10/08','RR/MM/DD'),'N');
Insert into ADMIN.TBL_MESSAGE (MESSAGEID,MESSAGESTUDYGROUPID,MESSAGEUSERID,MESSAGETYPE,MESSAGECREATEDDATE,MESSAGEISDELETED) values (1000000361,400000153,'admin',null,to_date('24/10/07','RR/MM/DD'),'N');
Insert into ADMIN.TBL_MESSAGE (MESSAGEID,MESSAGESTUDYGROUPID,MESSAGEUSERID,MESSAGETYPE,MESSAGECREATEDDATE,MESSAGEISDELETED) values (1000000386,400000215,'user03',null,to_date('24/10/08','RR/MM/DD'),'N');
Insert into ADMIN.TBL_MESSAGE (MESSAGEID,MESSAGESTUDYGROUPID,MESSAGEUSERID,MESSAGETYPE,MESSAGECREATEDDATE,MESSAGEISDELETED) values (1000000391,400000215,'user03',null,to_date('24/10/08','RR/MM/DD'),'N');
Insert into ADMIN.TBL_MESSAGE (MESSAGEID,MESSAGESTUDYGROUPID,MESSAGEUSERID,MESSAGETYPE,MESSAGECREATEDDATE,MESSAGEISDELETED) values (1000000392,400000215,'user03',null,to_date('24/10/08','RR/MM/DD'),'N');
Insert into ADMIN.TBL_MESSAGE (MESSAGEID,MESSAGESTUDYGROUPID,MESSAGEUSERID,MESSAGETYPE,MESSAGECREATEDDATE,MESSAGEISDELETED) values (1000000293,400000157,'NOTICE',null,to_date('24/10/05','RR/MM/DD'),'N');
Insert into ADMIN.TBL_MESSAGE (MESSAGEID,MESSAGESTUDYGROUPID,MESSAGEUSERID,MESSAGETYPE,MESSAGECREATEDDATE,MESSAGEISDELETED) values (1000000404,400000157,'admin',null,to_date('24/10/11','RR/MM/DD'),'N');
Insert into ADMIN.TBL_MESSAGE (MESSAGEID,MESSAGESTUDYGROUPID,MESSAGEUSERID,MESSAGETYPE,MESSAGECREATEDDATE,MESSAGEISDELETED) values (1000000002,1,'test_user','INFO',to_date('24/09/28','RR/MM/DD'),'N');
Insert into ADMIN.TBL_MESSAGE (MESSAGEID,MESSAGESTUDYGROUPID,MESSAGEUSERID,MESSAGETYPE,MESSAGECREATEDDATE,MESSAGEISDELETED) values (1000000001,2,'1002','text',to_date('24/09/28','RR/MM/DD'),'N');
Insert into ADMIN.TBL_MESSAGE (MESSAGEID,MESSAGESTUDYGROUPID,MESSAGEUSERID,MESSAGETYPE,MESSAGECREATEDDATE,MESSAGEISDELETED) values (1000000020,1,'test_user','INFO',to_date('24/09/28','RR/MM/DD'),'N');
Insert into ADMIN.TBL_MESSAGE (MESSAGEID,MESSAGESTUDYGROUPID,MESSAGEUSERID,MESSAGETYPE,MESSAGECREATEDDATE,MESSAGEISDELETED) values (1000000021,1,'TEST_USER',null,to_date('24/09/28','RR/MM/DD'),'N');
Insert into ADMIN.TBL_MESSAGE (MESSAGEID,MESSAGESTUDYGROUPID,MESSAGEUSERID,MESSAGETYPE,MESSAGECREATEDDATE,MESSAGEISDELETED) values (1000000023,400000028,'admin',null,to_date('24/09/28','RR/MM/DD'),'N');
Insert into ADMIN.TBL_MESSAGE (MESSAGEID,MESSAGESTUDYGROUPID,MESSAGEUSERID,MESSAGETYPE,MESSAGECREATEDDATE,MESSAGEISDELETED) values (1000000027,400000028,'admin',null,to_date('24/09/28','RR/MM/DD'),'N');
Insert into ADMIN.TBL_MESSAGE (MESSAGEID,MESSAGESTUDYGROUPID,MESSAGEUSERID,MESSAGETYPE,MESSAGECREATEDDATE,MESSAGEISDELETED) values (1000000028,400000028,'admin',null,to_date('24/09/28','RR/MM/DD'),'N');
Insert into ADMIN.TBL_MESSAGE (MESSAGEID,MESSAGESTUDYGROUPID,MESSAGEUSERID,MESSAGETYPE,MESSAGECREATEDDATE,MESSAGEISDELETED) values (1000000060,400000028,'admin',null,to_date('24/09/28','RR/MM/DD'),'N');
Insert into ADMIN.TBL_MESSAGE (MESSAGEID,MESSAGESTUDYGROUPID,MESSAGEUSERID,MESSAGETYPE,MESSAGECREATEDDATE,MESSAGEISDELETED) values (1000000061,400000028,null,null,to_date('24/09/28','RR/MM/DD'),'N');
Insert into ADMIN.TBL_MESSAGE (MESSAGEID,MESSAGESTUDYGROUPID,MESSAGEUSERID,MESSAGETYPE,MESSAGECREATEDDATE,MESSAGEISDELETED) values (1000000062,400000028,'admin',null,to_date('24/09/28','RR/MM/DD'),'N');
Insert into ADMIN.TBL_MESSAGE (MESSAGEID,MESSAGESTUDYGROUPID,MESSAGEUSERID,MESSAGETYPE,MESSAGECREATEDDATE,MESSAGEISDELETED) values (1000000063,400000028,'admin',null,to_date('24/09/28','RR/MM/DD'),'N');
Insert into ADMIN.TBL_MESSAGE (MESSAGEID,MESSAGESTUDYGROUPID,MESSAGEUSERID,MESSAGETYPE,MESSAGECREATEDDATE,MESSAGEISDELETED) values (1000000064,400000028,null,null,to_date('24/09/28','RR/MM/DD'),'N');
Insert into ADMIN.TBL_MESSAGE (MESSAGEID,MESSAGESTUDYGROUPID,MESSAGEUSERID,MESSAGETYPE,MESSAGECREATEDDATE,MESSAGEISDELETED) values (1000000151,400000030,'user03',null,to_date('24/09/29','RR/MM/DD'),'N');
Insert into ADMIN.TBL_MESSAGE (MESSAGEID,MESSAGESTUDYGROUPID,MESSAGEUSERID,MESSAGETYPE,MESSAGECREATEDDATE,MESSAGEISDELETED) values (1000000241,400000030,'admin',null,to_date('24/10/04','RR/MM/DD'),'N');
Insert into ADMIN.TBL_MESSAGE (MESSAGEID,MESSAGESTUDYGROUPID,MESSAGEUSERID,MESSAGETYPE,MESSAGECREATEDDATE,MESSAGEISDELETED) values (1000000148,400000030,'user03',null,to_date('24/09/29','RR/MM/DD'),'N');
Insert into ADMIN.TBL_MESSAGE (MESSAGEID,MESSAGESTUDYGROUPID,MESSAGEUSERID,MESSAGETYPE,MESSAGECREATEDDATE,MESSAGEISDELETED) values (1000000149,400000030,'user03',null,to_date('24/09/29','RR/MM/DD'),'N');
Insert into ADMIN.TBL_MESSAGE (MESSAGEID,MESSAGESTUDYGROUPID,MESSAGEUSERID,MESSAGETYPE,MESSAGECREATEDDATE,MESSAGEISDELETED) values (1000000152,400000030,'user03',null,to_date('24/09/29','RR/MM/DD'),'N');
Insert into ADMIN.TBL_MESSAGE (MESSAGEID,MESSAGESTUDYGROUPID,MESSAGEUSERID,MESSAGETYPE,MESSAGECREATEDDATE,MESSAGEISDELETED) values (1000000075,400000028,'user01',null,to_date('24/09/28','RR/MM/DD'),'N');
Insert into ADMIN.TBL_MESSAGE (MESSAGEID,MESSAGESTUDYGROUPID,MESSAGEUSERID,MESSAGETYPE,MESSAGECREATEDDATE,MESSAGEISDELETED) values (1000000153,400000030,'user03',null,to_date('24/09/29','RR/MM/DD'),'N');
Insert into ADMIN.TBL_MESSAGE (MESSAGEID,MESSAGESTUDYGROUPID,MESSAGEUSERID,MESSAGETYPE,MESSAGECREATEDDATE,MESSAGEISDELETED) values (1000000154,400000030,'user03',null,to_date('24/09/29','RR/MM/DD'),'N');
Insert into ADMIN.TBL_MESSAGE (MESSAGEID,MESSAGESTUDYGROUPID,MESSAGEUSERID,MESSAGETYPE,MESSAGECREATEDDATE,MESSAGEISDELETED) values (1000000155,400000030,'user03',null,to_date('24/09/29','RR/MM/DD'),'N');
Insert into ADMIN.TBL_MESSAGE (MESSAGEID,MESSAGESTUDYGROUPID,MESSAGEUSERID,MESSAGETYPE,MESSAGECREATEDDATE,MESSAGEISDELETED) values (1000000314,400000157,'NOTICE',null,to_date('24/10/05','RR/MM/DD'),'N');
Insert into ADMIN.TBL_MESSAGE (MESSAGEID,MESSAGESTUDYGROUPID,MESSAGEUSERID,MESSAGETYPE,MESSAGECREATEDDATE,MESSAGEISDELETED) values (1000000319,400000157,'user09',null,to_date('24/10/05','RR/MM/DD'),'N');
Insert into ADMIN.TBL_MESSAGE (MESSAGEID,MESSAGESTUDYGROUPID,MESSAGEUSERID,MESSAGETYPE,MESSAGECREATEDDATE,MESSAGEISDELETED) values (1000000399,400000174,'NOTICE',null,to_date('24/10/10','RR/MM/DD'),'N');
Insert into ADMIN.TBL_MESSAGE (MESSAGEID,MESSAGESTUDYGROUPID,MESSAGEUSERID,MESSAGETYPE,MESSAGECREATEDDATE,MESSAGEISDELETED) values (1000000231,400000030,'admin',null,to_date('24/10/03','RR/MM/DD'),'N');
Insert into ADMIN.TBL_MESSAGE (MESSAGEID,MESSAGESTUDYGROUPID,MESSAGEUSERID,MESSAGETYPE,MESSAGECREATEDDATE,MESSAGEISDELETED) values (1000000325,400000157,'NOTICE',null,to_date('24/10/05','RR/MM/DD'),'N');
Insert into ADMIN.TBL_MESSAGE (MESSAGEID,MESSAGESTUDYGROUPID,MESSAGEUSERID,MESSAGETYPE,MESSAGECREATEDDATE,MESSAGEISDELETED) values (1000000340,400000153,'NOTICE',null,to_date('24/10/06','RR/MM/DD'),'N');
Insert into ADMIN.TBL_MESSAGE (MESSAGEID,MESSAGESTUDYGROUPID,MESSAGEUSERID,MESSAGETYPE,MESSAGECREATEDDATE,MESSAGEISDELETED) values (1000000382,400000215,'user03',null,to_date('24/10/08','RR/MM/DD'),'N');
Insert into ADMIN.TBL_MESSAGE (MESSAGEID,MESSAGESTUDYGROUPID,MESSAGEUSERID,MESSAGETYPE,MESSAGECREATEDDATE,MESSAGEISDELETED) values (1000000387,400000215,'user03',null,to_date('24/10/08','RR/MM/DD'),'N');
Insert into ADMIN.TBL_MESSAGE (MESSAGEID,MESSAGESTUDYGROUPID,MESSAGEUSERID,MESSAGETYPE,MESSAGECREATEDDATE,MESSAGEISDELETED) values (1000000389,400000215,'user03',null,to_date('24/10/08','RR/MM/DD'),'N');
Insert into ADMIN.TBL_MESSAGE (MESSAGEID,MESSAGESTUDYGROUPID,MESSAGEUSERID,MESSAGETYPE,MESSAGECREATEDDATE,MESSAGEISDELETED) values (1000000390,400000215,'user03',null,to_date('24/10/08','RR/MM/DD'),'N');
Insert into ADMIN.TBL_MESSAGE (MESSAGEID,MESSAGESTUDYGROUPID,MESSAGEUSERID,MESSAGETYPE,MESSAGECREATEDDATE,MESSAGEISDELETED) values (1000000301,400000157,'user04',null,to_date('24/10/05','RR/MM/DD'),'N');
REM INSERTING into ADMIN.TBL_NOTICE
SET DEFINE OFF;
Insert into ADMIN.TBL_NOTICE (NOTICE_ID,TITLE,AUTHOR,HIT,CATEGORY,CREATED_AT,UPDATED_AT) values (1,'공지사항 1','admin',5,'공지사항',to_timestamp('24/09/20 10:21:29.000000000','RR/MM/DD HH24:MI:SSXFF'),null);
Insert into ADMIN.TBL_NOTICE (NOTICE_ID,TITLE,AUTHOR,HIT,CATEGORY,CREATED_AT,UPDATED_AT) values (2,'공지사항 2','admin',73,'공지사항',to_timestamp('24/09/20 10:21:29.000000000','RR/MM/DD HH24:MI:SSXFF'),null);
Insert into ADMIN.TBL_NOTICE (NOTICE_ID,TITLE,AUTHOR,HIT,CATEGORY,CREATED_AT,UPDATED_AT) values (3,'공지사항 3','admin',98,'공지사항',to_timestamp('24/09/20 10:21:29.000000000','RR/MM/DD HH24:MI:SSXFF'),null);
Insert into ADMIN.TBL_NOTICE (NOTICE_ID,TITLE,AUTHOR,HIT,CATEGORY,CREATED_AT,UPDATED_AT) values (4,'공지사항 4','admin',64,'공지사항',to_timestamp('24/09/20 10:21:29.000000000','RR/MM/DD HH24:MI:SSXFF'),null);
Insert into ADMIN.TBL_NOTICE (NOTICE_ID,TITLE,AUTHOR,HIT,CATEGORY,CREATED_AT,UPDATED_AT) values (5,'공지사항 5','admin',9,'공지사항',to_timestamp('24/09/20 10:21:29.000000000','RR/MM/DD HH24:MI:SSXFF'),null);
Insert into ADMIN.TBL_NOTICE (NOTICE_ID,TITLE,AUTHOR,HIT,CATEGORY,CREATED_AT,UPDATED_AT) values (6,'공지사항 6','admin',7,'공지사항',to_timestamp('24/09/20 10:21:29.000000000','RR/MM/DD HH24:MI:SSXFF'),null);
Insert into ADMIN.TBL_NOTICE (NOTICE_ID,TITLE,AUTHOR,HIT,CATEGORY,CREATED_AT,UPDATED_AT) values (7,'공지사항 7','admin',17,'공지사항',to_timestamp('24/09/20 10:21:29.000000000','RR/MM/DD HH24:MI:SSXFF'),null);
Insert into ADMIN.TBL_NOTICE (NOTICE_ID,TITLE,AUTHOR,HIT,CATEGORY,CREATED_AT,UPDATED_AT) values (8,'공지사항 8','admin',23,'공지사항',to_timestamp('24/09/20 10:21:29.000000000','RR/MM/DD HH24:MI:SSXFF'),null);
Insert into ADMIN.TBL_NOTICE (NOTICE_ID,TITLE,AUTHOR,HIT,CATEGORY,CREATED_AT,UPDATED_AT) values (9,'공지사항 9','admin',80,'공지사항',to_timestamp('24/09/20 10:21:29.000000000','RR/MM/DD HH24:MI:SSXFF'),null);
Insert into ADMIN.TBL_NOTICE (NOTICE_ID,TITLE,AUTHOR,HIT,CATEGORY,CREATED_AT,UPDATED_AT) values (10,'공지사항 10','admin',9,'공지사항',to_timestamp('24/09/20 10:21:29.000000000','RR/MM/DD HH24:MI:SSXFF'),null);
Insert into ADMIN.TBL_NOTICE (NOTICE_ID,TITLE,AUTHOR,HIT,CATEGORY,CREATED_AT,UPDATED_AT) values (11,'공지사항 11','admin',51,'공지사항',to_timestamp('24/09/20 10:21:29.000000000','RR/MM/DD HH24:MI:SSXFF'),null);
Insert into ADMIN.TBL_NOTICE (NOTICE_ID,TITLE,AUTHOR,HIT,CATEGORY,CREATED_AT,UPDATED_AT) values (12,'공지사항 12','admin',93,'공지사항',to_timestamp('24/09/20 10:21:29.000000000','RR/MM/DD HH24:MI:SSXFF'),null);
Insert into ADMIN.TBL_NOTICE (NOTICE_ID,TITLE,AUTHOR,HIT,CATEGORY,CREATED_AT,UPDATED_AT) values (27,'확인','admin',0,'공지사항',to_timestamp('24/09/23 17:31:51.000000000','RR/MM/DD HH24:MI:SSXFF'),null);
Insert into ADMIN.TBL_NOTICE (NOTICE_ID,TITLE,AUTHOR,HIT,CATEGORY,CREATED_AT,UPDATED_AT) values (45,'hello','admin',0,'공지사항',to_timestamp('24/10/04 15:57:40.000000000','RR/MM/DD HH24:MI:SSXFF'),null);
Insert into ADMIN.TBL_NOTICE (NOTICE_ID,TITLE,AUTHOR,HIT,CATEGORY,CREATED_AT,UPDATED_AT) values (55,'안ㄴ여하세요','admin',0,'공지사항',to_timestamp('24/10/11 16:23:53.000000000','RR/MM/DD HH24:MI:SSXFF'),null);
Insert into ADMIN.TBL_NOTICE (NOTICE_ID,TITLE,AUTHOR,HIT,CATEGORY,CREATED_AT,UPDATED_AT) values (39,'gggggg','admin',0,'공지사항',to_timestamp('24/09/30 13:26:41.000000000','RR/MM/DD HH24:MI:SSXFF'),null);
Insert into ADMIN.TBL_NOTICE (NOTICE_ID,TITLE,AUTHOR,HIT,CATEGORY,CREATED_AT,UPDATED_AT) values (37,'안녕하세요','admin',0,'공지사항',to_timestamp('24/09/30 13:20:23.000000000','RR/MM/DD HH24:MI:SSXFF'),null);
Insert into ADMIN.TBL_NOTICE (NOTICE_ID,TITLE,AUTHOR,HIT,CATEGORY,CREATED_AT,UPDATED_AT) values (41,'ㄱㄱㄱㄱㄱㄱ','admin',0,'공지사항',to_timestamp('24/09/30 13:59:53.000000000','RR/MM/DD HH24:MI:SSXFF'),null);
Insert into ADMIN.TBL_NOTICE (NOTICE_ID,TITLE,AUTHOR,HIT,CATEGORY,CREATED_AT,UPDATED_AT) values (53,'안녕','admin',0,'공지사항',to_timestamp('24/10/10 18:45:29.000000000','RR/MM/DD HH24:MI:SSXFF'),null);
Insert into ADMIN.TBL_NOTICE (NOTICE_ID,TITLE,AUTHOR,HIT,CATEGORY,CREATED_AT,UPDATED_AT) values (51,'공지사항입니다','admin',0,'공지사항',to_timestamp('24/10/07 12:29:00.000000000','RR/MM/DD HH24:MI:SSXFF'),null);
REM INSERTING into ADMIN.TBL_NOTIFICATION
SET DEFINE OFF;
Insert into ADMIN.TBL_NOTIFICATION (NOTIFICATION_ID,BOARD_NO,CATEGORY,USER_ID,STATUS,CNT,CREATED_DATE,MESSAGE) values (821,'400000157','APP','user04',null,0,to_date('24/10/05','RR/MM/DD'),'새로운 스터디 가입 요청이 있습니다.');
Insert into ADMIN.TBL_NOTIFICATION (NOTIFICATION_ID,BOARD_NO,CATEGORY,USER_ID,STATUS,CNT,CREATED_DATE,MESSAGE) values (823,'400000157','APP','user04',null,0,to_date('24/10/05','RR/MM/DD'),'새로운 스터디 가입 요청이 있습니다.');
Insert into ADMIN.TBL_NOTIFICATION (NOTIFICATION_ID,BOARD_NO,CATEGORY,USER_ID,STATUS,CNT,CREATED_DATE,MESSAGE) values (828,'366','APP','user07',null,0,to_date('24/10/05','RR/MM/DD'),'스터디 그룹 (스프링프로젝트 같이하실분!!) 가입이 승인되었습니다.');
Insert into ADMIN.TBL_NOTIFICATION (NOTIFICATION_ID,BOARD_NO,CATEGORY,USER_ID,STATUS,CNT,CREATED_DATE,MESSAGE) values (1018,'363','APP','user03',null,0,to_date('24/10/10','RR/MM/DD'),'스터디 그룹 (스프링프로젝트 하실분!) 의 그룹장이 되셨습니다.');
Insert into ADMIN.TBL_NOTIFICATION (NOTIFICATION_ID,BOARD_NO,CATEGORY,USER_ID,STATUS,CNT,CREATED_DATE,MESSAGE) values (740,'400000156','APP','user05',null,0,to_date('24/10/05','RR/MM/DD'),'새로운 스터디 가입 요청이 있습니다.');
Insert into ADMIN.TBL_NOTIFICATION (NOTIFICATION_ID,BOARD_NO,CATEGORY,USER_ID,STATUS,CNT,CREATED_DATE,MESSAGE) values (920,'353','APP','user01',null,0,to_date('24/10/06','RR/MM/DD'),'스터디 그룹 (책읽기의 즐거움) 가입이 승인되었습니다.');
Insert into ADMIN.TBL_NOTIFICATION (NOTIFICATION_ID,BOARD_NO,CATEGORY,USER_ID,STATUS,CNT,CREATED_DATE,MESSAGE) values (884,'365','APP','user06',null,0,to_date('24/10/05','RR/MM/DD'),'스터디 그룹 (스프링프로젝트 하실분!) 가입이 승인되었습니다.');
Insert into ADMIN.TBL_NOTIFICATION (NOTIFICATION_ID,BOARD_NO,CATEGORY,USER_ID,STATUS,CNT,CREATED_DATE,MESSAGE) values (885,'364','APP','user05',null,0,to_date('24/10/05','RR/MM/DD'),'스터디 그룹 (스프링프로젝트 하실분!) 가입이 승인되었습니다.');
Insert into ADMIN.TBL_NOTIFICATION (NOTIFICATION_ID,BOARD_NO,CATEGORY,USER_ID,STATUS,CNT,CREATED_DATE,MESSAGE) values (913,'353','APP','user01',null,0,to_date('24/10/06','RR/MM/DD'),'스터디 그룹 (책읽기의 즐거움) 가입이 승인되었습니다.');
Insert into ADMIN.TBL_NOTIFICATION (NOTIFICATION_ID,BOARD_NO,CATEGORY,USER_ID,STATUS,CNT,CREATED_DATE,MESSAGE) values (744,'400000153','APP','user01',null,0,to_date('24/10/05','RR/MM/DD'),'새로운 스터디 가입 요청이 있습니다.');
Insert into ADMIN.TBL_NOTIFICATION (NOTIFICATION_ID,BOARD_NO,CATEGORY,USER_ID,STATUS,CNT,CREATED_DATE,MESSAGE) values (820,'400000157','APP','user04',null,0,to_date('24/10/05','RR/MM/DD'),'새로운 스터디 가입 요청이 있습니다.');
Insert into ADMIN.TBL_NOTIFICATION (NOTIFICATION_ID,BOARD_NO,CATEGORY,USER_ID,STATUS,CNT,CREATED_DATE,MESSAGE) values (822,'400000157','APP','user04',null,0,to_date('24/10/05','RR/MM/DD'),'새로운 스터디 가입 요청이 있습니다.');
Insert into ADMIN.TBL_NOTIFICATION (NOTIFICATION_ID,BOARD_NO,CATEGORY,USER_ID,STATUS,CNT,CREATED_DATE,MESSAGE) values (1067,'363','APP','user03',null,0,to_date('24/10/11','RR/MM/DD'),'스터디 그룹 (스프링프로젝트 하실분!) 의 그룹장이 되셨습니다.');
Insert into ADMIN.TBL_NOTIFICATION (NOTIFICATION_ID,BOARD_NO,CATEGORY,USER_ID,STATUS,CNT,CREATED_DATE,MESSAGE) values (910,'350','APP','user01',null,0,to_date('24/10/06','RR/MM/DD'),'스터디 그룹 (방학기간 국어 마스터 클래스 하실분) 가입이 승인되었습니다.');
Insert into ADMIN.TBL_NOTIFICATION (NOTIFICATION_ID,BOARD_NO,CATEGORY,USER_ID,STATUS,CNT,CREATED_DATE,MESSAGE) values (824,'400000157','APP','user04',null,0,to_date('24/10/05','RR/MM/DD'),'새로운 스터디 가입 요청이 있습니다.');
Insert into ADMIN.TBL_NOTIFICATION (NOTIFICATION_ID,BOARD_NO,CATEGORY,USER_ID,STATUS,CNT,CREATED_DATE,MESSAGE) values (903,'350','APP','user01',null,0,to_date('24/10/06','RR/MM/DD'),'스터디 그룹 (방학기간 국어 마스터 클래스 하실분) 의 그룹장이 되셨습니다.');
Insert into ADMIN.TBL_NOTIFICATION (NOTIFICATION_ID,BOARD_NO,CATEGORY,USER_ID,STATUS,CNT,CREATED_DATE,MESSAGE) values (904,'350','APP','user01',null,0,to_date('24/10/06','RR/MM/DD'),'스터디 그룹 (방학기간 국어 마스터 클래스 하실분) 가입이 승인되었습니다.');
Insert into ADMIN.TBL_NOTIFICATION (NOTIFICATION_ID,BOARD_NO,CATEGORY,USER_ID,STATUS,CNT,CREATED_DATE,MESSAGE) values (907,'350','APP','user01',null,0,to_date('24/10/06','RR/MM/DD'),'스터디 그룹 (방학기간 국어 마스터 클래스 하실분) 의 그룹장이 되셨습니다.');
Insert into ADMIN.TBL_NOTIFICATION (NOTIFICATION_ID,BOARD_NO,CATEGORY,USER_ID,STATUS,CNT,CREATED_DATE,MESSAGE) values (908,'350','APP','user01',null,0,to_date('24/10/06','RR/MM/DD'),'스터디 그룹 (방학기간 국어 마스터 클래스 하실분) 가입이 승인되었습니다.');
Insert into ADMIN.TBL_NOTIFICATION (NOTIFICATION_ID,BOARD_NO,CATEGORY,USER_ID,STATUS,CNT,CREATED_DATE,MESSAGE) values (1042,'400000173','APP','user07',null,0,to_date('24/10/11','RR/MM/DD'),'새로운 스터디 가입 요청이 있습니다.');
Insert into ADMIN.TBL_NOTIFICATION (NOTIFICATION_ID,BOARD_NO,CATEGORY,USER_ID,STATUS,CNT,CREATED_DATE,MESSAGE) values (999,'367','APP','user08',null,0,to_date('24/10/07','RR/MM/DD'),'스터디 그룹 (스프링프로젝트 하실분!) 가입이 승인되었습니다.');
Insert into ADMIN.TBL_NOTIFICATION (NOTIFICATION_ID,BOARD_NO,CATEGORY,USER_ID,STATUS,CNT,CREATED_DATE,MESSAGE) values (1011,'376','APP','user15',null,0,to_date('24/10/07','RR/MM/DD'),'스터디 그룹 (스프링프로젝트 하실분!) 가입이 승인되었습니다.');
Insert into ADMIN.TBL_NOTIFICATION (NOTIFICATION_ID,BOARD_NO,CATEGORY,USER_ID,STATUS,CNT,CREATED_DATE,MESSAGE) values (1002,'367','APP','user08',null,0,to_date('24/10/07','RR/MM/DD'),'스터디 그룹 (스프링프로젝트 하실분!) 가입이 승인되었습니다.');
Insert into ADMIN.TBL_NOTIFICATION (NOTIFICATION_ID,BOARD_NO,CATEGORY,USER_ID,STATUS,CNT,CREATED_DATE,MESSAGE) values (873,'355','APP','user04',null,0,to_date('24/10/05','RR/MM/DD'),'스터디 그룹 (스프링프로젝트 하실분!) 의 그룹장이 되셨습니다.');
Insert into ADMIN.TBL_NOTIFICATION (NOTIFICATION_ID,BOARD_NO,CATEGORY,USER_ID,STATUS,CNT,CREATED_DATE,MESSAGE) values (874,'355','APP','user04',null,0,to_date('24/10/05','RR/MM/DD'),'스터디 그룹 (스프링프로젝트 하실분!) 가입이 승인되었습니다.');
Insert into ADMIN.TBL_NOTIFICATION (NOTIFICATION_ID,BOARD_NO,CATEGORY,USER_ID,STATUS,CNT,CREATED_DATE,MESSAGE) values (911,'350','APP','user01',null,0,to_date('24/10/06','RR/MM/DD'),'스터디 그룹 (방학기간 국어 마스터 클래스 하실분) 의 그룹장이 되셨습니다.');
Insert into ADMIN.TBL_NOTIFICATION (NOTIFICATION_ID,BOARD_NO,CATEGORY,USER_ID,STATUS,CNT,CREATED_DATE,MESSAGE) values (894,'400000155','APP','user04',null,1,to_date('24/10/05','RR/MM/DD'),'스터디 그룹 (책읽기의 즐거움) 에서 강퇴되었습니다. 사유:뽀로로라서');
Insert into ADMIN.TBL_NOTIFICATION (NOTIFICATION_ID,BOARD_NO,CATEGORY,USER_ID,STATUS,CNT,CREATED_DATE,MESSAGE) values (901,'400000153','APP','user01',null,0,to_date('24/10/06','RR/MM/DD'),'새로운 스터디 가입 요청이 있습니다.');
Insert into ADMIN.TBL_NOTIFICATION (NOTIFICATION_ID,BOARD_NO,CATEGORY,USER_ID,STATUS,CNT,CREATED_DATE,MESSAGE) values (912,'350','APP','user01',null,0,to_date('24/10/06','RR/MM/DD'),'스터디 그룹 (방학기간 국어 마스터 클래스 하실분) 가입이 승인되었습니다.');
Insert into ADMIN.TBL_NOTIFICATION (NOTIFICATION_ID,BOARD_NO,CATEGORY,USER_ID,STATUS,CNT,CREATED_DATE,MESSAGE) values (915,'353','APP','user01',null,0,to_date('24/10/06','RR/MM/DD'),'스터디 그룹 (책읽기의 즐거움) 가입이 승인되었습니다.');
Insert into ADMIN.TBL_NOTIFICATION (NOTIFICATION_ID,BOARD_NO,CATEGORY,USER_ID,STATUS,CNT,CREATED_DATE,MESSAGE) values (916,'350','APP','user01',null,0,to_date('24/10/06','RR/MM/DD'),'스터디 그룹 (방학기간 국어 마스터 클래스 하실분) 의 그룹장이 되셨습니다.');
Insert into ADMIN.TBL_NOTIFICATION (NOTIFICATION_ID,BOARD_NO,CATEGORY,USER_ID,STATUS,CNT,CREATED_DATE,MESSAGE) values (917,'350','APP','user01',null,0,to_date('24/10/06','RR/MM/DD'),'스터디 그룹 (방학기간 국어 마스터 클래스 하실분) 가입이 승인되었습니다.');
Insert into ADMIN.TBL_NOTIFICATION (NOTIFICATION_ID,BOARD_NO,CATEGORY,USER_ID,STATUS,CNT,CREATED_DATE,MESSAGE) values (918,'350','APP','user01',null,0,to_date('24/10/06','RR/MM/DD'),'스터디 그룹 (방학기간 국어 마스터 클래스 하실분) 의 그룹장이 되셨습니다.');
Insert into ADMIN.TBL_NOTIFICATION (NOTIFICATION_ID,BOARD_NO,CATEGORY,USER_ID,STATUS,CNT,CREATED_DATE,MESSAGE) values (919,'350','APP','user01',null,0,to_date('24/10/06','RR/MM/DD'),'스터디 그룹 (방학기간 국어 마스터 클래스 하실분) 가입이 승인되었습니다.');
Insert into ADMIN.TBL_NOTIFICATION (NOTIFICATION_ID,BOARD_NO,CATEGORY,USER_ID,STATUS,CNT,CREATED_DATE,MESSAGE) values (1003,'367','APP','user08',null,0,to_date('24/10/07','RR/MM/DD'),'스터디 그룹 (스프링프로젝트 하실분!) 가입이 승인되었습니다.');
Insert into ADMIN.TBL_NOTIFICATION (NOTIFICATION_ID,BOARD_NO,CATEGORY,USER_ID,STATUS,CNT,CREATED_DATE,MESSAGE) values (1013,'368','APP','user09',null,0,to_date('24/10/07','RR/MM/DD'),'스터디 그룹 (스프링프로젝트 하실분!) 의 그룹장이 되셨습니다.');
Insert into ADMIN.TBL_NOTIFICATION (NOTIFICATION_ID,BOARD_NO,CATEGORY,USER_ID,STATUS,CNT,CREATED_DATE,MESSAGE) values (1016,'user03_1728371162470','REFUND','user03',null,0,to_date('24/10/08','RR/MM/DD'),'환불 요청이 처리되었습니다.');
Insert into ADMIN.TBL_NOTIFICATION (NOTIFICATION_ID,BOARD_NO,CATEGORY,USER_ID,STATUS,CNT,CREATED_DATE,MESSAGE) values (1057,'400000184','APP','user07',null,0,to_date('24/10/11','RR/MM/DD'),'새로운 스터디 가입 요청이 있습니다.');
Insert into ADMIN.TBL_NOTIFICATION (NOTIFICATION_ID,BOARD_NO,CATEGORY,USER_ID,STATUS,CNT,CREATED_DATE,MESSAGE) values (998,'400000215','STUDY','user03',null,0,to_date('24/10/07','RR/MM/DD'),'스터디 그룹 (역사 속으로의 시간여행 국사무쌍) 생성이 승인되었습니다.');
Insert into ADMIN.TBL_NOTIFICATION (NOTIFICATION_ID,BOARD_NO,CATEGORY,USER_ID,STATUS,CNT,CREATED_DATE,MESSAGE) values (724,'400000153','STUDY','user01',null,0,to_date('24/10/05','RR/MM/DD'),'스터디 그룹 (방학기간 국어 마스터 클래스 하실분) 생성이 승인되었습니다.');
Insert into ADMIN.TBL_NOTIFICATION (NOTIFICATION_ID,BOARD_NO,CATEGORY,USER_ID,STATUS,CNT,CREATED_DATE,MESSAGE) values (727,'400000154','STUDY','user02',null,0,to_date('24/10/05','RR/MM/DD'),'스터디 그룹 (슈뢰딩거의 자연철학 강의) 생성이 승인되었습니다.');
Insert into ADMIN.TBL_NOTIFICATION (NOTIFICATION_ID,BOARD_NO,CATEGORY,USER_ID,STATUS,CNT,CREATED_DATE,MESSAGE) values (1012,'400000157','APP','user15',null,0,to_date('24/10/07','RR/MM/DD'),'스터디 그룹 (스프링프로젝트 하실분!) 에서 강퇴되었습니다. 사유:흉물스러워서 강퇴합니다.');
Insert into ADMIN.TBL_NOTIFICATION (NOTIFICATION_ID,BOARD_NO,CATEGORY,USER_ID,STATUS,CNT,CREATED_DATE,MESSAGE) values (733,'400000156','STUDY','user05',null,0,to_date('24/10/05','RR/MM/DD'),'스터디 그룹 (정처기 자격증 취득 스터디) 생성이 승인되었습니다.');
Insert into ADMIN.TBL_NOTIFICATION (NOTIFICATION_ID,BOARD_NO,CATEGORY,USER_ID,STATUS,CNT,CREATED_DATE,MESSAGE) values (735,'400000157','STUDY','user04',null,0,to_date('24/10/05','RR/MM/DD'),'스터디 그룹 (스프링프로젝트 같이하실분!!) 생성이 승인되었습니다.');
Insert into ADMIN.TBL_NOTIFICATION (NOTIFICATION_ID,BOARD_NO,CATEGORY,USER_ID,STATUS,CNT,CREATED_DATE,MESSAGE) values (737,'400000158','STUDY','user01',null,0,to_date('24/10/05','RR/MM/DD'),'스터디 그룹 (수학 문제 해결 전략) 생성이 승인되었습니다.');
Insert into ADMIN.TBL_NOTIFICATION (NOTIFICATION_ID,BOARD_NO,CATEGORY,USER_ID,STATUS,CNT,CREATED_DATE,MESSAGE) values (741,'358','APP','user04',null,0,to_date('24/10/05','RR/MM/DD'),'스터디 그룹 (책읽기의 즐거움) 가입이 승인되었습니다.');
Insert into ADMIN.TBL_NOTIFICATION (NOTIFICATION_ID,BOARD_NO,CATEGORY,USER_ID,STATUS,CNT,CREATED_DATE,MESSAGE) values (742,'359','APP','user04',null,0,to_date('24/10/05','RR/MM/DD'),'스터디 그룹 (정처기 자격증 취득 스터디) 가입이 승인되었습니다.');
Insert into ADMIN.TBL_NOTIFICATION (NOTIFICATION_ID,BOARD_NO,CATEGORY,USER_ID,STATUS,CNT,CREATED_DATE,MESSAGE) values (743,'357','APP','user04',null,0,to_date('24/10/05','RR/MM/DD'),'스터디 그룹 (수학 문제 해결 전략) 가입이 승인되었습니다.');
Insert into ADMIN.TBL_NOTIFICATION (NOTIFICATION_ID,BOARD_NO,CATEGORY,USER_ID,STATUS,CNT,CREATED_DATE,MESSAGE) values (969,'400000189','APP','user07',null,1,to_date('24/10/07','RR/MM/DD'),'새로운 스터디 가입 요청이 있습니다.');
Insert into ADMIN.TBL_NOTIFICATION (NOTIFICATION_ID,BOARD_NO,CATEGORY,USER_ID,STATUS,CNT,CREATED_DATE,MESSAGE) values (1010,'355','APP','user04',null,0,to_date('24/10/07','RR/MM/DD'),'스터디 그룹 (스프링프로젝트 하실분!) 가입이 승인되었습니다.');
Insert into ADMIN.TBL_NOTIFICATION (NOTIFICATION_ID,BOARD_NO,CATEGORY,USER_ID,STATUS,CNT,CREATED_DATE,MESSAGE) values (1047,'400000157','APP','user03',null,0,to_date('24/10/11','RR/MM/DD'),'새로운 스터디 가입 요청이 있습니다.');
Insert into ADMIN.TBL_NOTIFICATION (NOTIFICATION_ID,BOARD_NO,CATEGORY,USER_ID,STATUS,CNT,CREATED_DATE,MESSAGE) values (1043,'440','APP','user03',null,0,to_date('24/10/11','RR/MM/DD'),'스터디 그룹 (어학 실전 대화) 가입이 승인되었습니다.');
Insert into ADMIN.TBL_NOTIFICATION (NOTIFICATION_ID,BOARD_NO,CATEGORY,USER_ID,STATUS,CNT,CREATED_DATE,MESSAGE) values (757,'400000159','STUDY','user07',null,0,to_date('24/10/05','RR/MM/DD'),'스터디 그룹 (국어 문법 마스터) 생성이 승인되었습니다.');
Insert into ADMIN.TBL_NOTIFICATION (NOTIFICATION_ID,BOARD_NO,CATEGORY,USER_ID,STATUS,CNT,CREATED_DATE,MESSAGE) values (759,'400000161','STUDY','user09',null,0,to_date('24/10/05','RR/MM/DD'),'스터디 그룹 (실용 영어 회화) 생성이 승인되었습니다.');
Insert into ADMIN.TBL_NOTIFICATION (NOTIFICATION_ID,BOARD_NO,CATEGORY,USER_ID,STATUS,CNT,CREATED_DATE,MESSAGE) values (760,'400000162','STUDY','user10',null,0,to_date('24/10/05','RR/MM/DD'),'스터디 그룹 (영어 문법 집중 강좌) 생성이 승인되었습니다.');
Insert into ADMIN.TBL_NOTIFICATION (NOTIFICATION_ID,BOARD_NO,CATEGORY,USER_ID,STATUS,CNT,CREATED_DATE,MESSAGE) values (761,'400000163','STUDY','user11',null,0,to_date('24/10/05','RR/MM/DD'),'스터디 그룹 (고급 수학 문제 풀이) 생성이 승인되었습니다.');
Insert into ADMIN.TBL_NOTIFICATION (NOTIFICATION_ID,BOARD_NO,CATEGORY,USER_ID,STATUS,CNT,CREATED_DATE,MESSAGE) values (762,'400000164','STUDY','user12',null,0,to_date('24/10/05','RR/MM/DD'),'스터디 그룹 (수학의 즐거움) 생성이 승인되었습니다.');
Insert into ADMIN.TBL_NOTIFICATION (NOTIFICATION_ID,BOARD_NO,CATEGORY,USER_ID,STATUS,CNT,CREATED_DATE,MESSAGE) values (763,'400000165','STUDY','user13',null,0,to_date('24/10/05','RR/MM/DD'),'스터디 그룹 (현대 과학 탐구) 생성이 승인되었습니다.');
Insert into ADMIN.TBL_NOTIFICATION (NOTIFICATION_ID,BOARD_NO,CATEGORY,USER_ID,STATUS,CNT,CREATED_DATE,MESSAGE) values (764,'400000166','STUDY','user14',null,0,to_date('24/10/05','RR/MM/DD'),'스터디 그룹 (생태학과 환경 보호) 생성이 승인되었습니다.');
Insert into ADMIN.TBL_NOTIFICATION (NOTIFICATION_ID,BOARD_NO,CATEGORY,USER_ID,STATUS,CNT,CREATED_DATE,MESSAGE) values (765,'400000167','STUDY','user07',null,0,to_date('24/10/05','RR/MM/DD'),'스터디 그룹 (세계사 속 거대한 전환) 생성이 승인되었습니다.');
Insert into ADMIN.TBL_NOTIFICATION (NOTIFICATION_ID,BOARD_NO,CATEGORY,USER_ID,STATUS,CNT,CREATED_DATE,MESSAGE) values (767,'400000169','STUDY','user09',null,0,to_date('24/10/05','RR/MM/DD'),'스터디 그룹 (문학과 함께하는 독서 모임) 생성이 승인되었습니다.');
Insert into ADMIN.TBL_NOTIFICATION (NOTIFICATION_ID,BOARD_NO,CATEGORY,USER_ID,STATUS,CNT,CREATED_DATE,MESSAGE) values (768,'400000170','STUDY','user10',null,0,to_date('24/10/05','RR/MM/DD'),'스터디 그룹 (비평적 독서와 사고) 생성이 승인되었습니다.');
Insert into ADMIN.TBL_NOTIFICATION (NOTIFICATION_ID,BOARD_NO,CATEGORY,USER_ID,STATUS,CNT,CREATED_DATE,MESSAGE) values (781,'400000171','STUDY','user11',null,0,to_date('24/10/05','RR/MM/DD'),'스터디 그룹 (사회 이슈 논술) 생성이 승인되었습니다.');
Insert into ADMIN.TBL_NOTIFICATION (NOTIFICATION_ID,BOARD_NO,CATEGORY,USER_ID,STATUS,CNT,CREATED_DATE,MESSAGE) values (782,'400000172','STUDY','user12',null,0,to_date('24/10/05','RR/MM/DD'),'스터디 그룹 (학문적 글쓰기) 생성이 승인되었습니다.');
Insert into ADMIN.TBL_NOTIFICATION (NOTIFICATION_ID,BOARD_NO,CATEGORY,USER_ID,STATUS,CNT,CREATED_DATE,MESSAGE) values (783,'400000173','STUDY','user13',null,0,to_date('24/10/05','RR/MM/DD'),'스터디 그룹 (어학 실전 대화) 생성이 승인되었습니다.');
Insert into ADMIN.TBL_NOTIFICATION (NOTIFICATION_ID,BOARD_NO,CATEGORY,USER_ID,STATUS,CNT,CREATED_DATE,MESSAGE) values (784,'400000174','STUDY','user14',null,0,to_date('24/10/05','RR/MM/DD'),'스터디 그룹 (다국어 기초 학습) 생성이 승인되었습니다.');
Insert into ADMIN.TBL_NOTIFICATION (NOTIFICATION_ID,BOARD_NO,CATEGORY,USER_ID,STATUS,CNT,CREATED_DATE,MESSAGE) values (785,'400000175','STUDY','user15',null,0,to_date('24/10/05','RR/MM/DD'),'스터디 그룹 (IT 자격증 취득 코스) 생성이 승인되었습니다.');
Insert into ADMIN.TBL_NOTIFICATION (NOTIFICATION_ID,BOARD_NO,CATEGORY,USER_ID,STATUS,CNT,CREATED_DATE,MESSAGE) values (786,'400000176','STUDY','user16',null,4,to_date('24/10/05','RR/MM/DD'),'스터디 그룹 (전문 자격증 심화학습) 생성이 승인되었습니다.');
Insert into ADMIN.TBL_NOTIFICATION (NOTIFICATION_ID,BOARD_NO,CATEGORY,USER_ID,STATUS,CNT,CREATED_DATE,MESSAGE) values (787,'400000177','STUDY','user17',null,0,to_date('24/10/05','RR/MM/DD'),'스터디 그룹 (창의적 프로젝트 디자인) 생성이 승인되었습니다.');
Insert into ADMIN.TBL_NOTIFICATION (NOTIFICATION_ID,BOARD_NO,CATEGORY,USER_ID,STATUS,CNT,CREATED_DATE,MESSAGE) values (788,'400000178','STUDY','user18',null,0,to_date('24/10/05','RR/MM/DD'),'스터디 그룹 (팀 기반 프로젝트 관리) 생성이 승인되었습니다.');
Insert into ADMIN.TBL_NOTIFICATION (NOTIFICATION_ID,BOARD_NO,CATEGORY,USER_ID,STATUS,CNT,CREATED_DATE,MESSAGE) values (789,'400000179','STUDY','user11',null,0,to_date('24/10/05','RR/MM/DD'),'스터디 그룹 (취업 성공 전략) 생성이 승인되었습니다.');
Insert into ADMIN.TBL_NOTIFICATION (NOTIFICATION_ID,BOARD_NO,CATEGORY,USER_ID,STATUS,CNT,CREATED_DATE,MESSAGE) values (790,'400000180','STUDY','user12',null,0,to_date('24/10/05','RR/MM/DD'),'스터디 그룹 (직장 내 커뮤니케이션 스킬) 생성이 승인되었습니다.');
Insert into ADMIN.TBL_NOTIFICATION (NOTIFICATION_ID,BOARD_NO,CATEGORY,USER_ID,STATUS,CNT,CREATED_DATE,MESSAGE) values (791,'400000181','STUDY','user13',null,0,to_date('24/10/05','RR/MM/DD'),'스터디 그룹 (프로그래밍 입문) 생성이 승인되었습니다.');
Insert into ADMIN.TBL_NOTIFICATION (NOTIFICATION_ID,BOARD_NO,CATEGORY,USER_ID,STATUS,CNT,CREATED_DATE,MESSAGE) values (792,'400000182','STUDY','user14',null,0,to_date('24/10/05','RR/MM/DD'),'스터디 그룹 (데이터베이스 관리) 생성이 승인되었습니다.');
Insert into ADMIN.TBL_NOTIFICATION (NOTIFICATION_ID,BOARD_NO,CATEGORY,USER_ID,STATUS,CNT,CREATED_DATE,MESSAGE) values (805,'400000183','STUDY','user07',null,0,to_date('24/10/05','RR/MM/DD'),'스터디 그룹 (국어 심화 이론) 생성이 승인되었습니다.');
Insert into ADMIN.TBL_NOTIFICATION (NOTIFICATION_ID,BOARD_NO,CATEGORY,USER_ID,STATUS,CNT,CREATED_DATE,MESSAGE) values (862,'370','APP','user12',null,0,to_date('24/10/05','RR/MM/DD'),'스터디 그룹 (스프링프로젝트 하실분!) 가입이 승인되었습니다.');
Insert into ADMIN.TBL_NOTIFICATION (NOTIFICATION_ID,BOARD_NO,CATEGORY,USER_ID,STATUS,CNT,CREATED_DATE,MESSAGE) values (863,'371','APP','user13',null,0,to_date('24/10/05','RR/MM/DD'),'스터디 그룹 (스프링프로젝트 하실분!) 가입이 승인되었습니다.');
Insert into ADMIN.TBL_NOTIFICATION (NOTIFICATION_ID,BOARD_NO,CATEGORY,USER_ID,STATUS,CNT,CREATED_DATE,MESSAGE) values (886,'366','APP','user07',null,1,to_date('24/10/05','RR/MM/DD'),'스터디 그룹 (스프링프로젝트 하실분!) 가입이 승인되었습니다.');
Insert into ADMIN.TBL_NOTIFICATION (NOTIFICATION_ID,BOARD_NO,CATEGORY,USER_ID,STATUS,CNT,CREATED_DATE,MESSAGE) values (1001,'367','APP','user08',null,0,to_date('24/10/07','RR/MM/DD'),'스터디 그룹 (스프링프로젝트 하실분!) 가입이 승인되었습니다.');
Insert into ADMIN.TBL_NOTIFICATION (NOTIFICATION_ID,BOARD_NO,CATEGORY,USER_ID,STATUS,CNT,CREATED_DATE,MESSAGE) values (807,'400000185','STUDY','user09',null,0,to_date('24/10/05','RR/MM/DD'),'스터디 그룹 (실전 영어 마스터) 생성이 승인되었습니다.');
Insert into ADMIN.TBL_NOTIFICATION (NOTIFICATION_ID,BOARD_NO,CATEGORY,USER_ID,STATUS,CNT,CREATED_DATE,MESSAGE) values (808,'400000186','STUDY','user10',null,0,to_date('24/10/05','RR/MM/DD'),'스터디 그룹 (비즈니스 영어 특강) 생성이 승인되었습니다.');
Insert into ADMIN.TBL_NOTIFICATION (NOTIFICATION_ID,BOARD_NO,CATEGORY,USER_ID,STATUS,CNT,CREATED_DATE,MESSAGE) values (809,'400000187','STUDY','user11',null,0,to_date('24/10/05','RR/MM/DD'),'스터디 그룹 (수학적 사고력 향상) 생성이 승인되었습니다.');
Insert into ADMIN.TBL_NOTIFICATION (NOTIFICATION_ID,BOARD_NO,CATEGORY,USER_ID,STATUS,CNT,CREATED_DATE,MESSAGE) values (810,'400000188','STUDY','user12',null,0,to_date('24/10/05','RR/MM/DD'),'스터디 그룹 (대학 수학의 이해) 생성이 승인되었습니다.');
Insert into ADMIN.TBL_NOTIFICATION (NOTIFICATION_ID,BOARD_NO,CATEGORY,USER_ID,STATUS,CNT,CREATED_DATE,MESSAGE) values (811,'400000189','STUDY','user07',null,0,to_date('24/10/05','RR/MM/DD'),'스터디 그룹 (현대 과학 탐구) 생성이 승인되었습니다.');
Insert into ADMIN.TBL_NOTIFICATION (NOTIFICATION_ID,BOARD_NO,CATEGORY,USER_ID,STATUS,CNT,CREATED_DATE,MESSAGE) values (813,'400000191','STUDY','user09',null,0,to_date('24/10/05','RR/MM/DD'),'스터디 그룹 (세계사 속 거대한 전환) 생성이 승인되었습니다.');
Insert into ADMIN.TBL_NOTIFICATION (NOTIFICATION_ID,BOARD_NO,CATEGORY,USER_ID,STATUS,CNT,CREATED_DATE,MESSAGE) values (814,'400000192','STUDY','user10',null,0,to_date('24/10/05','RR/MM/DD'),'스터디 그룹 (한국사의 중요 사건들) 생성이 승인되었습니다.');
Insert into ADMIN.TBL_NOTIFICATION (NOTIFICATION_ID,BOARD_NO,CATEGORY,USER_ID,STATUS,CNT,CREATED_DATE,MESSAGE) values (815,'400000193','STUDY','user11',null,0,to_date('24/10/05','RR/MM/DD'),'스터디 그룹 (문학과 함께하는 독서 모임) 생성이 승인되었습니다.');
Insert into ADMIN.TBL_NOTIFICATION (NOTIFICATION_ID,BOARD_NO,CATEGORY,USER_ID,STATUS,CNT,CREATED_DATE,MESSAGE) values (816,'400000194','STUDY','user12',null,0,to_date('24/10/05','RR/MM/DD'),'스터디 그룹 (비평적 독서와 사고) 생성이 승인되었습니다.');
Insert into ADMIN.TBL_NOTIFICATION (NOTIFICATION_ID,BOARD_NO,CATEGORY,USER_ID,STATUS,CNT,CREATED_DATE,MESSAGE) values (861,'369','APP','user11',null,0,to_date('24/10/05','RR/MM/DD'),'스터디 그룹 (스프링프로젝트 하실분!) 가입이 승인되었습니다.');
Insert into ADMIN.TBL_NOTIFICATION (NOTIFICATION_ID,BOARD_NO,CATEGORY,USER_ID,STATUS,CNT,CREATED_DATE,MESSAGE) values (830,'368','APP','user09',null,0,to_date('24/10/05','RR/MM/DD'),'스터디 그룹 (스프링프로젝트 하실분!) 가입이 승인되었습니다.');
Insert into ADMIN.TBL_NOTIFICATION (NOTIFICATION_ID,BOARD_NO,CATEGORY,USER_ID,STATUS,CNT,CREATED_DATE,MESSAGE) values (836,'364','APP','user05',null,0,to_date('24/10/05','RR/MM/DD'),'스터디 그룹 (스프링프로젝트 하실분!) 가입이 승인되었습니다.');
Insert into ADMIN.TBL_NOTIFICATION (NOTIFICATION_ID,BOARD_NO,CATEGORY,USER_ID,STATUS,CNT,CREATED_DATE,MESSAGE) values (838,'400000157','APP','user09',null,0,to_date('24/10/05','RR/MM/DD'),'스터디 그룹 (스프링프로젝트 하실분!) 에서 강퇴되었습니다. 사유:ㅇㅇㅇ');
Insert into ADMIN.TBL_NOTIFICATION (NOTIFICATION_ID,BOARD_NO,CATEGORY,USER_ID,STATUS,CNT,CREATED_DATE,MESSAGE) values (839,'369','APP','user11',null,0,to_date('24/10/05','RR/MM/DD'),'스터디 그룹 (스프링프로젝트 하실분!) 가입이 승인되었습니다.');
Insert into ADMIN.TBL_NOTIFICATION (NOTIFICATION_ID,BOARD_NO,CATEGORY,USER_ID,STATUS,CNT,CREATED_DATE,MESSAGE) values (726,'400000154','APP','user02',null,0,to_date('24/10/05','RR/MM/DD'),'새로운 스터디 가입 요청이 있습니다.');
Insert into ADMIN.TBL_NOTIFICATION (NOTIFICATION_ID,BOARD_NO,CATEGORY,USER_ID,STATUS,CNT,CREATED_DATE,MESSAGE) values (731,'353','APP','user01',null,0,to_date('24/10/05','RR/MM/DD'),'스터디 그룹 (책읽기의 즐거움) 가입이 승인되었습니다.');
Insert into ADMIN.TBL_NOTIFICATION (NOTIFICATION_ID,BOARD_NO,CATEGORY,USER_ID,STATUS,CNT,CREATED_DATE,MESSAGE) values (843,'370','APP','user12',null,0,to_date('24/10/05','RR/MM/DD'),'스터디 그룹 (스프링프로젝트 하실분!) 가입이 승인되었습니다.');
Insert into ADMIN.TBL_NOTIFICATION (NOTIFICATION_ID,BOARD_NO,CATEGORY,USER_ID,STATUS,CNT,CREATED_DATE,MESSAGE) values (846,'370','APP','user12',null,0,to_date('24/10/05','RR/MM/DD'),'스터디 그룹 (스프링프로젝트 하실분!) 가입이 승인되었습니다.');
Insert into ADMIN.TBL_NOTIFICATION (NOTIFICATION_ID,BOARD_NO,CATEGORY,USER_ID,STATUS,CNT,CREATED_DATE,MESSAGE) values (891,'376','APP','user15',null,0,to_date('24/10/05','RR/MM/DD'),'스터디 그룹 (스프링프로젝트 하실분!) 가입이 승인되었습니다.');
Insert into ADMIN.TBL_NOTIFICATION (NOTIFICATION_ID,BOARD_NO,CATEGORY,USER_ID,STATUS,CNT,CREATED_DATE,MESSAGE) values (1017,'400000215','APP','user03',null,0,to_date('24/10/08','RR/MM/DD'),'새로운 스터디 가입 요청이 있습니다.');
Insert into ADMIN.TBL_NOTIFICATION (NOTIFICATION_ID,BOARD_NO,CATEGORY,USER_ID,STATUS,CNT,CREATED_DATE,MESSAGE) values (1045,'user16_1728552208435','REFUND','user16',null,0,to_date('24/10/11','RR/MM/DD'),'환불 요청이 처리되었습니다.');
Insert into ADMIN.TBL_NOTIFICATION (NOTIFICATION_ID,BOARD_NO,CATEGORY,USER_ID,STATUS,CNT,CREATED_DATE,MESSAGE) values (818,'400000157','APP','user04',null,0,to_date('24/10/05','RR/MM/DD'),'새로운 스터디 가입 요청이 있습니다.');
Insert into ADMIN.TBL_NOTIFICATION (NOTIFICATION_ID,BOARD_NO,CATEGORY,USER_ID,STATUS,CNT,CREATED_DATE,MESSAGE) values (1023,'20','ANSWER','user16',null,2,to_date('24/10/10','RR/MM/DD'),'신청한 고객 문의에 답변이 달렸습니다.');
Insert into ADMIN.TBL_NOTIFICATION (NOTIFICATION_ID,BOARD_NO,CATEGORY,USER_ID,STATUS,CNT,CREATED_DATE,MESSAGE) values (837,'368','APP','user09',null,0,to_date('24/10/05','RR/MM/DD'),'스터디 그룹 (스프링프로젝트 하실분!) 가입이 승인되었습니다.');
Insert into ADMIN.TBL_NOTIFICATION (NOTIFICATION_ID,BOARD_NO,CATEGORY,USER_ID,STATUS,CNT,CREATED_DATE,MESSAGE) values (841,'400000157','APP','user11',null,0,to_date('24/10/05','RR/MM/DD'),'스터디 그룹 (스프링프로젝트 하실분!) 에서 강퇴되었습니다. 사유:ㅇㅇㅇ');
Insert into ADMIN.TBL_NOTIFICATION (NOTIFICATION_ID,BOARD_NO,CATEGORY,USER_ID,STATUS,CNT,CREATED_DATE,MESSAGE) values (844,'371','APP','user13',null,0,to_date('24/10/05','RR/MM/DD'),'스터디 그룹 (스프링프로젝트 하실분!) 가입이 승인되었습니다.');
Insert into ADMIN.TBL_NOTIFICATION (NOTIFICATION_ID,BOARD_NO,CATEGORY,USER_ID,STATUS,CNT,CREATED_DATE,MESSAGE) values (848,'371','APP','user13',null,0,to_date('24/10/05','RR/MM/DD'),'스터디 그룹 (스프링프로젝트 하실분!) 가입이 승인되었습니다.');
Insert into ADMIN.TBL_NOTIFICATION (NOTIFICATION_ID,BOARD_NO,CATEGORY,USER_ID,STATUS,CNT,CREATED_DATE,MESSAGE) values (851,'365','APP','user06',null,0,to_date('24/10/05','RR/MM/DD'),'스터디 그룹 (스프링프로젝트 하실분!) 가입이 승인되었습니다.');
Insert into ADMIN.TBL_NOTIFICATION (NOTIFICATION_ID,BOARD_NO,CATEGORY,USER_ID,STATUS,CNT,CREATED_DATE,MESSAGE) values (854,'361','APP','user01',null,0,to_date('24/10/05','RR/MM/DD'),'스터디 그룹 (스프링프로젝트 하실분!) 가입이 승인되었습니다.');
Insert into ADMIN.TBL_NOTIFICATION (NOTIFICATION_ID,BOARD_NO,CATEGORY,USER_ID,STATUS,CNT,CREATED_DATE,MESSAGE) values (859,'362','APP','user02',null,0,to_date('24/10/05','RR/MM/DD'),'스터디 그룹 (스프링프로젝트 하실분!) 가입이 승인되었습니다.');
Insert into ADMIN.TBL_NOTIFICATION (NOTIFICATION_ID,BOARD_NO,CATEGORY,USER_ID,STATUS,CNT,CREATED_DATE,MESSAGE) values (864,'366','APP','user07',null,0,to_date('24/10/05','RR/MM/DD'),'스터디 그룹 (스프링프로젝트 하실분!) 가입이 승인되었습니다.');
Insert into ADMIN.TBL_NOTIFICATION (NOTIFICATION_ID,BOARD_NO,CATEGORY,USER_ID,STATUS,CNT,CREATED_DATE,MESSAGE) values (905,'350','APP','user01',null,0,to_date('24/10/06','RR/MM/DD'),'스터디 그룹 (방학기간 국어 마스터 클래스 하실분) 의 그룹장이 되셨습니다.');
Insert into ADMIN.TBL_NOTIFICATION (NOTIFICATION_ID,BOARD_NO,CATEGORY,USER_ID,STATUS,CNT,CREATED_DATE,MESSAGE) values (883,'371','APP','user13',null,0,to_date('24/10/05','RR/MM/DD'),'스터디 그룹 (스프링프로젝트 하실분!) 가입이 승인되었습니다.');
Insert into ADMIN.TBL_NOTIFICATION (NOTIFICATION_ID,BOARD_NO,CATEGORY,USER_ID,STATUS,CNT,CREATED_DATE,MESSAGE) values (906,'350','APP','user01',null,1,to_date('24/10/06','RR/MM/DD'),'스터디 그룹 (방학기간 국어 마스터 클래스 하실분) 가입이 승인되었습니다.');
Insert into ADMIN.TBL_NOTIFICATION (NOTIFICATION_ID,BOARD_NO,CATEGORY,USER_ID,STATUS,CNT,CREATED_DATE,MESSAGE) values (723,'400000153','APP','user01',null,0,to_date('24/10/05','RR/MM/DD'),'새로운 스터디 가입 요청이 있습니다.');
Insert into ADMIN.TBL_NOTIFICATION (NOTIFICATION_ID,BOARD_NO,CATEGORY,USER_ID,STATUS,CNT,CREATED_DATE,MESSAGE) values (1019,'400000174','APP','user07',null,1,to_date('24/10/10','RR/MM/DD'),'새로운 스터디 가입 요청이 있습니다.');
Insert into ADMIN.TBL_NOTIFICATION (NOTIFICATION_ID,BOARD_NO,CATEGORY,USER_ID,STATUS,CNT,CREATED_DATE,MESSAGE) values (1041,'400000173','APP','user07',null,0,to_date('24/10/11','RR/MM/DD'),'새로운 스터디 가입 요청이 있습니다.');
Insert into ADMIN.TBL_NOTIFICATION (NOTIFICATION_ID,BOARD_NO,CATEGORY,USER_ID,STATUS,CNT,CREATED_DATE,MESSAGE) values (833,'366','APP','user07',null,0,to_date('24/10/05','RR/MM/DD'),'스터디 그룹 (스프링프로젝트 하실분!) 가입이 승인되었습니다.');
Insert into ADMIN.TBL_NOTIFICATION (NOTIFICATION_ID,BOARD_NO,CATEGORY,USER_ID,STATUS,CNT,CREATED_DATE,MESSAGE) values (849,'400000157','APP','user13',null,0,to_date('24/10/05','RR/MM/DD'),'스터디 그룹 (스프링프로젝트 하실분!) 에서 강퇴되었습니다. 사유:ㅇㅇㅇㅇ');
Insert into ADMIN.TBL_NOTIFICATION (NOTIFICATION_ID,BOARD_NO,CATEGORY,USER_ID,STATUS,CNT,CREATED_DATE,MESSAGE) values (850,'365','APP','user06',null,0,to_date('24/10/05','RR/MM/DD'),'스터디 그룹 (스프링프로젝트 하실분!) 가입이 승인되었습니다.');
Insert into ADMIN.TBL_NOTIFICATION (NOTIFICATION_ID,BOARD_NO,CATEGORY,USER_ID,STATUS,CNT,CREATED_DATE,MESSAGE) values (865,'366','APP','user07',null,0,to_date('24/10/05','RR/MM/DD'),'스터디 그룹 (스프링프로젝트 하실분!) 가입이 승인되었습니다.');
Insert into ADMIN.TBL_NOTIFICATION (NOTIFICATION_ID,BOARD_NO,CATEGORY,USER_ID,STATUS,CNT,CREATED_DATE,MESSAGE) values (868,'400000157','APP','user07',null,1,to_date('24/10/05','RR/MM/DD'),'스터디 그룹 (스프링프로젝트 하실분!) 에서 강퇴되었습니다. 사유:ddd');
Insert into ADMIN.TBL_NOTIFICATION (NOTIFICATION_ID,BOARD_NO,CATEGORY,USER_ID,STATUS,CNT,CREATED_DATE,MESSAGE) values (869,'368','APP','user09',null,0,to_date('24/10/05','RR/MM/DD'),'스터디 그룹 (스프링프로젝트 하실분!) 가입이 승인되었습니다.');
Insert into ADMIN.TBL_NOTIFICATION (NOTIFICATION_ID,BOARD_NO,CATEGORY,USER_ID,STATUS,CNT,CREATED_DATE,MESSAGE) values (875,'355','APP','user04',null,0,to_date('24/10/05','RR/MM/DD'),'스터디 그룹 (스프링프로젝트 하실분!) 의 그룹장이 되셨습니다.');
Insert into ADMIN.TBL_NOTIFICATION (NOTIFICATION_ID,BOARD_NO,CATEGORY,USER_ID,STATUS,CNT,CREATED_DATE,MESSAGE) values (876,'355','APP','user04',null,1,to_date('24/10/05','RR/MM/DD'),'스터디 그룹 (스프링프로젝트 하실분!) 가입이 승인되었습니다.');
Insert into ADMIN.TBL_NOTIFICATION (NOTIFICATION_ID,BOARD_NO,CATEGORY,USER_ID,STATUS,CNT,CREATED_DATE,MESSAGE) values (881,'361','APP','user01',null,0,to_date('24/10/05','RR/MM/DD'),'스터디 그룹 (스프링프로젝트 하실분!) 가입이 승인되었습니다.');
Insert into ADMIN.TBL_NOTIFICATION (NOTIFICATION_ID,BOARD_NO,CATEGORY,USER_ID,STATUS,CNT,CREATED_DATE,MESSAGE) values (882,'370','APP','user12',null,0,to_date('24/10/05','RR/MM/DD'),'스터디 그룹 (스프링프로젝트 하실분!) 가입이 승인되었습니다.');
Insert into ADMIN.TBL_NOTIFICATION (NOTIFICATION_ID,BOARD_NO,CATEGORY,USER_ID,STATUS,CNT,CREATED_DATE,MESSAGE) values (889,'362','APP','user02',null,0,to_date('24/10/05','RR/MM/DD'),'스터디 그룹 (스프링프로젝트 하실분!) 가입이 승인되었습니다.');
Insert into ADMIN.TBL_NOTIFICATION (NOTIFICATION_ID,BOARD_NO,CATEGORY,USER_ID,STATUS,CNT,CREATED_DATE,MESSAGE) values (892,'400000153','APP','user01',null,1,to_date('24/10/05','RR/MM/DD'),'새로운 스터디 가입 요청이 있습니다.');
Insert into ADMIN.TBL_NOTIFICATION (NOTIFICATION_ID,BOARD_NO,CATEGORY,USER_ID,STATUS,CNT,CREATED_DATE,MESSAGE) values (1064,'400000157','APP','user13',null,0,to_date('24/10/11','RR/MM/DD'),'스터디 그룹 (스프링프로젝트 하실분!) 에서 강퇴되었습니다. 사유:출석 미만');
Insert into ADMIN.TBL_NOTIFICATION (NOTIFICATION_ID,BOARD_NO,CATEGORY,USER_ID,STATUS,CNT,CREATED_DATE,MESSAGE) values (817,'400000157','APP','user04',null,0,to_date('24/10/05','RR/MM/DD'),'새로운 스터디 가입 요청이 있습니다.');
Insert into ADMIN.TBL_NOTIFICATION (NOTIFICATION_ID,BOARD_NO,CATEGORY,USER_ID,STATUS,CNT,CREATED_DATE,MESSAGE) values (819,'400000157','APP','user04',null,0,to_date('24/10/05','RR/MM/DD'),'새로운 스터디 가입 요청이 있습니다.');
Insert into ADMIN.TBL_NOTIFICATION (NOTIFICATION_ID,BOARD_NO,CATEGORY,USER_ID,STATUS,CNT,CREATED_DATE,MESSAGE) values (825,'400000157','APP','user04',null,0,to_date('24/10/05','RR/MM/DD'),'새로운 스터디 가입 요청이 있습니다.');
Insert into ADMIN.TBL_NOTIFICATION (NOTIFICATION_ID,BOARD_NO,CATEGORY,USER_ID,STATUS,CNT,CREATED_DATE,MESSAGE) values (842,'370','APP','user12',null,0,to_date('24/10/05','RR/MM/DD'),'스터디 그룹 (스프링프로젝트 하실분!) 가입이 승인되었습니다.');
Insert into ADMIN.TBL_NOTIFICATION (NOTIFICATION_ID,BOARD_NO,CATEGORY,USER_ID,STATUS,CNT,CREATED_DATE,MESSAGE) values (738,'400000158','APP','user01',null,0,to_date('24/10/05','RR/MM/DD'),'새로운 스터디 가입 요청이 있습니다.');
Insert into ADMIN.TBL_NOTIFICATION (NOTIFICATION_ID,BOARD_NO,CATEGORY,USER_ID,STATUS,CNT,CREATED_DATE,MESSAGE) values (1044,'400000189','APP','user07',null,0,to_date('24/10/11','RR/MM/DD'),'새로운 스터디 가입 요청이 있습니다.');
Insert into ADMIN.TBL_NOTIFICATION (NOTIFICATION_ID,BOARD_NO,CATEGORY,USER_ID,STATUS,CNT,CREATED_DATE,MESSAGE) values (852,'400000157','APP','user06',null,0,to_date('24/10/05','RR/MM/DD'),'스터디 그룹 (스프링프로젝트 하실분!) 에서 강퇴되었습니다. 사유:테스트');
Insert into ADMIN.TBL_NOTIFICATION (NOTIFICATION_ID,BOARD_NO,CATEGORY,USER_ID,STATUS,CNT,CREATED_DATE,MESSAGE) values (855,'400000157','APP','user01',null,0,to_date('24/10/05','RR/MM/DD'),'스터디 그룹 (스프링프로젝트 하실분!) 에서 강퇴되었습니다. 사유:ㅎㅎㅎ');
Insert into ADMIN.TBL_NOTIFICATION (NOTIFICATION_ID,BOARD_NO,CATEGORY,USER_ID,STATUS,CNT,CREATED_DATE,MESSAGE) values (890,'400000157','APP','user04',null,1,to_date('24/10/05','RR/MM/DD'),'새로운 스터디 가입 요청이 있습니다.');
Insert into ADMIN.TBL_NOTIFICATION (NOTIFICATION_ID,BOARD_NO,CATEGORY,USER_ID,STATUS,CNT,CREATED_DATE,MESSAGE) values (893,'358','APP','user04',null,1,to_date('24/10/05','RR/MM/DD'),'스터디 그룹 (책읽기의 즐거움) 가입이 승인되었습니다.');
Insert into ADMIN.TBL_NOTIFICATION (NOTIFICATION_ID,BOARD_NO,CATEGORY,USER_ID,STATUS,CNT,CREATED_DATE,MESSAGE) values (1062,'370','APP','user12',null,0,to_date('24/10/11','RR/MM/DD'),'스터디 그룹 (스프링프로젝트 하실분!) 가입이 승인되었습니다.');
Insert into ADMIN.TBL_NOTIFICATION (NOTIFICATION_ID,BOARD_NO,CATEGORY,USER_ID,STATUS,CNT,CREATED_DATE,MESSAGE) values (834,'400000157','APP','user07',null,0,to_date('24/10/05','RR/MM/DD'),'스터디 그룹 (스프링프로젝트 하실분!) 에서 강퇴되었습니다. 사유:테스트하려고 ..');
Insert into ADMIN.TBL_NOTIFICATION (NOTIFICATION_ID,BOARD_NO,CATEGORY,USER_ID,STATUS,CNT,CREATED_DATE,MESSAGE) values (840,'369','APP','user11',null,0,to_date('24/10/05','RR/MM/DD'),'스터디 그룹 (스프링프로젝트 하실분!) 가입이 승인되었습니다.');
Insert into ADMIN.TBL_NOTIFICATION (NOTIFICATION_ID,BOARD_NO,CATEGORY,USER_ID,STATUS,CNT,CREATED_DATE,MESSAGE) values (845,'370','APP','user12',null,0,to_date('24/10/05','RR/MM/DD'),'스터디 그룹 (스프링프로젝트 하실분!) 가입이 승인되었습니다.');
Insert into ADMIN.TBL_NOTIFICATION (NOTIFICATION_ID,BOARD_NO,CATEGORY,USER_ID,STATUS,CNT,CREATED_DATE,MESSAGE) values (847,'400000157','APP','user12',null,0,to_date('24/10/05','RR/MM/DD'),'스터디 그룹 (스프링프로젝트 하실분!) 에서 강퇴되었습니다. 사유:ㅇㅇㅇ');
Insert into ADMIN.TBL_NOTIFICATION (NOTIFICATION_ID,BOARD_NO,CATEGORY,USER_ID,STATUS,CNT,CREATED_DATE,MESSAGE) values (853,'361','APP','user01',null,0,to_date('24/10/05','RR/MM/DD'),'스터디 그룹 (스프링프로젝트 하실분!) 가입이 승인되었습니다.');
Insert into ADMIN.TBL_NOTIFICATION (NOTIFICATION_ID,BOARD_NO,CATEGORY,USER_ID,STATUS,CNT,CREATED_DATE,MESSAGE) values (858,'362','APP','user02',null,0,to_date('24/10/05','RR/MM/DD'),'스터디 그룹 (스프링프로젝트 하실분!) 가입이 승인되었습니다.');
Insert into ADMIN.TBL_NOTIFICATION (NOTIFICATION_ID,BOARD_NO,CATEGORY,USER_ID,STATUS,CNT,CREATED_DATE,MESSAGE) values (860,'400000157','APP','user02',null,0,to_date('24/10/05','RR/MM/DD'),'스터디 그룹 (스프링프로젝트 하실분!) 에서 강퇴되었습니다. 사유:ㅇㅇㅇㅇ');
Insert into ADMIN.TBL_NOTIFICATION (NOTIFICATION_ID,BOARD_NO,CATEGORY,USER_ID,STATUS,CNT,CREATED_DATE,MESSAGE) values (1021,'user16_1728552208435','REFUND','user16',null,2,to_date('24/10/10','RR/MM/DD'),'환불 요청이 처리되었습니다.');
Insert into ADMIN.TBL_NOTIFICATION (NOTIFICATION_ID,BOARD_NO,CATEGORY,USER_ID,STATUS,CNT,CREATED_DATE,MESSAGE) values (867,'366','APP','user07',null,1,to_date('24/10/05','RR/MM/DD'),'스터디 그룹 (스프링프로젝트 하실분!) 가입이 승인되었습니다.');
Insert into ADMIN.TBL_NOTIFICATION (NOTIFICATION_ID,BOARD_NO,CATEGORY,USER_ID,STATUS,CNT,CREATED_DATE,MESSAGE) values (924,'353','APP','user01',null,0,to_date('24/10/06','RR/MM/DD'),'스터디 그룹 (책읽기의 즐거움) 의 그룹장이 되셨습니다.');
Insert into ADMIN.TBL_NOTIFICATION (NOTIFICATION_ID,BOARD_NO,CATEGORY,USER_ID,STATUS,CNT,CREATED_DATE,MESSAGE) values (1052,'400000154','APP','user02',null,0,to_date('24/10/11','RR/MM/DD'),'새로운 스터디 가입 요청이 있습니다.');
Insert into ADMIN.TBL_NOTIFICATION (NOTIFICATION_ID,BOARD_NO,CATEGORY,USER_ID,STATUS,CNT,CREATED_DATE,MESSAGE) values (826,'400000157','APP','user04',null,0,to_date('24/10/05','RR/MM/DD'),'새로운 스터디 가입 요청이 있습니다.');
Insert into ADMIN.TBL_NOTIFICATION (NOTIFICATION_ID,BOARD_NO,CATEGORY,USER_ID,STATUS,CNT,CREATED_DATE,MESSAGE) values (914,'361','APP','user01',null,0,to_date('24/10/06','RR/MM/DD'),'스터디 그룹 (스프링프로젝트 하실분!) 가입이 승인되었습니다.');
Insert into ADMIN.TBL_NOTIFICATION (NOTIFICATION_ID,BOARD_NO,CATEGORY,USER_ID,STATUS,CNT,CREATED_DATE,MESSAGE) values (1005,'400000216','STUDY','user08',null,0,to_date('24/10/07','RR/MM/DD'),'스터디 그룹 (사탕수수) 생성이 승인되었습니다.');
Insert into ADMIN.TBL_NOTIFICATION (NOTIFICATION_ID,BOARD_NO,CATEGORY,USER_ID,STATUS,CNT,CREATED_DATE,MESSAGE) values (1024,'438','APP','user16',null,0,to_date('24/10/10','RR/MM/DD'),'스터디 그룹 (다국어 기초 학습) 가입이 승인되었습니다.');
Insert into ADMIN.TBL_NOTIFICATION (NOTIFICATION_ID,BOARD_NO,CATEGORY,USER_ID,STATUS,CNT,CREATED_DATE,MESSAGE) values (1063,'371','APP','user13',null,0,to_date('24/10/11','RR/MM/DD'),'스터디 그룹 (스프링프로젝트 하실분!) 가입이 승인되었습니다.');
Insert into ADMIN.TBL_NOTIFICATION (NOTIFICATION_ID,BOARD_NO,CATEGORY,USER_ID,STATUS,CNT,CREATED_DATE,MESSAGE) values (827,'400000157','APP','user04',null,0,to_date('24/10/05','RR/MM/DD'),'새로운 스터디 가입 요청이 있습니다.');
REM INSERTING into ADMIN.TBL_ORDER
SET DEFINE OFF;
Insert into ADMIN.TBL_ORDER (ORDER_ID,USER_ID,ORDER_DATE,SHIPPING_ADDRESS,STATUS,ARRIVED_DATE,IMP) values ('admin_1727680153078','admin',to_date('24/09/30','RR/MM/DD'),264,'배송 완료',to_date('24/10/03','RR/MM/DD'),'rsp.imp_uid');
Insert into ADMIN.TBL_ORDER (ORDER_ID,USER_ID,ORDER_DATE,SHIPPING_ADDRESS,STATUS,ARRIVED_DATE,IMP) values ('user04_1727684667745','user04',to_date('24/09/30','RR/MM/DD'),407,'배송 완료',to_date('24/10/03','RR/MM/DD'),'imp_717668630127');
Insert into ADMIN.TBL_ORDER (ORDER_ID,USER_ID,ORDER_DATE,SHIPPING_ADDRESS,STATUS,ARRIVED_DATE,IMP) values ('admin_1727686464226','admin',to_date('24/09/30','RR/MM/DD'),264,'배송 완료',to_date('24/10/03','RR/MM/DD'),'rsp.imp_uid');
Insert into ADMIN.TBL_ORDER (ORDER_ID,USER_ID,ORDER_DATE,SHIPPING_ADDRESS,STATUS,ARRIVED_DATE,IMP) values ('admin_1727950081839','admin',to_date('24/10/03','RR/MM/DD'),429,'환불 처리 완료',to_date('24/10/06','RR/MM/DD'),'rsp.imp_uid');
Insert into ADMIN.TBL_ORDER (ORDER_ID,USER_ID,ORDER_DATE,SHIPPING_ADDRESS,STATUS,ARRIVED_DATE,IMP) values ('admin_1727678314035','admin',to_date('24/09/30','RR/MM/DD'),264,'환불 처리 완료',to_date('24/10/03','RR/MM/DD'),'rsp.imp_uid');
Insert into ADMIN.TBL_ORDER (ORDER_ID,USER_ID,ORDER_DATE,SHIPPING_ADDRESS,STATUS,ARRIVED_DATE,IMP) values ('admin_1727680099035','admin',to_date('24/09/30','RR/MM/DD'),264,'배송 완료',to_date('24/10/03','RR/MM/DD'),'rsp.imp_uid');
Insert into ADMIN.TBL_ORDER (ORDER_ID,USER_ID,ORDER_DATE,SHIPPING_ADDRESS,STATUS,ARRIVED_DATE,IMP) values ('user16_1728552208435','user16',to_date('24/10/10','RR/MM/DD'),485,'환불 처리 완료',to_date('24/10/13','RR/MM/DD'),'imp_331210454295');
Insert into ADMIN.TBL_ORDER (ORDER_ID,USER_ID,ORDER_DATE,SHIPPING_ADDRESS,STATUS,ARRIVED_DATE,IMP) values ('admin_1727745129369','admin',to_date('24/10/01','RR/MM/DD'),264,'배송 완료',to_date('24/10/04','RR/MM/DD'),'rsp.imp_uid');
Insert into ADMIN.TBL_ORDER (ORDER_ID,USER_ID,ORDER_DATE,SHIPPING_ADDRESS,STATUS,ARRIVED_DATE,IMP) values ('admin_1727938621106','admin',to_date('24/10/03','RR/MM/DD'),264,'환불 처리 완료',to_date('24/10/06','RR/MM/DD'),'rsp.imp_uid');
Insert into ADMIN.TBL_ORDER (ORDER_ID,USER_ID,ORDER_DATE,SHIPPING_ADDRESS,STATUS,ARRIVED_DATE,IMP) values ('admin_1727829431706','admin',to_date('24/10/02','RR/MM/DD'),264,'환불 처리 완료',to_date('24/10/05','RR/MM/DD'),'rsp.imp_uid');
Insert into ADMIN.TBL_ORDER (ORDER_ID,USER_ID,ORDER_DATE,SHIPPING_ADDRESS,STATUS,ARRIVED_DATE,IMP) values ('admin_1727945744924','admin',to_date('24/10/03','RR/MM/DD'),429,'환불 처리 완료',to_date('24/10/06','RR/MM/DD'),'rsp.imp_uid');
Insert into ADMIN.TBL_ORDER (ORDER_ID,USER_ID,ORDER_DATE,SHIPPING_ADDRESS,STATUS,ARRIVED_DATE,IMP) values ('admin_1727745151378','admin',to_date('24/10/01','RR/MM/DD'),264,'배송 완료',to_date('24/10/04','RR/MM/DD'),'rsp.imp_uid');
Insert into ADMIN.TBL_ORDER (ORDER_ID,USER_ID,ORDER_DATE,SHIPPING_ADDRESS,STATUS,ARRIVED_DATE,IMP) values ('admin_1727745560733','admin',to_date('24/10/01','RR/MM/DD'),264,'배송 완료',to_date('24/10/04','RR/MM/DD'),'rsp.imp_uid');
Insert into ADMIN.TBL_ORDER (ORDER_ID,USER_ID,ORDER_DATE,SHIPPING_ADDRESS,STATUS,ARRIVED_DATE,IMP) values ('admin_1727754932148','admin',to_date('24/10/01','RR/MM/DD'),264,'배송 완료',to_date('24/10/04','RR/MM/DD'),'rsp.imp_uid');
Insert into ADMIN.TBL_ORDER (ORDER_ID,USER_ID,ORDER_DATE,SHIPPING_ADDRESS,STATUS,ARRIVED_DATE,IMP) values ('admin_1727760066229','admin',to_date('24/10/01','RR/MM/DD'),264,'배송 완료',to_date('24/10/04','RR/MM/DD'),'rsp.imp_uid');
Insert into ADMIN.TBL_ORDER (ORDER_ID,USER_ID,ORDER_DATE,SHIPPING_ADDRESS,STATUS,ARRIVED_DATE,IMP) values ('admin_1727760286318','admin',to_date('24/10/01','RR/MM/DD'),264,'배송 완료',to_date('24/10/04','RR/MM/DD'),'rsp.imp_uid');
Insert into ADMIN.TBL_ORDER (ORDER_ID,USER_ID,ORDER_DATE,SHIPPING_ADDRESS,STATUS,ARRIVED_DATE,IMP) values ('admin_1727760430076','admin',to_date('24/10/01','RR/MM/DD'),264,'환불 처리 완료',to_date('24/10/04','RR/MM/DD'),'rsp.imp_uid');
Insert into ADMIN.TBL_ORDER (ORDER_ID,USER_ID,ORDER_DATE,SHIPPING_ADDRESS,STATUS,ARRIVED_DATE,IMP) values ('admin_1727760706752','admin',to_date('24/10/01','RR/MM/DD'),264,'환불 처리 완료',to_date('24/10/04','RR/MM/DD'),'rsp.imp_uid');
Insert into ADMIN.TBL_ORDER (ORDER_ID,USER_ID,ORDER_DATE,SHIPPING_ADDRESS,STATUS,ARRIVED_DATE,IMP) values ('admin_1727761750047','admin',to_date('24/10/01','RR/MM/DD'),264,'배송 완료',to_date('24/10/04','RR/MM/DD'),'rsp.imp_uid');
Insert into ADMIN.TBL_ORDER (ORDER_ID,USER_ID,ORDER_DATE,SHIPPING_ADDRESS,STATUS,ARRIVED_DATE,IMP) values ('user03_1728305573299','user03',to_date('24/10/07','RR/MM/DD'),464,'배송 완료',to_date('24/10/10','RR/MM/DD'),'imp_766570639616');
Insert into ADMIN.TBL_ORDER (ORDER_ID,USER_ID,ORDER_DATE,SHIPPING_ADDRESS,STATUS,ARRIVED_DATE,IMP) values ('admin_1727663995342','admin',to_date('24/09/30','RR/MM/DD'),264,'배송 완료',to_date('24/10/03','RR/MM/DD'),'imp_056995792107');
Insert into ADMIN.TBL_ORDER (ORDER_ID,USER_ID,ORDER_DATE,SHIPPING_ADDRESS,STATUS,ARRIVED_DATE,IMP) values ('admin_1727703337984','admin',to_date('24/09/30','RR/MM/DD'),264,'배송 완료',to_date('24/10/03','RR/MM/DD'),'rsp.imp_uid');
Insert into ADMIN.TBL_ORDER (ORDER_ID,USER_ID,ORDER_DATE,SHIPPING_ADDRESS,STATUS,ARRIVED_DATE,IMP) values ('admin_1728632354671','admin',to_date('24/10/11','RR/MM/DD'),429,'환불 처리 완료',to_date('24/10/14','RR/MM/DD'),'imp_505354501058');
Insert into ADMIN.TBL_ORDER (ORDER_ID,USER_ID,ORDER_DATE,SHIPPING_ADDRESS,STATUS,ARRIVED_DATE,IMP) values ('admin_1727685020966','admin',to_date('24/09/30','RR/MM/DD'),264,'배송 완료',to_date('24/10/03','RR/MM/DD'),'rsp.imp_uid');
Insert into ADMIN.TBL_ORDER (ORDER_ID,USER_ID,ORDER_DATE,SHIPPING_ADDRESS,STATUS,ARRIVED_DATE,IMP) values ('admin_1727755034847','admin',to_date('24/10/01','RR/MM/DD'),264,'배송 완료',to_date('24/10/04','RR/MM/DD'),'rsp.imp_uid');
Insert into ADMIN.TBL_ORDER (ORDER_ID,USER_ID,ORDER_DATE,SHIPPING_ADDRESS,STATUS,ARRIVED_DATE,IMP) values ('admin_1727760162969','admin',to_date('24/10/01','RR/MM/DD'),264,'배송 완료',to_date('24/10/04','RR/MM/DD'),'rsp.imp_uid');
Insert into ADMIN.TBL_ORDER (ORDER_ID,USER_ID,ORDER_DATE,SHIPPING_ADDRESS,STATUS,ARRIVED_DATE,IMP) values ('admin_1727978501521','admin',to_date('24/10/04','RR/MM/DD'),429,'환불 처리 완료',to_date('24/10/07','RR/MM/DD'),'rsp.imp_uid');
Insert into ADMIN.TBL_ORDER (ORDER_ID,USER_ID,ORDER_DATE,SHIPPING_ADDRESS,STATUS,ARRIVED_DATE,IMP) values ('admin_1727678979117','admin',to_date('24/09/30','RR/MM/DD'),264,'배송 완료',to_date('24/10/03','RR/MM/DD'),'rsp.imp_uid');
Insert into ADMIN.TBL_ORDER (ORDER_ID,USER_ID,ORDER_DATE,SHIPPING_ADDRESS,STATUS,ARRIVED_DATE,IMP) values ('admin_1727679996064','admin',to_date('24/09/30','RR/MM/DD'),264,'배송 완료',to_date('24/10/03','RR/MM/DD'),'rsp.imp_uid');
Insert into ADMIN.TBL_ORDER (ORDER_ID,USER_ID,ORDER_DATE,SHIPPING_ADDRESS,STATUS,ARRIVED_DATE,IMP) values ('admin_1728223822543','admin',to_date('24/10/06','RR/MM/DD'),429,'환불 처리 완료',to_date('24/10/09','RR/MM/DD'),'imp_871822213859');
Insert into ADMIN.TBL_ORDER (ORDER_ID,USER_ID,ORDER_DATE,SHIPPING_ADDRESS,STATUS,ARRIVED_DATE,IMP) values ('user03_1728259776071','user03',to_date('24/10/07','RR/MM/DD'),464,'환불 처리 완료',to_date('24/10/10','RR/MM/DD'),'imp_268777788068');
Insert into ADMIN.TBL_ORDER (ORDER_ID,USER_ID,ORDER_DATE,SHIPPING_ADDRESS,STATUS,ARRIVED_DATE,IMP) values ('admin_1728265087447','admin',to_date('24/10/07','RR/MM/DD'),429,'환불 처리 완료',to_date('24/10/10','RR/MM/DD'),'imp_875087796735');
Insert into ADMIN.TBL_ORDER (ORDER_ID,USER_ID,ORDER_DATE,SHIPPING_ADDRESS,STATUS,ARRIVED_DATE,IMP) values ('user03_1728371162470','user03',to_date('24/10/08','RR/MM/DD'),464,'환불 처리 완료',to_date('24/10/11','RR/MM/DD'),'imp_554163298785');
REM INSERTING into ADMIN.TBL_ORDER_ITEM
SET DEFINE OFF;
Insert into ADMIN.TBL_ORDER_ITEM (ORDER_ID,BOOK_ID,QUANTITY,PRICE,STATUS) values ('admin_1727680153078',9781569317778,1,40000,null);
Insert into ADMIN.TBL_ORDER_ITEM (ORDER_ID,BOOK_ID,QUANTITY,PRICE,STATUS) values ('user04_1727684667745',9788954608640,1,6200,null);
Insert into ADMIN.TBL_ORDER_ITEM (ORDER_ID,BOOK_ID,QUANTITY,PRICE,STATUS) values ('admin_1727678314035',9791172880576,1,18000,null);
Insert into ADMIN.TBL_ORDER_ITEM (ORDER_ID,BOOK_ID,QUANTITY,PRICE,STATUS) values ('admin_1727686464226',9791191013597,1,22280,null);
Insert into ADMIN.TBL_ORDER_ITEM (ORDER_ID,BOOK_ID,QUANTITY,PRICE,STATUS) values ('admin_1727950081839',9780099549055,1,15210,null);
Insert into ADMIN.TBL_ORDER_ITEM (ORDER_ID,BOOK_ID,QUANTITY,PRICE,STATUS) values ('user16_1728552208435',9791161508788,1,8740,null);
Insert into ADMIN.TBL_ORDER_ITEM (ORDER_ID,BOOK_ID,QUANTITY,PRICE,STATUS) values ('admin_1727680099035',9784197700868,1,10290,null);
Insert into ADMIN.TBL_ORDER_ITEM (ORDER_ID,BOOK_ID,QUANTITY,PRICE,STATUS) values ('admin_1727745129369',9788932473901,1,18000,null);
Insert into ADMIN.TBL_ORDER_ITEM (ORDER_ID,BOOK_ID,QUANTITY,PRICE,STATUS) values ('admin_1727829431706',9780099549055,1,15210,null);
Insert into ADMIN.TBL_ORDER_ITEM (ORDER_ID,BOOK_ID,QUANTITY,PRICE,STATUS) values ('admin_1727745129369',9788901281797,1,19800,null);
Insert into ADMIN.TBL_ORDER_ITEM (ORDER_ID,BOOK_ID,QUANTITY,PRICE,STATUS) values ('admin_1727745129369',9788947286824,1,26100,null);
Insert into ADMIN.TBL_ORDER_ITEM (ORDER_ID,BOOK_ID,QUANTITY,PRICE,STATUS) values ('admin_1727829431706',9780126567557,1,54590,null);
Insert into ADMIN.TBL_ORDER_ITEM (ORDER_ID,BOOK_ID,QUANTITY,PRICE,STATUS) values ('admin_1727938621106',9788934003861,1,12420,null);
Insert into ADMIN.TBL_ORDER_ITEM (ORDER_ID,BOOK_ID,QUANTITY,PRICE,STATUS) values ('admin_1727945744924',9780099549055,1,15210,null);
Insert into ADMIN.TBL_ORDER_ITEM (ORDER_ID,BOOK_ID,QUANTITY,PRICE,STATUS) values ('admin_1727745151378',9788901281797,1,19800,null);
Insert into ADMIN.TBL_ORDER_ITEM (ORDER_ID,BOOK_ID,QUANTITY,PRICE,STATUS) values ('admin_1727745560733',9791140709403,2,19610,null);
Insert into ADMIN.TBL_ORDER_ITEM (ORDER_ID,BOOK_ID,QUANTITY,PRICE,STATUS) values ('admin_1727754932148',9780126567557,1,54590,null);
Insert into ADMIN.TBL_ORDER_ITEM (ORDER_ID,BOOK_ID,QUANTITY,PRICE,STATUS) values ('admin_1727760066229',9781569317778,1,40000,null);
Insert into ADMIN.TBL_ORDER_ITEM (ORDER_ID,BOOK_ID,QUANTITY,PRICE,STATUS) values ('admin_1727760286318',9791171010998,1,23400,null);
Insert into ADMIN.TBL_ORDER_ITEM (ORDER_ID,BOOK_ID,QUANTITY,PRICE,STATUS) values ('admin_1727760430076',9788901281797,1,19800,null);
Insert into ADMIN.TBL_ORDER_ITEM (ORDER_ID,BOOK_ID,QUANTITY,PRICE,STATUS) values ('admin_1727760706752',9788901281797,1,19800,null);
Insert into ADMIN.TBL_ORDER_ITEM (ORDER_ID,BOOK_ID,QUANTITY,PRICE,STATUS) values ('admin_1727761750047',9788901281797,1,19800,null);
Insert into ADMIN.TBL_ORDER_ITEM (ORDER_ID,BOOK_ID,QUANTITY,PRICE,STATUS) values ('user03_1728305573299',9788960779631,1,22500,null);
Insert into ADMIN.TBL_ORDER_ITEM (ORDER_ID,BOOK_ID,QUANTITY,PRICE,STATUS) values ('user03_1728305573299',9788960884663,2,15150,null);
Insert into ADMIN.TBL_ORDER_ITEM (ORDER_ID,BOOK_ID,QUANTITY,PRICE,STATUS) values ('user03_1728305573299',9788936314217,1,22500,null);
Insert into ADMIN.TBL_ORDER_ITEM (ORDER_ID,BOOK_ID,QUANTITY,PRICE,STATUS) values ('admin_1727663995342',9788901281797,1,19800,null);
Insert into ADMIN.TBL_ORDER_ITEM (ORDER_ID,BOOK_ID,QUANTITY,PRICE,STATUS) values ('admin_1727703337984',9791193686492,1,26730,null);
Insert into ADMIN.TBL_ORDER_ITEM (ORDER_ID,BOOK_ID,QUANTITY,PRICE,STATUS) values ('admin_1727703337984',9791193638408,1,16600,null);
Insert into ADMIN.TBL_ORDER_ITEM (ORDER_ID,BOOK_ID,QUANTITY,PRICE,STATUS) values ('admin_1727703337984',9791168622760,1,19800,null);
Insert into ADMIN.TBL_ORDER_ITEM (ORDER_ID,BOOK_ID,QUANTITY,PRICE,STATUS) values ('admin_1728632354671',9791172880576,1,18000,null);
Insert into ADMIN.TBL_ORDER_ITEM (ORDER_ID,BOOK_ID,QUANTITY,PRICE,STATUS) values ('admin_1727685020966',9781569317778,1,40000,null);
Insert into ADMIN.TBL_ORDER_ITEM (ORDER_ID,BOOK_ID,QUANTITY,PRICE,STATUS) values ('admin_1727755034847',9781569317778,1,40000,null);
Insert into ADMIN.TBL_ORDER_ITEM (ORDER_ID,BOOK_ID,QUANTITY,PRICE,STATUS) values ('admin_1727678979117',9788966264438,1,24300,null);
Insert into ADMIN.TBL_ORDER_ITEM (ORDER_ID,BOOK_ID,QUANTITY,PRICE,STATUS) values ('admin_1727679996064',9788966264438,1,24300,null);
Insert into ADMIN.TBL_ORDER_ITEM (ORDER_ID,BOOK_ID,QUANTITY,PRICE,STATUS) values ('admin_1727760162969',9780099549055,1,15210,null);
Insert into ADMIN.TBL_ORDER_ITEM (ORDER_ID,BOOK_ID,QUANTITY,PRICE,STATUS) values ('admin_1727760162969',9788901281797,1,19800,null);
Insert into ADMIN.TBL_ORDER_ITEM (ORDER_ID,BOOK_ID,QUANTITY,PRICE,STATUS) values ('admin_1727978501521',9788957313916,1,15300,null);
Insert into ADMIN.TBL_ORDER_ITEM (ORDER_ID,BOOK_ID,QUANTITY,PRICE,STATUS) values ('admin_1727978501521',9780126567557,1,54590,null);
Insert into ADMIN.TBL_ORDER_ITEM (ORDER_ID,BOOK_ID,QUANTITY,PRICE,STATUS) values ('admin_1727978501521',9780099549055,2,15210,null);
Insert into ADMIN.TBL_ORDER_ITEM (ORDER_ID,BOOK_ID,QUANTITY,PRICE,STATUS) values ('admin_1728223822543',8809500910275,1,14400,null);
Insert into ADMIN.TBL_ORDER_ITEM (ORDER_ID,BOOK_ID,QUANTITY,PRICE,STATUS) values ('user03_1728259776071',9788954737036,1,4500,null);
Insert into ADMIN.TBL_ORDER_ITEM (ORDER_ID,BOOK_ID,QUANTITY,PRICE,STATUS) values ('admin_1728265087447',9788901150604,1,12420,null);
Insert into ADMIN.TBL_ORDER_ITEM (ORDER_ID,BOOK_ID,QUANTITY,PRICE,STATUS) values ('user03_1728371162470',9791190669313,1,2950,null);
REM INSERTING into ADMIN.TBL_REFUND
SET DEFINE OFF;
Insert into ADMIN.TBL_REFUND (REFUND_ID,ORDER_ID,REASON,CREATED_DATE,UPDATE_DATE,REFUND_FILE) values ('admin_2024-10-04T03:02:39.829731900','admin_1727978501521',null,to_date('24/10/04','RR/MM/DD'),null,800000042);
Insert into ADMIN.TBL_REFUND (REFUND_ID,ORDER_ID,REASON,CREATED_DATE,UPDATE_DATE,REFUND_FILE) values ('admin_2024-10-04T04:27:21.952581800','admin_1727978501521','더 저렴한 상품을 발견함',to_date('24/10/04','RR/MM/DD'),null,800000043);
Insert into ADMIN.TBL_REFUND (REFUND_ID,ORDER_ID,REASON,CREATED_DATE,UPDATE_DATE,REFUND_FILE) values ('admin_2024-09-30T22:38:23.142017400','admin_1727703337984','더 저렴한 상품을 발견함',to_date('24/09/30','RR/MM/DD'),null,800000038);
Insert into ADMIN.TBL_REFUND (REFUND_ID,ORDER_ID,REASON,CREATED_DATE,UPDATE_DATE,REFUND_FILE) values ('admin_2024-10-03T23:08:37.844079300','admin_1727950081839','d',to_date('24/10/03','RR/MM/DD'),null,800000040);
Insert into ADMIN.TBL_REFUND (REFUND_ID,ORDER_ID,REASON,CREATED_DATE,UPDATE_DATE,REFUND_FILE) values ('admin_2024-10-04T11:44:59.467434100','admin_1727945744924','다른거같은데?',to_date('24/10/04','RR/MM/DD'),null,800000044);
Insert into ADMIN.TBL_REFUND (REFUND_ID,ORDER_ID,REASON,CREATED_DATE,UPDATE_DATE,REFUND_FILE) values ('admin_2024-10-04T12:51:58.698624200','admin_1727760706752','더 저렴한 상품을 발견함',to_date('24/10/04','RR/MM/DD'),null,800000046);
Insert into ADMIN.TBL_REFUND (REFUND_ID,ORDER_ID,REASON,CREATED_DATE,UPDATE_DATE,REFUND_FILE) values ('admin_2024-10-04T13:01:46.257793800','admin_1727760430076','더 저렴한 상품을 발견함',to_date('24/10/04','RR/MM/DD'),null,800000047);
Insert into ADMIN.TBL_REFUND (REFUND_ID,ORDER_ID,REASON,CREATED_DATE,UPDATE_DATE,REFUND_FILE) values ('admin_2024-10-07T12:50:22.031357800','admin_1727678314035','그 외 문제 포뇨가 별로에요',to_date('24/10/07','RR/MM/DD'),null,800000051);
Insert into ADMIN.TBL_REFUND (REFUND_ID,ORDER_ID,REASON,CREATED_DATE,UPDATE_DATE,REFUND_FILE) values ('user03_2024-10-08T07:07:48.788376840','user03_1728371162470','상품이 파손되어 배송됨 책이 구부려졌어요 ',to_date('24/10/08','RR/MM/DD'),null,800000052);
Insert into ADMIN.TBL_REFUND (REFUND_ID,ORDER_ID,REASON,CREATED_DATE,UPDATE_DATE,REFUND_FILE) values ('user16_2024-10-10T18:25:54.813049900','user16_1728552208435','상품이 파손되어 배송됨 책이 찢어짐',to_date('24/10/10','RR/MM/DD'),null,800000053);
Insert into ADMIN.TBL_REFUND (REFUND_ID,ORDER_ID,REASON,CREATED_DATE,UPDATE_DATE,REFUND_FILE) values ('admin_2024-10-02T00:34:06.415737400','admin_1727760286318','더 저렴한 상품을 발견함',to_date('24/10/02','RR/MM/DD'),null,800000039);
Insert into ADMIN.TBL_REFUND (REFUND_ID,ORDER_ID,REASON,CREATED_DATE,UPDATE_DATE,REFUND_FILE) values ('user03_2024-10-07T09:10:31.746688600','user03_1728259776071','이딴걸 팔아요 ? ㅋㅋ',to_date('24/10/07','RR/MM/DD'),null,800000049);
Insert into ADMIN.TBL_REFUND (REFUND_ID,ORDER_ID,REASON,CREATED_DATE,UPDATE_DATE,REFUND_FILE) values ('admin_2024-10-04T02:29:11.500787200','admin_1727829431706','요청과 다르게 배송되어 분실됨',to_date('24/10/04','RR/MM/DD'),null,800000041);
Insert into ADMIN.TBL_REFUND (REFUND_ID,ORDER_ID,REASON,CREATED_DATE,UPDATE_DATE,REFUND_FILE) values ('admin_2024-10-07T10:42:18.915582300','admin_1728265087447','상품은 아니고 고양이가 제 마음을 부숴서 책을 볼 시간이 없어요',to_date('24/10/07','RR/MM/DD'),null,800000050);
Insert into ADMIN.TBL_REFUND (REFUND_ID,ORDER_ID,REASON,CREATED_DATE,UPDATE_DATE,REFUND_FILE) values ('admin_2024-10-04T12:39:15.915264300','admin_1727938621106','더 저렴한 상품을 발견함',to_date('24/10/04','RR/MM/DD'),null,800000045);
Insert into ADMIN.TBL_REFUND (REFUND_ID,ORDER_ID,REASON,CREATED_DATE,UPDATE_DATE,REFUND_FILE) values ('admin_2024-10-11T16:42:46.074575500','admin_1728632354671','상품이 파손되어 배송됨 책이 뜯어짐',to_date('24/10/11','RR/MM/DD'),null,800000054);
Insert into ADMIN.TBL_REFUND (REFUND_ID,ORDER_ID,REASON,CREATED_DATE,UPDATE_DATE,REFUND_FILE) values ('admin_2024-09-30T11:49:52.720479500','admin_1727663995342','더 저렴한 상품을 발견함',to_date('24/09/30','RR/MM/DD'),null,800000037);
Insert into ADMIN.TBL_REFUND (REFUND_ID,ORDER_ID,REASON,CREATED_DATE,UPDATE_DATE,REFUND_FILE) values ('admin_2024-10-06T23:13:51.549495100','admin_1728223822543','다 부서져서 사진처럼 변했어요',to_date('24/10/06','RR/MM/DD'),null,800000048);
REM INSERTING into ADMIN.TBL_REFUND_ITEM
SET DEFINE OFF;
Insert into ADMIN.TBL_REFUND_ITEM (REFUND_ID,BOOK_ID,QUANTITY,STATUS,REJECT_COMMENT) values ('admin_2024-10-03T23:08:37.844079300',9780099549055,1,'승인됨',null);
Insert into ADMIN.TBL_REFUND_ITEM (REFUND_ID,BOOK_ID,QUANTITY,STATUS,REJECT_COMMENT) values ('admin_2024-10-04T03:02:39.829731900',9788957313916,1,'승인됨',null);
Insert into ADMIN.TBL_REFUND_ITEM (REFUND_ID,BOOK_ID,QUANTITY,STATUS,REJECT_COMMENT) values ('admin_2024-10-04T04:27:21.952581800',9780126567557,1,'승인됨',null);
Insert into ADMIN.TBL_REFUND_ITEM (REFUND_ID,BOOK_ID,QUANTITY,STATUS,REJECT_COMMENT) values ('admin_2024-10-04T11:44:59.467434100',9780099549055,1,'승인됨',null);
Insert into ADMIN.TBL_REFUND_ITEM (REFUND_ID,BOOK_ID,QUANTITY,STATUS,REJECT_COMMENT) values ('admin_2024-09-30T22:38:23.142017400',9791168622760,1,'승인됨',null);
Insert into ADMIN.TBL_REFUND_ITEM (REFUND_ID,BOOK_ID,QUANTITY,STATUS,REJECT_COMMENT) values ('admin_2024-09-30T22:38:23.142017400',9791193638408,1,'승인됨',null);
Insert into ADMIN.TBL_REFUND_ITEM (REFUND_ID,BOOK_ID,QUANTITY,STATUS,REJECT_COMMENT) values ('admin_2024-10-04T12:51:58.698624200',9788901281797,1,'승인됨',null);
Insert into ADMIN.TBL_REFUND_ITEM (REFUND_ID,BOOK_ID,QUANTITY,STATUS,REJECT_COMMENT) values ('admin_2024-10-04T13:01:46.257793800',9788901281797,1,'승인됨',null);
Insert into ADMIN.TBL_REFUND_ITEM (REFUND_ID,BOOK_ID,QUANTITY,STATUS,REJECT_COMMENT) values ('admin_2024-10-07T12:50:22.031357800',9791172880576,1,'거절됨','아뇨? 포뇨 귀여운데요?');
Insert into ADMIN.TBL_REFUND_ITEM (REFUND_ID,BOOK_ID,QUANTITY,STATUS,REJECT_COMMENT) values ('user03_2024-10-08T07:07:48.788376840',9791190669313,1,'승인됨',null);
Insert into ADMIN.TBL_REFUND_ITEM (REFUND_ID,BOOK_ID,QUANTITY,STATUS,REJECT_COMMENT) values ('user16_2024-10-10T18:25:54.813049900',9791161508788,1,'승인됨',null);
Insert into ADMIN.TBL_REFUND_ITEM (REFUND_ID,BOOK_ID,QUANTITY,STATUS,REJECT_COMMENT) values ('user03_2024-10-07T09:10:31.746688600',9788954737036,1,'승인됨',null);
Insert into ADMIN.TBL_REFUND_ITEM (REFUND_ID,BOOK_ID,QUANTITY,STATUS,REJECT_COMMENT) values ('admin_2024-10-02T00:34:06.415737400',9791171010998,1,'거절됨','못생겨서
');
Insert into ADMIN.TBL_REFUND_ITEM (REFUND_ID,BOOK_ID,QUANTITY,STATUS,REJECT_COMMENT) values ('admin_2024-10-07T10:42:18.915582300',9788901150604,1,'승인됨',null);
Insert into ADMIN.TBL_REFUND_ITEM (REFUND_ID,BOOK_ID,QUANTITY,STATUS,REJECT_COMMENT) values ('admin_2024-10-04T02:29:11.500787200',9780126567557,1,'승인됨',null);
Insert into ADMIN.TBL_REFUND_ITEM (REFUND_ID,BOOK_ID,QUANTITY,STATUS,REJECT_COMMENT) values ('admin_2024-10-04T12:39:15.915264300',9788934003861,1,'승인됨',null);
Insert into ADMIN.TBL_REFUND_ITEM (REFUND_ID,BOOK_ID,QUANTITY,STATUS,REJECT_COMMENT) values ('admin_2024-10-11T16:42:46.074575500',9791172880576,1,'승인됨',null);
Insert into ADMIN.TBL_REFUND_ITEM (REFUND_ID,BOOK_ID,QUANTITY,STATUS,REJECT_COMMENT) values ('admin_2024-10-06T23:13:51.549495100',8809500910275,1,'승인됨',null);
Insert into ADMIN.TBL_REFUND_ITEM (REFUND_ID,BOOK_ID,QUANTITY,STATUS,REJECT_COMMENT) values ('admin_2024-09-30T11:49:52.720479500',9788901281797,1,'승인됨',null);
REM INSERTING into ADMIN.TBL_REFUND_REASON_LIST
SET DEFINE OFF;
Insert into ADMIN.TBL_REFUND_REASON_LIST (REASON_ID,REASON_TEXT,TEXTAREA,FILE_UPLOAD,PARENT_REASON_ID) values (1,'배송 문제','N','N',null);
Insert into ADMIN.TBL_REFUND_REASON_LIST (REASON_ID,REASON_TEXT,TEXTAREA,FILE_UPLOAD,PARENT_REASON_ID) values (2,'상품 문제','N','N',null);
Insert into ADMIN.TBL_REFUND_REASON_LIST (REASON_ID,REASON_TEXT,TEXTAREA,FILE_UPLOAD,PARENT_REASON_ID) values (3,'단순 변심','N','N',null);
Insert into ADMIN.TBL_REFUND_REASON_LIST (REASON_ID,REASON_TEXT,TEXTAREA,FILE_UPLOAD,PARENT_REASON_ID) values (11,'다른 상품이 배송됨','Y','Y',1);
Insert into ADMIN.TBL_REFUND_REASON_LIST (REASON_ID,REASON_TEXT,TEXTAREA,FILE_UPLOAD,PARENT_REASON_ID) values (12,'배송된 장소에 박스가 분실됨','N','N',1);
Insert into ADMIN.TBL_REFUND_REASON_LIST (REASON_ID,REASON_TEXT,TEXTAREA,FILE_UPLOAD,PARENT_REASON_ID) values (13,'다른 주소로 배송됨','N','N',1);
Insert into ADMIN.TBL_REFUND_REASON_LIST (REASON_ID,REASON_TEXT,TEXTAREA,FILE_UPLOAD,PARENT_REASON_ID) values (121,'배송완료 사진에 있는 박스가 없음','N','N',12);
Insert into ADMIN.TBL_REFUND_REASON_LIST (REASON_ID,REASON_TEXT,TEXTAREA,FILE_UPLOAD,PARENT_REASON_ID) values (122,'요청과 다르게 배송되어 분실됨','N','N',12);
Insert into ADMIN.TBL_REFUND_REASON_LIST (REASON_ID,REASON_TEXT,TEXTAREA,FILE_UPLOAD,PARENT_REASON_ID) values (123,'그 외 문제','Y','N',12);
Insert into ADMIN.TBL_REFUND_REASON_LIST (REASON_ID,REASON_TEXT,TEXTAREA,FILE_UPLOAD,PARENT_REASON_ID) values (131,'배송완료 사진이 선택한 주소와 다름','Y','Y',13);
Insert into ADMIN.TBL_REFUND_REASON_LIST (REASON_ID,REASON_TEXT,TEXTAREA,FILE_UPLOAD,PARENT_REASON_ID) values (132,'주소를 잘못 선택하고 주문함','Y','Y',13);
Insert into ADMIN.TBL_REFUND_REASON_LIST (REASON_ID,REASON_TEXT,TEXTAREA,FILE_UPLOAD,PARENT_REASON_ID) values (133,'요청과 다르게 배송됨 (문앞, 경비실 등)','Y','Y',13);
Insert into ADMIN.TBL_REFUND_REASON_LIST (REASON_ID,REASON_TEXT,TEXTAREA,FILE_UPLOAD,PARENT_REASON_ID) values (134,'그 외 문제','Y','Y',13);
Insert into ADMIN.TBL_REFUND_REASON_LIST (REASON_ID,REASON_TEXT,TEXTAREA,FILE_UPLOAD,PARENT_REASON_ID) values (21,'상품이 파손되어 배송됨','Y','Y',2);
Insert into ADMIN.TBL_REFUND_REASON_LIST (REASON_ID,REASON_TEXT,TEXTAREA,FILE_UPLOAD,PARENT_REASON_ID) values (31,'상품이 마음에 들지 않음','Y','N',3);
Insert into ADMIN.TBL_REFUND_REASON_LIST (REASON_ID,REASON_TEXT,TEXTAREA,FILE_UPLOAD,PARENT_REASON_ID) values (32,'더 저렴한 상품을 발견함','N','N',3);
REM INSERTING into ADMIN.TBL_REVIEW
SET DEFINE OFF;
Insert into ADMIN.TBL_REVIEW (REVIEW_ID,USER_ID,BOOK_ID,RATING,CREATED_AT) values (157,'USER55',9788909190237,4,to_timestamp('24/10/06 15:01:05.000000000','RR/MM/DD HH24:MI:SSXFF'));
Insert into ADMIN.TBL_REVIEW (REVIEW_ID,USER_ID,BOOK_ID,RATING,CREATED_AT) values (158,'USER88',9788909190237,1,to_timestamp('24/10/06 15:01:05.000000000','RR/MM/DD HH24:MI:SSXFF'));
Insert into ADMIN.TBL_REVIEW (REVIEW_ID,USER_ID,BOOK_ID,RATING,CREATED_AT) values (160,'USER39',9788909190237,4,to_timestamp('24/10/06 15:01:05.000000000','RR/MM/DD HH24:MI:SSXFF'));
Insert into ADMIN.TBL_REVIEW (REVIEW_ID,USER_ID,BOOK_ID,RATING,CREATED_AT) values (161,'USER10',9788909190237,3,to_timestamp('24/10/06 15:01:05.000000000','RR/MM/DD HH24:MI:SSXFF'));
Insert into ADMIN.TBL_REVIEW (REVIEW_ID,USER_ID,BOOK_ID,RATING,CREATED_AT) values (163,'USER59',9788966185078,4,to_timestamp('24/10/06 15:01:05.000000000','RR/MM/DD HH24:MI:SSXFF'));
Insert into ADMIN.TBL_REVIEW (REVIEW_ID,USER_ID,BOOK_ID,RATING,CREATED_AT) values (165,'USER97',9788966185078,3,to_timestamp('24/10/06 15:01:05.000000000','RR/MM/DD HH24:MI:SSXFF'));
Insert into ADMIN.TBL_REVIEW (REVIEW_ID,USER_ID,BOOK_ID,RATING,CREATED_AT) values (166,'USER34',9788966185078,3,to_timestamp('24/10/06 15:01:05.000000000','RR/MM/DD HH24:MI:SSXFF'));
Insert into ADMIN.TBL_REVIEW (REVIEW_ID,USER_ID,BOOK_ID,RATING,CREATED_AT) values (167,'USER74',9788966185078,4,to_timestamp('24/10/06 15:01:05.000000000','RR/MM/DD HH24:MI:SSXFF'));
Insert into ADMIN.TBL_REVIEW (REVIEW_ID,USER_ID,BOOK_ID,RATING,CREATED_AT) values (168,'USER23',9788966185078,3,to_timestamp('24/10/06 15:01:05.000000000','RR/MM/DD HH24:MI:SSXFF'));
Insert into ADMIN.TBL_REVIEW (REVIEW_ID,USER_ID,BOOK_ID,RATING,CREATED_AT) values (169,'USER35',8809500910275,1,to_timestamp('24/10/06 15:01:05.000000000','RR/MM/DD HH24:MI:SSXFF'));
Insert into ADMIN.TBL_REVIEW (REVIEW_ID,USER_ID,BOOK_ID,RATING,CREATED_AT) values (170,'USER21',8809500910275,2,to_timestamp('24/10/06 15:01:05.000000000','RR/MM/DD HH24:MI:SSXFF'));
Insert into ADMIN.TBL_REVIEW (REVIEW_ID,USER_ID,BOOK_ID,RATING,CREATED_AT) values (171,'USER58',8809500910275,1,to_timestamp('24/10/06 15:01:05.000000000','RR/MM/DD HH24:MI:SSXFF'));
Insert into ADMIN.TBL_REVIEW (REVIEW_ID,USER_ID,BOOK_ID,RATING,CREATED_AT) values (172,'USER72',8809500910275,3,to_timestamp('24/10/06 15:01:05.000000000','RR/MM/DD HH24:MI:SSXFF'));
Insert into ADMIN.TBL_REVIEW (REVIEW_ID,USER_ID,BOOK_ID,RATING,CREATED_AT) values (173,'USER70',8809500910275,4,to_timestamp('24/10/06 15:01:05.000000000','RR/MM/DD HH24:MI:SSXFF'));
Insert into ADMIN.TBL_REVIEW (REVIEW_ID,USER_ID,BOOK_ID,RATING,CREATED_AT) values (174,'USER95',9788965425069,2,to_timestamp('24/10/06 15:01:05.000000000','RR/MM/DD HH24:MI:SSXFF'));
Insert into ADMIN.TBL_REVIEW (REVIEW_ID,USER_ID,BOOK_ID,RATING,CREATED_AT) values (175,'USER86',9788965425069,4,to_timestamp('24/10/06 15:01:05.000000000','RR/MM/DD HH24:MI:SSXFF'));
Insert into ADMIN.TBL_REVIEW (REVIEW_ID,USER_ID,BOOK_ID,RATING,CREATED_AT) values (176,'USER43',9788965425069,5,to_timestamp('24/10/06 15:01:05.000000000','RR/MM/DD HH24:MI:SSXFF'));
Insert into ADMIN.TBL_REVIEW (REVIEW_ID,USER_ID,BOOK_ID,RATING,CREATED_AT) values (177,'USER88',9788965425069,1,to_timestamp('24/10/06 15:01:05.000000000','RR/MM/DD HH24:MI:SSXFF'));
Insert into ADMIN.TBL_REVIEW (REVIEW_ID,USER_ID,BOOK_ID,RATING,CREATED_AT) values (178,'USER24',9788965425069,1,to_timestamp('24/10/06 15:01:05.000000000','RR/MM/DD HH24:MI:SSXFF'));
Insert into ADMIN.TBL_REVIEW (REVIEW_ID,USER_ID,BOOK_ID,RATING,CREATED_AT) values (179,'USER05',9788965425069,1,to_timestamp('24/10/06 15:01:05.000000000','RR/MM/DD HH24:MI:SSXFF'));
Insert into ADMIN.TBL_REVIEW (REVIEW_ID,USER_ID,BOOK_ID,RATING,CREATED_AT) values (180,'USER39',9788965425069,3,to_timestamp('24/10/06 15:01:05.000000000','RR/MM/DD HH24:MI:SSXFF'));
Insert into ADMIN.TBL_REVIEW (REVIEW_ID,USER_ID,BOOK_ID,RATING,CREATED_AT) values (181,'USER90',9788965425069,3,to_timestamp('24/10/06 15:01:05.000000000','RR/MM/DD HH24:MI:SSXFF'));
Insert into ADMIN.TBL_REVIEW (REVIEW_ID,USER_ID,BOOK_ID,RATING,CREATED_AT) values (182,'USER21',9788965425069,5,to_timestamp('24/10/06 15:01:05.000000000','RR/MM/DD HH24:MI:SSXFF'));
Insert into ADMIN.TBL_REVIEW (REVIEW_ID,USER_ID,BOOK_ID,RATING,CREATED_AT) values (183,'USER10',9788965425069,3,to_timestamp('24/10/06 15:01:05.000000000','RR/MM/DD HH24:MI:SSXFF'));
Insert into ADMIN.TBL_REVIEW (REVIEW_ID,USER_ID,BOOK_ID,RATING,CREATED_AT) values (185,'USER54',9791169406369,5,to_timestamp('24/10/06 15:01:05.000000000','RR/MM/DD HH24:MI:SSXFF'));
Insert into ADMIN.TBL_REVIEW (REVIEW_ID,USER_ID,BOOK_ID,RATING,CREATED_AT) values (186,'USER17',9791169406369,5,to_timestamp('24/10/06 15:01:05.000000000','RR/MM/DD HH24:MI:SSXFF'));
Insert into ADMIN.TBL_REVIEW (REVIEW_ID,USER_ID,BOOK_ID,RATING,CREATED_AT) values (187,'USER81',9791169406369,1,to_timestamp('24/10/06 15:01:05.000000000','RR/MM/DD HH24:MI:SSXFF'));
Insert into ADMIN.TBL_REVIEW (REVIEW_ID,USER_ID,BOOK_ID,RATING,CREATED_AT) values (188,'USER13',9791169406369,4,to_timestamp('24/10/06 15:01:05.000000000','RR/MM/DD HH24:MI:SSXFF'));
Insert into ADMIN.TBL_REVIEW (REVIEW_ID,USER_ID,BOOK_ID,RATING,CREATED_AT) values (190,'USER97',9791169406369,4,to_timestamp('24/10/06 15:01:05.000000000','RR/MM/DD HH24:MI:SSXFF'));
Insert into ADMIN.TBL_REVIEW (REVIEW_ID,USER_ID,BOOK_ID,RATING,CREATED_AT) values (191,'USER19',9791169406369,1,to_timestamp('24/10/06 15:01:05.000000000','RR/MM/DD HH24:MI:SSXFF'));
Insert into ADMIN.TBL_REVIEW (REVIEW_ID,USER_ID,BOOK_ID,RATING,CREATED_AT) values (192,'USER41',9791169406369,5,to_timestamp('24/10/06 15:01:05.000000000','RR/MM/DD HH24:MI:SSXFF'));
Insert into ADMIN.TBL_REVIEW (REVIEW_ID,USER_ID,BOOK_ID,RATING,CREATED_AT) values (194,'USER80',9791140710751,3,to_timestamp('24/10/06 15:01:05.000000000','RR/MM/DD HH24:MI:SSXFF'));
Insert into ADMIN.TBL_REVIEW (REVIEW_ID,USER_ID,BOOK_ID,RATING,CREATED_AT) values (195,'USER26',9791140710751,3,to_timestamp('24/10/06 15:01:05.000000000','RR/MM/DD HH24:MI:SSXFF'));
Insert into ADMIN.TBL_REVIEW (REVIEW_ID,USER_ID,BOOK_ID,RATING,CREATED_AT) values (197,'USER17',9791140710751,5,to_timestamp('24/10/06 15:01:05.000000000','RR/MM/DD HH24:MI:SSXFF'));
Insert into ADMIN.TBL_REVIEW (REVIEW_ID,USER_ID,BOOK_ID,RATING,CREATED_AT) values (198,'USER63',9791140710751,2,to_timestamp('24/10/06 15:01:05.000000000','RR/MM/DD HH24:MI:SSXFF'));
Insert into ADMIN.TBL_REVIEW (REVIEW_ID,USER_ID,BOOK_ID,RATING,CREATED_AT) values (199,'USER88',9791140710751,5,to_timestamp('24/10/06 15:01:05.000000000','RR/MM/DD HH24:MI:SSXFF'));
Insert into ADMIN.TBL_REVIEW (REVIEW_ID,USER_ID,BOOK_ID,RATING,CREATED_AT) values (200,'USER60',9788965822257,5,to_timestamp('24/10/06 15:01:05.000000000','RR/MM/DD HH24:MI:SSXFF'));
Insert into ADMIN.TBL_REVIEW (REVIEW_ID,USER_ID,BOOK_ID,RATING,CREATED_AT) values (203,'USER77',9788965822257,1,to_timestamp('24/10/06 15:01:05.000000000','RR/MM/DD HH24:MI:SSXFF'));
Insert into ADMIN.TBL_REVIEW (REVIEW_ID,USER_ID,BOOK_ID,RATING,CREATED_AT) values (205,'USER69',9788965822257,5,to_timestamp('24/10/06 15:01:05.000000000','RR/MM/DD HH24:MI:SSXFF'));
Insert into ADMIN.TBL_REVIEW (REVIEW_ID,USER_ID,BOOK_ID,RATING,CREATED_AT) values (206,'USER71',9788965822257,1,to_timestamp('24/10/06 15:01:05.000000000','RR/MM/DD HH24:MI:SSXFF'));
Insert into ADMIN.TBL_REVIEW (REVIEW_ID,USER_ID,BOOK_ID,RATING,CREATED_AT) values (207,'USER52',9788965822257,2,to_timestamp('24/10/06 15:01:05.000000000','RR/MM/DD HH24:MI:SSXFF'));
Insert into ADMIN.TBL_REVIEW (REVIEW_ID,USER_ID,BOOK_ID,RATING,CREATED_AT) values (208,'USER90',9788965822257,2,to_timestamp('24/10/06 15:01:05.000000000','RR/MM/DD HH24:MI:SSXFF'));
Insert into ADMIN.TBL_REVIEW (REVIEW_ID,USER_ID,BOOK_ID,RATING,CREATED_AT) values (210,'USER93',9791198695109,5,to_timestamp('24/10/06 15:01:05.000000000','RR/MM/DD HH24:MI:SSXFF'));
Insert into ADMIN.TBL_REVIEW (REVIEW_ID,USER_ID,BOOK_ID,RATING,CREATED_AT) values (211,'USER52',9791198695109,1,to_timestamp('24/10/06 15:01:05.000000000','RR/MM/DD HH24:MI:SSXFF'));
Insert into ADMIN.TBL_REVIEW (REVIEW_ID,USER_ID,BOOK_ID,RATING,CREATED_AT) values (212,'USER42',9791198695109,2,to_timestamp('24/10/06 15:01:05.000000000','RR/MM/DD HH24:MI:SSXFF'));
Insert into ADMIN.TBL_REVIEW (REVIEW_ID,USER_ID,BOOK_ID,RATING,CREATED_AT) values (213,'USER45',9791198695109,1,to_timestamp('24/10/06 15:01:05.000000000','RR/MM/DD HH24:MI:SSXFF'));
Insert into ADMIN.TBL_REVIEW (REVIEW_ID,USER_ID,BOOK_ID,RATING,CREATED_AT) values (214,'USER86',9791198695109,3,to_timestamp('24/10/06 15:01:05.000000000','RR/MM/DD HH24:MI:SSXFF'));
Insert into ADMIN.TBL_REVIEW (REVIEW_ID,USER_ID,BOOK_ID,RATING,CREATED_AT) values (215,'USER87',9791198695109,5,to_timestamp('24/10/06 15:01:05.000000000','RR/MM/DD HH24:MI:SSXFF'));
Insert into ADMIN.TBL_REVIEW (REVIEW_ID,USER_ID,BOOK_ID,RATING,CREATED_AT) values (216,'USER20',9791198695109,5,to_timestamp('24/10/06 15:01:05.000000000','RR/MM/DD HH24:MI:SSXFF'));
Insert into ADMIN.TBL_REVIEW (REVIEW_ID,USER_ID,BOOK_ID,RATING,CREATED_AT) values (217,'USER75',9788928107896,1,to_timestamp('24/10/06 15:01:05.000000000','RR/MM/DD HH24:MI:SSXFF'));
Insert into ADMIN.TBL_REVIEW (REVIEW_ID,USER_ID,BOOK_ID,RATING,CREATED_AT) values (218,'USER98',9788928107896,4,to_timestamp('24/10/06 15:01:05.000000000','RR/MM/DD HH24:MI:SSXFF'));
Insert into ADMIN.TBL_REVIEW (REVIEW_ID,USER_ID,BOOK_ID,RATING,CREATED_AT) values (219,'USER23',9788928107896,4,to_timestamp('24/10/06 15:01:05.000000000','RR/MM/DD HH24:MI:SSXFF'));
Insert into ADMIN.TBL_REVIEW (REVIEW_ID,USER_ID,BOOK_ID,RATING,CREATED_AT) values (220,'USER84',9788928107896,1,to_timestamp('24/10/06 15:01:05.000000000','RR/MM/DD HH24:MI:SSXFF'));
Insert into ADMIN.TBL_REVIEW (REVIEW_ID,USER_ID,BOOK_ID,RATING,CREATED_AT) values (221,'USER68',9788928107896,3,to_timestamp('24/10/06 15:01:05.000000000','RR/MM/DD HH24:MI:SSXFF'));
Insert into ADMIN.TBL_REVIEW (REVIEW_ID,USER_ID,BOOK_ID,RATING,CREATED_AT) values (222,'USER99',9788928107896,2,to_timestamp('24/10/06 15:01:05.000000000','RR/MM/DD HH24:MI:SSXFF'));
Insert into ADMIN.TBL_REVIEW (REVIEW_ID,USER_ID,BOOK_ID,RATING,CREATED_AT) values (224,'USER97',9788928107896,4,to_timestamp('24/10/06 15:01:05.000000000','RR/MM/DD HH24:MI:SSXFF'));
Insert into ADMIN.TBL_REVIEW (REVIEW_ID,USER_ID,BOOK_ID,RATING,CREATED_AT) values (225,'USER26',9788954766357,5,to_timestamp('24/10/06 15:01:05.000000000','RR/MM/DD HH24:MI:SSXFF'));
Insert into ADMIN.TBL_REVIEW (REVIEW_ID,USER_ID,BOOK_ID,RATING,CREATED_AT) values (226,'USER67',9788954766357,3,to_timestamp('24/10/06 15:01:05.000000000','RR/MM/DD HH24:MI:SSXFF'));
Insert into ADMIN.TBL_REVIEW (REVIEW_ID,USER_ID,BOOK_ID,RATING,CREATED_AT) values (227,'USER26',9788954766357,5,to_timestamp('24/10/06 15:01:05.000000000','RR/MM/DD HH24:MI:SSXFF'));
Insert into ADMIN.TBL_REVIEW (REVIEW_ID,USER_ID,BOOK_ID,RATING,CREATED_AT) values (228,'USER44',9788954766357,4,to_timestamp('24/10/06 15:01:05.000000000','RR/MM/DD HH24:MI:SSXFF'));
Insert into ADMIN.TBL_REVIEW (REVIEW_ID,USER_ID,BOOK_ID,RATING,CREATED_AT) values (229,'USER40',9788954766357,2,to_timestamp('24/10/06 15:01:05.000000000','RR/MM/DD HH24:MI:SSXFF'));
Insert into ADMIN.TBL_REVIEW (REVIEW_ID,USER_ID,BOOK_ID,RATING,CREATED_AT) values (230,'USER85',9788954766357,5,to_timestamp('24/10/06 15:01:05.000000000','RR/MM/DD HH24:MI:SSXFF'));
Insert into ADMIN.TBL_REVIEW (REVIEW_ID,USER_ID,BOOK_ID,RATING,CREATED_AT) values (231,'USER17',9788954766357,3,to_timestamp('24/10/06 15:01:05.000000000','RR/MM/DD HH24:MI:SSXFF'));
Insert into ADMIN.TBL_REVIEW (REVIEW_ID,USER_ID,BOOK_ID,RATING,CREATED_AT) values (232,'USER48',9788954766357,2,to_timestamp('24/10/06 15:01:05.000000000','RR/MM/DD HH24:MI:SSXFF'));
Insert into ADMIN.TBL_REVIEW (REVIEW_ID,USER_ID,BOOK_ID,RATING,CREATED_AT) values (233,'USER83',9791162404355,2,to_timestamp('24/10/06 15:01:05.000000000','RR/MM/DD HH24:MI:SSXFF'));
Insert into ADMIN.TBL_REVIEW (REVIEW_ID,USER_ID,BOOK_ID,RATING,CREATED_AT) values (234,'USER35',9791162404355,5,to_timestamp('24/10/06 15:01:05.000000000','RR/MM/DD HH24:MI:SSXFF'));
Insert into ADMIN.TBL_REVIEW (REVIEW_ID,USER_ID,BOOK_ID,RATING,CREATED_AT) values (235,'USER90',9791162404355,2,to_timestamp('24/10/06 15:01:05.000000000','RR/MM/DD HH24:MI:SSXFF'));
Insert into ADMIN.TBL_REVIEW (REVIEW_ID,USER_ID,BOOK_ID,RATING,CREATED_AT) values (236,'USER76',9791162404355,4,to_timestamp('24/10/06 15:01:05.000000000','RR/MM/DD HH24:MI:SSXFF'));
Insert into ADMIN.TBL_REVIEW (REVIEW_ID,USER_ID,BOOK_ID,RATING,CREATED_AT) values (237,'USER37',9791162404355,1,to_timestamp('24/10/06 15:01:05.000000000','RR/MM/DD HH24:MI:SSXFF'));
Insert into ADMIN.TBL_REVIEW (REVIEW_ID,USER_ID,BOOK_ID,RATING,CREATED_AT) values (238,'USER34',9791162404355,1,to_timestamp('24/10/06 15:01:05.000000000','RR/MM/DD HH24:MI:SSXFF'));
Insert into ADMIN.TBL_REVIEW (REVIEW_ID,USER_ID,BOOK_ID,RATING,CREATED_AT) values (239,'USER34',9791162404355,3,to_timestamp('24/10/06 15:01:05.000000000','RR/MM/DD HH24:MI:SSXFF'));
Insert into ADMIN.TBL_REVIEW (REVIEW_ID,USER_ID,BOOK_ID,RATING,CREATED_AT) values (240,'USER79',9791162404355,4,to_timestamp('24/10/06 15:01:05.000000000','RR/MM/DD HH24:MI:SSXFF'));
Insert into ADMIN.TBL_REVIEW (REVIEW_ID,USER_ID,BOOK_ID,RATING,CREATED_AT) values (242,'USER27',9791165349936,5,to_timestamp('24/10/06 15:01:05.000000000','RR/MM/DD HH24:MI:SSXFF'));
Insert into ADMIN.TBL_REVIEW (REVIEW_ID,USER_ID,BOOK_ID,RATING,CREATED_AT) values (244,'USER64',9791165349936,1,to_timestamp('24/10/06 15:01:05.000000000','RR/MM/DD HH24:MI:SSXFF'));
Insert into ADMIN.TBL_REVIEW (REVIEW_ID,USER_ID,BOOK_ID,RATING,CREATED_AT) values (245,'USER01',9791165349936,5,to_timestamp('24/10/06 15:01:05.000000000','RR/MM/DD HH24:MI:SSXFF'));
Insert into ADMIN.TBL_REVIEW (REVIEW_ID,USER_ID,BOOK_ID,RATING,CREATED_AT) values (246,'USER41',9791165349936,2,to_timestamp('24/10/06 15:01:05.000000000','RR/MM/DD HH24:MI:SSXFF'));
Insert into ADMIN.TBL_REVIEW (REVIEW_ID,USER_ID,BOOK_ID,RATING,CREATED_AT) values (247,'USER35',9791165349936,5,to_timestamp('24/10/06 15:01:05.000000000','RR/MM/DD HH24:MI:SSXFF'));
Insert into ADMIN.TBL_REVIEW (REVIEW_ID,USER_ID,BOOK_ID,RATING,CREATED_AT) values (249,'USER38',9791165349936,3,to_timestamp('24/10/06 15:01:05.000000000','RR/MM/DD HH24:MI:SSXFF'));
Insert into ADMIN.TBL_REVIEW (REVIEW_ID,USER_ID,BOOK_ID,RATING,CREATED_AT) values (250,'USER43',9791165349936,4,to_timestamp('24/10/06 15:01:05.000000000','RR/MM/DD HH24:MI:SSXFF'));
Insert into ADMIN.TBL_REVIEW (REVIEW_ID,USER_ID,BOOK_ID,RATING,CREATED_AT) values (251,'USER12',9791165349936,4,to_timestamp('24/10/06 15:01:05.000000000','RR/MM/DD HH24:MI:SSXFF'));
Insert into ADMIN.TBL_REVIEW (REVIEW_ID,USER_ID,BOOK_ID,RATING,CREATED_AT) values (252,'USER09',9788954734813,3,to_timestamp('24/10/06 15:01:05.000000000','RR/MM/DD HH24:MI:SSXFF'));
Insert into ADMIN.TBL_REVIEW (REVIEW_ID,USER_ID,BOOK_ID,RATING,CREATED_AT) values (254,'USER43',9788954734813,1,to_timestamp('24/10/06 15:01:05.000000000','RR/MM/DD HH24:MI:SSXFF'));
Insert into ADMIN.TBL_REVIEW (REVIEW_ID,USER_ID,BOOK_ID,RATING,CREATED_AT) values (255,'USER89',9788954734813,3,to_timestamp('24/10/06 15:01:05.000000000','RR/MM/DD HH24:MI:SSXFF'));
Insert into ADMIN.TBL_REVIEW (REVIEW_ID,USER_ID,BOOK_ID,RATING,CREATED_AT) values (256,'USER84',9788954734813,4,to_timestamp('24/10/06 15:01:05.000000000','RR/MM/DD HH24:MI:SSXFF'));
Insert into ADMIN.TBL_REVIEW (REVIEW_ID,USER_ID,BOOK_ID,RATING,CREATED_AT) values (258,'USER03',9788954693417,3,to_timestamp('24/10/06 15:01:05.000000000','RR/MM/DD HH24:MI:SSXFF'));
Insert into ADMIN.TBL_REVIEW (REVIEW_ID,USER_ID,BOOK_ID,RATING,CREATED_AT) values (259,'USER10',9788954693417,4,to_timestamp('24/10/06 15:01:05.000000000','RR/MM/DD HH24:MI:SSXFF'));
Insert into ADMIN.TBL_REVIEW (REVIEW_ID,USER_ID,BOOK_ID,RATING,CREATED_AT) values (262,'USER20',9788954693417,1,to_timestamp('24/10/06 15:01:05.000000000','RR/MM/DD HH24:MI:SSXFF'));
Insert into ADMIN.TBL_REVIEW (REVIEW_ID,USER_ID,BOOK_ID,RATING,CREATED_AT) values (263,'USER95',9788954693417,5,to_timestamp('24/10/06 15:01:05.000000000','RR/MM/DD HH24:MI:SSXFF'));
Insert into ADMIN.TBL_REVIEW (REVIEW_ID,USER_ID,BOOK_ID,RATING,CREATED_AT) values (264,'USER07',9788954693417,3,to_timestamp('24/10/06 15:01:05.000000000','RR/MM/DD HH24:MI:SSXFF'));
Insert into ADMIN.TBL_REVIEW (REVIEW_ID,USER_ID,BOOK_ID,RATING,CREATED_AT) values (265,'USER60',9788954693417,2,to_timestamp('24/10/06 15:01:05.000000000','RR/MM/DD HH24:MI:SSXFF'));
Insert into ADMIN.TBL_REVIEW (REVIEW_ID,USER_ID,BOOK_ID,RATING,CREATED_AT) values (267,'USER53',9788983255341,5,to_timestamp('24/10/06 15:01:05.000000000','RR/MM/DD HH24:MI:SSXFF'));
Insert into ADMIN.TBL_REVIEW (REVIEW_ID,USER_ID,BOOK_ID,RATING,CREATED_AT) values (268,'USER30',9788983255341,3,to_timestamp('24/10/06 15:01:05.000000000','RR/MM/DD HH24:MI:SSXFF'));
Insert into ADMIN.TBL_REVIEW (REVIEW_ID,USER_ID,BOOK_ID,RATING,CREATED_AT) values (269,'USER64',9788983255341,2,to_timestamp('24/10/06 15:01:05.000000000','RR/MM/DD HH24:MI:SSXFF'));
Insert into ADMIN.TBL_REVIEW (REVIEW_ID,USER_ID,BOOK_ID,RATING,CREATED_AT) values (270,'USER23',9788983255341,3,to_timestamp('24/10/06 15:01:05.000000000','RR/MM/DD HH24:MI:SSXFF'));
Insert into ADMIN.TBL_REVIEW (REVIEW_ID,USER_ID,BOOK_ID,RATING,CREATED_AT) values (271,'USER04',9788983255341,1,to_timestamp('24/10/06 15:01:05.000000000','RR/MM/DD HH24:MI:SSXFF'));
Insert into ADMIN.TBL_REVIEW (REVIEW_ID,USER_ID,BOOK_ID,RATING,CREATED_AT) values (272,'USER84',9788983255341,5,to_timestamp('24/10/06 15:01:05.000000000','RR/MM/DD HH24:MI:SSXFF'));
Insert into ADMIN.TBL_REVIEW (REVIEW_ID,USER_ID,BOOK_ID,RATING,CREATED_AT) values (274,'USER36',9788983255341,5,to_timestamp('24/10/06 15:01:05.000000000','RR/MM/DD HH24:MI:SSXFF'));
Insert into ADMIN.TBL_REVIEW (REVIEW_ID,USER_ID,BOOK_ID,RATING,CREATED_AT) values (275,'USER16',9788970509808,5,to_timestamp('24/10/06 15:01:05.000000000','RR/MM/DD HH24:MI:SSXFF'));
Insert into ADMIN.TBL_REVIEW (REVIEW_ID,USER_ID,BOOK_ID,RATING,CREATED_AT) values (277,'USER71',9788970509808,3,to_timestamp('24/10/06 15:01:05.000000000','RR/MM/DD HH24:MI:SSXFF'));
Insert into ADMIN.TBL_REVIEW (REVIEW_ID,USER_ID,BOOK_ID,RATING,CREATED_AT) values (279,'USER11',9788970509808,5,to_timestamp('24/10/06 15:01:05.000000000','RR/MM/DD HH24:MI:SSXFF'));
Insert into ADMIN.TBL_REVIEW (REVIEW_ID,USER_ID,BOOK_ID,RATING,CREATED_AT) values (280,'USER14',9780767929714,5,to_timestamp('24/10/06 15:01:05.000000000','RR/MM/DD HH24:MI:SSXFF'));
Insert into ADMIN.TBL_REVIEW (REVIEW_ID,USER_ID,BOOK_ID,RATING,CREATED_AT) values (283,'USER30',9780767929714,2,to_timestamp('24/10/06 15:01:05.000000000','RR/MM/DD HH24:MI:SSXFF'));
Insert into ADMIN.TBL_REVIEW (REVIEW_ID,USER_ID,BOOK_ID,RATING,CREATED_AT) values (285,'USER90',9791138373432,1,to_timestamp('24/10/06 15:01:05.000000000','RR/MM/DD HH24:MI:SSXFF'));
Insert into ADMIN.TBL_REVIEW (REVIEW_ID,USER_ID,BOOK_ID,RATING,CREATED_AT) values (286,'USER02',9791138373432,2,to_timestamp('24/10/06 15:01:05.000000000','RR/MM/DD HH24:MI:SSXFF'));
Insert into ADMIN.TBL_REVIEW (REVIEW_ID,USER_ID,BOOK_ID,RATING,CREATED_AT) values (288,'USER07',9791138373432,3,to_timestamp('24/10/06 15:01:05.000000000','RR/MM/DD HH24:MI:SSXFF'));
Insert into ADMIN.TBL_REVIEW (REVIEW_ID,USER_ID,BOOK_ID,RATING,CREATED_AT) values (289,'USER29',9791138373432,5,to_timestamp('24/10/06 15:01:05.000000000','RR/MM/DD HH24:MI:SSXFF'));
Insert into ADMIN.TBL_REVIEW (REVIEW_ID,USER_ID,BOOK_ID,RATING,CREATED_AT) values (290,'USER63',9791138373432,2,to_timestamp('24/10/06 15:01:05.000000000','RR/MM/DD HH24:MI:SSXFF'));
Insert into ADMIN.TBL_REVIEW (REVIEW_ID,USER_ID,BOOK_ID,RATING,CREATED_AT) values (43,'admin',9780099549055,5,to_timestamp('24/10/03 20:16:58.783676000','RR/MM/DD HH24:MI:SSXFF'));
Insert into ADMIN.TBL_REVIEW (REVIEW_ID,USER_ID,BOOK_ID,RATING,CREATED_AT) values (21,'admin',9788901281797,5,to_timestamp('24/09/30 11:54:57.221536000','RR/MM/DD HH24:MI:SSXFF'));
Insert into ADMIN.TBL_REVIEW (REVIEW_ID,USER_ID,BOOK_ID,RATING,CREATED_AT) values (64,'USER88',9791138484169,4,to_timestamp('24/10/06 15:01:05.000000000','RR/MM/DD HH24:MI:SSXFF'));
Insert into ADMIN.TBL_REVIEW (REVIEW_ID,USER_ID,BOOK_ID,RATING,CREATED_AT) values (62,'USER25',9791138484169,1,to_timestamp('24/10/06 15:01:05.000000000','RR/MM/DD HH24:MI:SSXFF'));
Insert into ADMIN.TBL_REVIEW (REVIEW_ID,USER_ID,BOOK_ID,RATING,CREATED_AT) values (65,'USER91',9791138484169,5,to_timestamp('24/10/06 15:01:05.000000000','RR/MM/DD HH24:MI:SSXFF'));
Insert into ADMIN.TBL_REVIEW (REVIEW_ID,USER_ID,BOOK_ID,RATING,CREATED_AT) values (66,'USER48',9791138484169,4,to_timestamp('24/10/06 15:01:05.000000000','RR/MM/DD HH24:MI:SSXFF'));
Insert into ADMIN.TBL_REVIEW (REVIEW_ID,USER_ID,BOOK_ID,RATING,CREATED_AT) values (67,'USER60',9791138484169,2,to_timestamp('24/10/06 15:01:05.000000000','RR/MM/DD HH24:MI:SSXFF'));
Insert into ADMIN.TBL_REVIEW (REVIEW_ID,USER_ID,BOOK_ID,RATING,CREATED_AT) values (68,'USER09',9791138484169,5,to_timestamp('24/10/06 15:01:05.000000000','RR/MM/DD HH24:MI:SSXFF'));
Insert into ADMIN.TBL_REVIEW (REVIEW_ID,USER_ID,BOOK_ID,RATING,CREATED_AT) values (69,'USER74',9788905052942,4,to_timestamp('24/10/06 15:01:05.000000000','RR/MM/DD HH24:MI:SSXFF'));
Insert into ADMIN.TBL_REVIEW (REVIEW_ID,USER_ID,BOOK_ID,RATING,CREATED_AT) values (70,'USER43',9788905052942,1,to_timestamp('24/10/06 15:01:05.000000000','RR/MM/DD HH24:MI:SSXFF'));
Insert into ADMIN.TBL_REVIEW (REVIEW_ID,USER_ID,BOOK_ID,RATING,CREATED_AT) values (71,'USER16',9788905052942,1,to_timestamp('24/10/06 15:01:05.000000000','RR/MM/DD HH24:MI:SSXFF'));
Insert into ADMIN.TBL_REVIEW (REVIEW_ID,USER_ID,BOOK_ID,RATING,CREATED_AT) values (72,'USER22',9788905052942,5,to_timestamp('24/10/06 15:01:05.000000000','RR/MM/DD HH24:MI:SSXFF'));
Insert into ADMIN.TBL_REVIEW (REVIEW_ID,USER_ID,BOOK_ID,RATING,CREATED_AT) values (73,'USER31',9788905052942,3,to_timestamp('24/10/06 15:01:05.000000000','RR/MM/DD HH24:MI:SSXFF'));
Insert into ADMIN.TBL_REVIEW (REVIEW_ID,USER_ID,BOOK_ID,RATING,CREATED_AT) values (74,'USER55',9788905052942,3,to_timestamp('24/10/06 15:01:05.000000000','RR/MM/DD HH24:MI:SSXFF'));
Insert into ADMIN.TBL_REVIEW (REVIEW_ID,USER_ID,BOOK_ID,RATING,CREATED_AT) values (75,'USER99',9788905052942,4,to_timestamp('24/10/06 15:01:05.000000000','RR/MM/DD HH24:MI:SSXFF'));
Insert into ADMIN.TBL_REVIEW (REVIEW_ID,USER_ID,BOOK_ID,RATING,CREATED_AT) values (76,'USER68',9788905052942,2,to_timestamp('24/10/06 15:01:05.000000000','RR/MM/DD HH24:MI:SSXFF'));
Insert into ADMIN.TBL_REVIEW (REVIEW_ID,USER_ID,BOOK_ID,RATING,CREATED_AT) values (77,'USER97',9788905052942,5,to_timestamp('24/10/06 15:01:05.000000000','RR/MM/DD HH24:MI:SSXFF'));
Insert into ADMIN.TBL_REVIEW (REVIEW_ID,USER_ID,BOOK_ID,RATING,CREATED_AT) values (78,'USER10',9788901079318,4,to_timestamp('24/10/06 15:01:05.000000000','RR/MM/DD HH24:MI:SSXFF'));
Insert into ADMIN.TBL_REVIEW (REVIEW_ID,USER_ID,BOOK_ID,RATING,CREATED_AT) values (79,'USER41',9788901079318,3,to_timestamp('24/10/06 15:01:05.000000000','RR/MM/DD HH24:MI:SSXFF'));
Insert into ADMIN.TBL_REVIEW (REVIEW_ID,USER_ID,BOOK_ID,RATING,CREATED_AT) values (80,'USER41',9788901079318,2,to_timestamp('24/10/06 15:01:05.000000000','RR/MM/DD HH24:MI:SSXFF'));
Insert into ADMIN.TBL_REVIEW (REVIEW_ID,USER_ID,BOOK_ID,RATING,CREATED_AT) values (81,'USER37',9788901079318,1,to_timestamp('24/10/06 15:01:05.000000000','RR/MM/DD HH24:MI:SSXFF'));
Insert into ADMIN.TBL_REVIEW (REVIEW_ID,USER_ID,BOOK_ID,RATING,CREATED_AT) values (82,'USER34',9788901079318,1,to_timestamp('24/10/06 15:01:05.000000000','RR/MM/DD HH24:MI:SSXFF'));
Insert into ADMIN.TBL_REVIEW (REVIEW_ID,USER_ID,BOOK_ID,RATING,CREATED_AT) values (83,'USER87',9788901079318,4,to_timestamp('24/10/06 15:01:05.000000000','RR/MM/DD HH24:MI:SSXFF'));
Insert into ADMIN.TBL_REVIEW (REVIEW_ID,USER_ID,BOOK_ID,RATING,CREATED_AT) values (84,'USER57',9791193747018,4,to_timestamp('24/10/06 15:01:05.000000000','RR/MM/DD HH24:MI:SSXFF'));
Insert into ADMIN.TBL_REVIEW (REVIEW_ID,USER_ID,BOOK_ID,RATING,CREATED_AT) values (85,'USER49',9791193747018,5,to_timestamp('24/10/06 15:01:05.000000000','RR/MM/DD HH24:MI:SSXFF'));
Insert into ADMIN.TBL_REVIEW (REVIEW_ID,USER_ID,BOOK_ID,RATING,CREATED_AT) values (86,'USER21',9791193747018,1,to_timestamp('24/10/06 15:01:05.000000000','RR/MM/DD HH24:MI:SSXFF'));
Insert into ADMIN.TBL_REVIEW (REVIEW_ID,USER_ID,BOOK_ID,RATING,CREATED_AT) values (87,'USER16',9791193747018,1,to_timestamp('24/10/06 15:01:05.000000000','RR/MM/DD HH24:MI:SSXFF'));
Insert into ADMIN.TBL_REVIEW (REVIEW_ID,USER_ID,BOOK_ID,RATING,CREATED_AT) values (88,'USER69',9791193747018,3,to_timestamp('24/10/06 15:01:05.000000000','RR/MM/DD HH24:MI:SSXFF'));
Insert into ADMIN.TBL_REVIEW (REVIEW_ID,USER_ID,BOOK_ID,RATING,CREATED_AT) values (89,'USER57',9791193747018,5,to_timestamp('24/10/06 15:01:05.000000000','RR/MM/DD HH24:MI:SSXFF'));
Insert into ADMIN.TBL_REVIEW (REVIEW_ID,USER_ID,BOOK_ID,RATING,CREATED_AT) values (90,'USER85',9791193747018,5,to_timestamp('24/10/06 15:01:05.000000000','RR/MM/DD HH24:MI:SSXFF'));
Insert into ADMIN.TBL_REVIEW (REVIEW_ID,USER_ID,BOOK_ID,RATING,CREATED_AT) values (91,'USER48',9791198869609,2,to_timestamp('24/10/06 15:01:05.000000000','RR/MM/DD HH24:MI:SSXFF'));
Insert into ADMIN.TBL_REVIEW (REVIEW_ID,USER_ID,BOOK_ID,RATING,CREATED_AT) values (93,'USER75',9791198869609,5,to_timestamp('24/10/06 15:01:05.000000000','RR/MM/DD HH24:MI:SSXFF'));
Insert into ADMIN.TBL_REVIEW (REVIEW_ID,USER_ID,BOOK_ID,RATING,CREATED_AT) values (94,'USER07',9791198869609,1,to_timestamp('24/10/06 15:01:05.000000000','RR/MM/DD HH24:MI:SSXFF'));
Insert into ADMIN.TBL_REVIEW (REVIEW_ID,USER_ID,BOOK_ID,RATING,CREATED_AT) values (95,'USER92',9791198869609,4,to_timestamp('24/10/06 15:01:05.000000000','RR/MM/DD HH24:MI:SSXFF'));
Insert into ADMIN.TBL_REVIEW (REVIEW_ID,USER_ID,BOOK_ID,RATING,CREATED_AT) values (96,'USER48',9791198869609,5,to_timestamp('24/10/06 15:01:05.000000000','RR/MM/DD HH24:MI:SSXFF'));
Insert into ADMIN.TBL_REVIEW (REVIEW_ID,USER_ID,BOOK_ID,RATING,CREATED_AT) values (97,'USER45',9791198869609,3,to_timestamp('24/10/06 15:01:05.000000000','RR/MM/DD HH24:MI:SSXFF'));
Insert into ADMIN.TBL_REVIEW (REVIEW_ID,USER_ID,BOOK_ID,RATING,CREATED_AT) values (98,'USER46',9791198869609,1,to_timestamp('24/10/06 15:01:05.000000000','RR/MM/DD HH24:MI:SSXFF'));
Insert into ADMIN.TBL_REVIEW (REVIEW_ID,USER_ID,BOOK_ID,RATING,CREATED_AT) values (99,'USER08',9791198869609,3,to_timestamp('24/10/06 15:01:05.000000000','RR/MM/DD HH24:MI:SSXFF'));
Insert into ADMIN.TBL_REVIEW (REVIEW_ID,USER_ID,BOOK_ID,RATING,CREATED_AT) values (100,'USER63',9788966112289,4,to_timestamp('24/10/06 15:01:05.000000000','RR/MM/DD HH24:MI:SSXFF'));
Insert into ADMIN.TBL_REVIEW (REVIEW_ID,USER_ID,BOOK_ID,RATING,CREATED_AT) values (102,'USER62',9788966112289,5,to_timestamp('24/10/06 15:01:05.000000000','RR/MM/DD HH24:MI:SSXFF'));
Insert into ADMIN.TBL_REVIEW (REVIEW_ID,USER_ID,BOOK_ID,RATING,CREATED_AT) values (104,'USER27',9788966112289,5,to_timestamp('24/10/06 15:01:05.000000000','RR/MM/DD HH24:MI:SSXFF'));
Insert into ADMIN.TBL_REVIEW (REVIEW_ID,USER_ID,BOOK_ID,RATING,CREATED_AT) values (105,'USER58',9788966112289,3,to_timestamp('24/10/06 15:01:05.000000000','RR/MM/DD HH24:MI:SSXFF'));
Insert into ADMIN.TBL_REVIEW (REVIEW_ID,USER_ID,BOOK_ID,RATING,CREATED_AT) values (106,'USER20',9788966112289,2,to_timestamp('24/10/06 15:01:05.000000000','RR/MM/DD HH24:MI:SSXFF'));
Insert into ADMIN.TBL_REVIEW (REVIEW_ID,USER_ID,BOOK_ID,RATING,CREATED_AT) values (108,'USER63',9788997651245,4,to_timestamp('24/10/06 15:01:05.000000000','RR/MM/DD HH24:MI:SSXFF'));
Insert into ADMIN.TBL_REVIEW (REVIEW_ID,USER_ID,BOOK_ID,RATING,CREATED_AT) values (109,'USER77',9788997651245,2,to_timestamp('24/10/06 15:01:05.000000000','RR/MM/DD HH24:MI:SSXFF'));
Insert into ADMIN.TBL_REVIEW (REVIEW_ID,USER_ID,BOOK_ID,RATING,CREATED_AT) values (110,'USER86',9788997651245,3,to_timestamp('24/10/06 15:01:05.000000000','RR/MM/DD HH24:MI:SSXFF'));
Insert into ADMIN.TBL_REVIEW (REVIEW_ID,USER_ID,BOOK_ID,RATING,CREATED_AT) values (111,'USER42',9788997651245,5,to_timestamp('24/10/06 15:01:05.000000000','RR/MM/DD HH24:MI:SSXFF'));
Insert into ADMIN.TBL_REVIEW (REVIEW_ID,USER_ID,BOOK_ID,RATING,CREATED_AT) values (112,'USER56',9788997651245,2,to_timestamp('24/10/06 15:01:05.000000000','RR/MM/DD HH24:MI:SSXFF'));
Insert into ADMIN.TBL_REVIEW (REVIEW_ID,USER_ID,BOOK_ID,RATING,CREATED_AT) values (113,'USER64',9788997651245,4,to_timestamp('24/10/06 15:01:05.000000000','RR/MM/DD HH24:MI:SSXFF'));
Insert into ADMIN.TBL_REVIEW (REVIEW_ID,USER_ID,BOOK_ID,RATING,CREATED_AT) values (114,'USER58',9788997651245,2,to_timestamp('24/10/06 15:01:05.000000000','RR/MM/DD HH24:MI:SSXFF'));
Insert into ADMIN.TBL_REVIEW (REVIEW_ID,USER_ID,BOOK_ID,RATING,CREATED_AT) values (115,'USER45',9788997651245,3,to_timestamp('24/10/06 15:01:05.000000000','RR/MM/DD HH24:MI:SSXFF'));
Insert into ADMIN.TBL_REVIEW (REVIEW_ID,USER_ID,BOOK_ID,RATING,CREATED_AT) values (116,'USER42',9788982230783,5,to_timestamp('24/10/06 15:01:05.000000000','RR/MM/DD HH24:MI:SSXFF'));
Insert into ADMIN.TBL_REVIEW (REVIEW_ID,USER_ID,BOOK_ID,RATING,CREATED_AT) values (117,'USER10',9788982230783,5,to_timestamp('24/10/06 15:01:05.000000000','RR/MM/DD HH24:MI:SSXFF'));
Insert into ADMIN.TBL_REVIEW (REVIEW_ID,USER_ID,BOOK_ID,RATING,CREATED_AT) values (118,'USER68',9788982230783,4,to_timestamp('24/10/06 15:01:05.000000000','RR/MM/DD HH24:MI:SSXFF'));
Insert into ADMIN.TBL_REVIEW (REVIEW_ID,USER_ID,BOOK_ID,RATING,CREATED_AT) values (119,'USER19',9788982230783,2,to_timestamp('24/10/06 15:01:05.000000000','RR/MM/DD HH24:MI:SSXFF'));
Insert into ADMIN.TBL_REVIEW (REVIEW_ID,USER_ID,BOOK_ID,RATING,CREATED_AT) values (120,'USER02',9788982230783,4,to_timestamp('24/10/06 15:01:05.000000000','RR/MM/DD HH24:MI:SSXFF'));
Insert into ADMIN.TBL_REVIEW (REVIEW_ID,USER_ID,BOOK_ID,RATING,CREATED_AT) values (122,'USER98',9788982230783,5,to_timestamp('24/10/06 15:01:05.000000000','RR/MM/DD HH24:MI:SSXFF'));
Insert into ADMIN.TBL_REVIEW (REVIEW_ID,USER_ID,BOOK_ID,RATING,CREATED_AT) values (123,'USER15',9788982230783,4,to_timestamp('24/10/06 15:01:05.000000000','RR/MM/DD HH24:MI:SSXFF'));
Insert into ADMIN.TBL_REVIEW (REVIEW_ID,USER_ID,BOOK_ID,RATING,CREATED_AT) values (124,'USER85',9791160507676,2,to_timestamp('24/10/06 15:01:05.000000000','RR/MM/DD HH24:MI:SSXFF'));
Insert into ADMIN.TBL_REVIEW (REVIEW_ID,USER_ID,BOOK_ID,RATING,CREATED_AT) values (125,'USER48',9791160507676,2,to_timestamp('24/10/06 15:01:05.000000000','RR/MM/DD HH24:MI:SSXFF'));
Insert into ADMIN.TBL_REVIEW (REVIEW_ID,USER_ID,BOOK_ID,RATING,CREATED_AT) values (126,'USER99',9791160507676,4,to_timestamp('24/10/06 15:01:05.000000000','RR/MM/DD HH24:MI:SSXFF'));
Insert into ADMIN.TBL_REVIEW (REVIEW_ID,USER_ID,BOOK_ID,RATING,CREATED_AT) values (127,'USER42',9791160507676,2,to_timestamp('24/10/06 15:01:05.000000000','RR/MM/DD HH24:MI:SSXFF'));
Insert into ADMIN.TBL_REVIEW (REVIEW_ID,USER_ID,BOOK_ID,RATING,CREATED_AT) values (128,'USER94',9791160507676,3,to_timestamp('24/10/06 15:01:05.000000000','RR/MM/DD HH24:MI:SSXFF'));
Insert into ADMIN.TBL_REVIEW (REVIEW_ID,USER_ID,BOOK_ID,RATING,CREATED_AT) values (130,'USER07',9791160507676,3,to_timestamp('24/10/06 15:01:05.000000000','RR/MM/DD HH24:MI:SSXFF'));
Insert into ADMIN.TBL_REVIEW (REVIEW_ID,USER_ID,BOOK_ID,RATING,CREATED_AT) values (131,'USER16',9791160507676,3,to_timestamp('24/10/06 15:01:05.000000000','RR/MM/DD HH24:MI:SSXFF'));
Insert into ADMIN.TBL_REVIEW (REVIEW_ID,USER_ID,BOOK_ID,RATING,CREATED_AT) values (132,'USER84',9791169211901,4,to_timestamp('24/10/06 15:01:05.000000000','RR/MM/DD HH24:MI:SSXFF'));
Insert into ADMIN.TBL_REVIEW (REVIEW_ID,USER_ID,BOOK_ID,RATING,CREATED_AT) values (134,'USER84',9791169211901,3,to_timestamp('24/10/06 15:01:05.000000000','RR/MM/DD HH24:MI:SSXFF'));
Insert into ADMIN.TBL_REVIEW (REVIEW_ID,USER_ID,BOOK_ID,RATING,CREATED_AT) values (135,'USER77',9791169211901,2,to_timestamp('24/10/06 15:01:05.000000000','RR/MM/DD HH24:MI:SSXFF'));
Insert into ADMIN.TBL_REVIEW (REVIEW_ID,USER_ID,BOOK_ID,RATING,CREATED_AT) values (136,'USER75',9791169211901,4,to_timestamp('24/10/06 15:01:05.000000000','RR/MM/DD HH24:MI:SSXFF'));
Insert into ADMIN.TBL_REVIEW (REVIEW_ID,USER_ID,BOOK_ID,RATING,CREATED_AT) values (137,'USER46',9791169211901,4,to_timestamp('24/10/06 15:01:05.000000000','RR/MM/DD HH24:MI:SSXFF'));
Insert into ADMIN.TBL_REVIEW (REVIEW_ID,USER_ID,BOOK_ID,RATING,CREATED_AT) values (138,'USER40',9791169211901,5,to_timestamp('24/10/06 15:01:05.000000000','RR/MM/DD HH24:MI:SSXFF'));
Insert into ADMIN.TBL_REVIEW (REVIEW_ID,USER_ID,BOOK_ID,RATING,CREATED_AT) values (139,'USER69',9791162891230,5,to_timestamp('24/10/06 15:01:05.000000000','RR/MM/DD HH24:MI:SSXFF'));
Insert into ADMIN.TBL_REVIEW (REVIEW_ID,USER_ID,BOOK_ID,RATING,CREATED_AT) values (140,'USER23',9791162891230,1,to_timestamp('24/10/06 15:01:05.000000000','RR/MM/DD HH24:MI:SSXFF'));
Insert into ADMIN.TBL_REVIEW (REVIEW_ID,USER_ID,BOOK_ID,RATING,CREATED_AT) values (141,'USER13',9791162891230,5,to_timestamp('24/10/06 15:01:05.000000000','RR/MM/DD HH24:MI:SSXFF'));
Insert into ADMIN.TBL_REVIEW (REVIEW_ID,USER_ID,BOOK_ID,RATING,CREATED_AT) values (142,'USER59',9791162891230,3,to_timestamp('24/10/06 15:01:05.000000000','RR/MM/DD HH24:MI:SSXFF'));
Insert into ADMIN.TBL_REVIEW (REVIEW_ID,USER_ID,BOOK_ID,RATING,CREATED_AT) values (143,'USER16',9791162891230,1,to_timestamp('24/10/06 15:01:05.000000000','RR/MM/DD HH24:MI:SSXFF'));
Insert into ADMIN.TBL_REVIEW (REVIEW_ID,USER_ID,BOOK_ID,RATING,CREATED_AT) values (145,'USER61',9788931465372,5,to_timestamp('24/10/06 15:01:05.000000000','RR/MM/DD HH24:MI:SSXFF'));
Insert into ADMIN.TBL_REVIEW (REVIEW_ID,USER_ID,BOOK_ID,RATING,CREATED_AT) values (146,'USER42',9788931465372,3,to_timestamp('24/10/06 15:01:05.000000000','RR/MM/DD HH24:MI:SSXFF'));
Insert into ADMIN.TBL_REVIEW (REVIEW_ID,USER_ID,BOOK_ID,RATING,CREATED_AT) values (147,'USER48',9788931465372,3,to_timestamp('24/10/06 15:01:05.000000000','RR/MM/DD HH24:MI:SSXFF'));
Insert into ADMIN.TBL_REVIEW (REVIEW_ID,USER_ID,BOOK_ID,RATING,CREATED_AT) values (148,'USER72',9788931465372,3,to_timestamp('24/10/06 15:01:05.000000000','RR/MM/DD HH24:MI:SSXFF'));
Insert into ADMIN.TBL_REVIEW (REVIEW_ID,USER_ID,BOOK_ID,RATING,CREATED_AT) values (149,'USER03',9788931465372,2,to_timestamp('24/10/06 15:01:05.000000000','RR/MM/DD HH24:MI:SSXFF'));
Insert into ADMIN.TBL_REVIEW (REVIEW_ID,USER_ID,BOOK_ID,RATING,CREATED_AT) values (150,'USER69',9788931465372,3,to_timestamp('24/10/06 15:01:05.000000000','RR/MM/DD HH24:MI:SSXFF'));
Insert into ADMIN.TBL_REVIEW (REVIEW_ID,USER_ID,BOOK_ID,RATING,CREATED_AT) values (151,'USER14',9788931465372,4,to_timestamp('24/10/06 15:01:05.000000000','RR/MM/DD HH24:MI:SSXFF'));
Insert into ADMIN.TBL_REVIEW (REVIEW_ID,USER_ID,BOOK_ID,RATING,CREATED_AT) values (152,'USER11',9788931465372,4,to_timestamp('24/10/06 15:01:05.000000000','RR/MM/DD HH24:MI:SSXFF'));
Insert into ADMIN.TBL_REVIEW (REVIEW_ID,USER_ID,BOOK_ID,RATING,CREATED_AT) values (153,'USER61',9788931465372,3,to_timestamp('24/10/06 15:01:05.000000000','RR/MM/DD HH24:MI:SSXFF'));
Insert into ADMIN.TBL_REVIEW (REVIEW_ID,USER_ID,BOOK_ID,RATING,CREATED_AT) values (154,'USER35',9788909190237,3,to_timestamp('24/10/06 15:01:05.000000000','RR/MM/DD HH24:MI:SSXFF'));
Insert into ADMIN.TBL_REVIEW (REVIEW_ID,USER_ID,BOOK_ID,RATING,CREATED_AT) values (155,'USER31',9788909190237,5,to_timestamp('24/10/06 15:01:05.000000000','RR/MM/DD HH24:MI:SSXFF'));
Insert into ADMIN.TBL_REVIEW (REVIEW_ID,USER_ID,BOOK_ID,RATING,CREATED_AT) values (156,'USER60',9788909190237,1,to_timestamp('24/10/06 15:01:05.000000000','RR/MM/DD HH24:MI:SSXFF'));
Insert into ADMIN.TBL_REVIEW (REVIEW_ID,USER_ID,BOOK_ID,RATING,CREATED_AT) values (1720,'admin',9791172880576,4,to_timestamp('24/10/11 16:40:55.186399000','RR/MM/DD HH24:MI:SSXFF'));
Insert into ADMIN.TBL_REVIEW (REVIEW_ID,USER_ID,BOOK_ID,RATING,CREATED_AT) values (1604,'admin',8809500910275,5,to_timestamp('24/10/07 00:37:12.077637000','RR/MM/DD HH24:MI:SSXFF'));
REM INSERTING into ADMIN.TBL_STUDY_APPLICATION
SET DEFINE OFF;
Insert into ADMIN.TBL_STUDY_APPLICATION (FETCHAPPLICATIONID,FETCHAPPSTUDYID,FETCHAPPUSERID,SELFINTRO,STUDYGOAL,STUSTATUS,ADDITIONALQUESTIONS,FETCHAPPLICATION_DATE,FETCHAPPLSTATUS,REJECTIONMESSAGE,SGHIDE) values (440,400000173,'user03','d','d','user','d',to_date('24/10/11','RR/MM/DD'),'Y',null,'N');
Insert into ADMIN.TBL_STUDY_APPLICATION (FETCHAPPLICATIONID,FETCHAPPSTUDYID,FETCHAPPUSERID,SELFINTRO,STUDYGOAL,STUSTATUS,ADDITIONALQUESTIONS,FETCHAPPLICATION_DATE,FETCHAPPLSTATUS,REJECTIONMESSAGE,SGHIDE) values (443,400000154,'admin','현수씨가 그랬어요','현수씨가 그랬어요','user','현수씨가 그랬어요',to_date('24/10/11','RR/MM/DD'),'Y',null,'N');
Insert into ADMIN.TBL_STUDY_APPLICATION (FETCHAPPLICATIONID,FETCHAPPSTUDYID,FETCHAPPUSERID,SELFINTRO,STUDYGOAL,STUSTATUS,ADDITIONALQUESTIONS,FETCHAPPLICATION_DATE,FETCHAPPLSTATUS,REJECTIONMESSAGE,SGHIDE) values (362,400000157,'user02','안녕하세요, 저는 새로운 기술을 배우고자 하는 열정이 가득한 박태준입니다. 주로 프론트엔드 개발을 해왔지만 백엔드 기술, 특히 스프링에 대해 더 깊이 배우고 싶어 참여하게 되었습니다.','이번 프로젝트를 통해 스프링 부트와 데이터 접근 기술을 심도 있게 다루는 방법을 배우고 싶습니다. 또한 RESTful API 설계와 구현 능력을 개발하고, 팀원들과의 협업을 통해 종합적인 소프트웨어 개발 능력을 향상시키고자 합니다.','user','이 프로젝트에서 가장 기대하는 부분이 무엇인가요?',to_date('24/10/05','RR/MM/DD'),'Y','ㅇㅇㅇㅇ','N');
Insert into ADMIN.TBL_STUDY_APPLICATION (FETCHAPPLICATIONID,FETCHAPPSTUDYID,FETCHAPPUSERID,SELFINTRO,STUDYGOAL,STUSTATUS,ADDITIONALQUESTIONS,FETCHAPPLICATION_DATE,FETCHAPPLSTATUS,REJECTIONMESSAGE,SGHIDE) values (365,400000157,'user06','저는 자바 개발자 안지현이고, 특히 스프링 프레임워크를 사용한 웹 애플리케이션 개발에 경험이 많습니다. 팀 프로젝트를 통해 새로운 기술을 배우고 싶어서 이 그룹에 참여하게 되었습니다.','프로젝트에서 스프링 시큐리티를 이용하여 강력한 인증 및 권한 관리 시스템을 구축하는 방법을 배우고 싶습니다.','user','프로젝트를 통해 개인적으로 해결하고 싶은 기술적 문제가 있나요?',to_date('24/10/05','RR/MM/DD'),'ㅠ','테스트','N');
Insert into ADMIN.TBL_STUDY_APPLICATION (FETCHAPPLICATIONID,FETCHAPPSTUDYID,FETCHAPPUSERID,SELFINTRO,STUDYGOAL,STUSTATUS,ADDITIONALQUESTIONS,FETCHAPPLICATION_DATE,FETCHAPPLSTATUS,REJECTIONMESSAGE,SGHIDE) values (367,400000157,'user08',' 안녕하세요, 저는 백엔드 개발자 김태호입니다. 저는 기술적 도전을 즐기며, 특히 스프링 프레임워크를 통한 서버 사이드 개발에 관심이 많습니다.',' 프로젝트를 통해 스프링 부트와 스프링 클라우드를 사용하여 대규모 분산 시스템을 설계하고 구현하는 경험을 쌓고 싶습니다.','user','프로젝트에서 가장 기대하는 학습 결과는 무엇인가요?',to_date('24/10/05','RR/MM/DD'),'Y','그냥','Y');
Insert into ADMIN.TBL_STUDY_APPLICATION (FETCHAPPLICATIONID,FETCHAPPSTUDYID,FETCHAPPUSERID,SELFINTRO,STUDYGOAL,STUSTATUS,ADDITIONALQUESTIONS,FETCHAPPLICATION_DATE,FETCHAPPLSTATUS,REJECTIONMESSAGE,SGHIDE) values (372,400000195,'user12','방장 자동가입','방장 자동가입','admin','방장 자동가입',to_date('24/10/05','RR/MM/DD'),'Y',null,'N');
Insert into ADMIN.TBL_STUDY_APPLICATION (FETCHAPPLICATIONID,FETCHAPPSTUDYID,FETCHAPPUSERID,SELFINTRO,STUDYGOAL,STUSTATUS,ADDITIONALQUESTIONS,FETCHAPPLICATION_DATE,FETCHAPPLSTATUS,REJECTIONMESSAGE,SGHIDE) values (364,400000157,'user05','안녕하세요! 저는 소프트웨어 엔지니어로 일하고 있는 이윤지입니다. 스프링과 JPA를 이용한 복잡한 도메인 모델링에 관심이 많습니다. 이번 모임을 통해 실력을 한층 업그레이드하고자 합니다.','스프링 부트를 이용한 마이크로서비스 아키텍처 설계 및 구현 능력을 개발하고, 동시에 성능 최적화 기법을 실습하고자 합니다.','user','이 모임을 통해 어떤 경험을 가장 얻고 싶으신가요?',to_date('24/10/05','RR/MM/DD'),'Y',null,'N');
Insert into ADMIN.TBL_STUDY_APPLICATION (FETCHAPPLICATIONID,FETCHAPPSTUDYID,FETCHAPPUSERID,SELFINTRO,STUDYGOAL,STUSTATUS,ADDITIONALQUESTIONS,FETCHAPPLICATION_DATE,FETCHAPPLSTATUS,REJECTIONMESSAGE,SGHIDE) values (350,400000153,'user01','방장 자동가입','방장 자동가입','admin','방장 자동가입',to_date('24/10/05','RR/MM/DD'),'Y',null,'Y');
Insert into ADMIN.TBL_STUDY_APPLICATION (FETCHAPPLICATIONID,FETCHAPPSTUDYID,FETCHAPPUSERID,SELFINTRO,STUDYGOAL,STUSTATUS,ADDITIONALQUESTIONS,FETCHAPPLICATION_DATE,FETCHAPPLSTATUS,REJECTIONMESSAGE,SGHIDE) values (360,400000153,'user04','국어 싫어요 ','국어 싫어요 ','user','국어 싫어요 ',to_date('24/10/05','RR/MM/DD'),'N',null,'N');
Insert into ADMIN.TBL_STUDY_APPLICATION (FETCHAPPLICATIONID,FETCHAPPSTUDYID,FETCHAPPUSERID,SELFINTRO,STUDYGOAL,STUSTATUS,ADDITIONALQUESTIONS,FETCHAPPLICATION_DATE,FETCHAPPLSTATUS,REJECTIONMESSAGE,SGHIDE) values (366,400000157,'user07','저는 새로운 기술을 빠르게 배우고 적용하는 것을 좋아하는 웹 개발자 최수빈입니다. 현재는 주로 프론트엔드 개발을 하고 있지만 백엔드 기술, 특히 스프링에 대한 이해를 넓히고 싶습니다.','이번 프로젝트를 통해 REST API 개발에 필요한 스프링 부트와 데이터 핸들링 기술을 심화하고 싶습니다.','user','협업 중 가장 중요하다고 생각하는 요소는 무엇인가요?',to_date('24/10/05','RR/MM/DD'),'Y','ddd','N');
Insert into ADMIN.TBL_STUDY_APPLICATION (FETCHAPPLICATIONID,FETCHAPPSTUDYID,FETCHAPPUSERID,SELFINTRO,STUDYGOAL,STUSTATUS,ADDITIONALQUESTIONS,FETCHAPPLICATION_DATE,FETCHAPPLSTATUS,REJECTIONMESSAGE,SGHIDE) values (377,400000153,'user03','저요','저요','user','저요',to_date('24/10/05','RR/MM/DD'),'N',null,'N');
Insert into ADMIN.TBL_STUDY_APPLICATION (FETCHAPPLICATIONID,FETCHAPPSTUDYID,FETCHAPPUSERID,SELFINTRO,STUDYGOAL,STUSTATUS,ADDITIONALQUESTIONS,FETCHAPPLICATION_DATE,FETCHAPPLSTATUS,REJECTIONMESSAGE,SGHIDE) values (379,400000189,'user08','d','d','user','d',to_date('24/10/07','RR/MM/DD'),'N',null,'N');
Insert into ADMIN.TBL_STUDY_APPLICATION (FETCHAPPLICATIONID,FETCHAPPSTUDYID,FETCHAPPUSERID,SELFINTRO,STUDYGOAL,STUSTATUS,ADDITIONALQUESTIONS,FETCHAPPLICATION_DATE,FETCHAPPLSTATUS,REJECTIONMESSAGE,SGHIDE) values (438,400000174,'user16','ㅈㅈㅈㅈ','ㄷㄷㄷㄷ','user','ㄱㄱㄱ',to_date('24/10/10','RR/MM/DD'),'Y',null,'N');
Insert into ADMIN.TBL_STUDY_APPLICATION (FETCHAPPLICATIONID,FETCHAPPSTUDYID,FETCHAPPUSERID,SELFINTRO,STUDYGOAL,STUSTATUS,ADDITIONALQUESTIONS,FETCHAPPLICATION_DATE,FETCHAPPLSTATUS,REJECTIONMESSAGE,SGHIDE) values (376,400000157,'user15','d','d','user','d',to_date('24/10/05','RR/MM/DD'),'L','흉물스러워서 강퇴합니다.','N');
Insert into ADMIN.TBL_STUDY_APPLICATION (FETCHAPPLICATIONID,FETCHAPPSTUDYID,FETCHAPPUSERID,SELFINTRO,STUDYGOAL,STUSTATUS,ADDITIONALQUESTIONS,FETCHAPPLICATION_DATE,FETCHAPPLSTATUS,REJECTIONMESSAGE,SGHIDE) values (437,400000215,'admin','태근씨가 했어요','태근씨가 했어요','user','태근씨가 했어요',to_date('24/10/08','RR/MM/DD'),'N',null,'N');
Insert into ADMIN.TBL_STUDY_APPLICATION (FETCHAPPLICATIONID,FETCHAPPSTUDYID,FETCHAPPUSERID,SELFINTRO,STUDYGOAL,STUSTATUS,ADDITIONALQUESTIONS,FETCHAPPLICATION_DATE,FETCHAPPLSTATUS,REJECTIONMESSAGE,SGHIDE) values (434,400000215,'user03','방장 자동가입','방장 자동가입','admin','방장 자동가입',to_date('24/10/07','RR/MM/DD'),'Y',null,'N');
Insert into ADMIN.TBL_STUDY_APPLICATION (FETCHAPPLICATIONID,FETCHAPPSTUDYID,FETCHAPPUSERID,SELFINTRO,STUDYGOAL,STUSTATUS,ADDITIONALQUESTIONS,FETCHAPPLICATION_DATE,FETCHAPPLSTATUS,REJECTIONMESSAGE,SGHIDE) values (363,400000157,'user03','안녕하세요, 저는 백엔드 개발자로 일하고 있는 최다인입니다. Java와 스프링을 활용한 서버 개발에 흥미가 있으며, 다양한 프로젝트를 통해 기술을 연마하고자 합니다.','저는 스프링 시큐리티와 클라우드 서비스 통합에 대해 배우고 싶습니다. 이번 모임을 통해 보안이 강화된 스프링 기반 애플리케이션을 만들어 보고, 클라우드 인프라와의 연동 경험도 쌓고 싶습니다.','admin','프로젝트에서 어떤 역할을 맡고 싶으신가요?',to_date('24/10/05','RR/MM/DD'),'Y','ㅇㅇㅇㅇ','N');
Insert into ADMIN.TBL_STUDY_APPLICATION (FETCHAPPLICATIONID,FETCHAPPSTUDYID,FETCHAPPUSERID,SELFINTRO,STUDYGOAL,STUSTATUS,ADDITIONALQUESTIONS,FETCHAPPLICATION_DATE,FETCHAPPLSTATUS,REJECTIONMESSAGE,SGHIDE) values (368,400000157,'user09','안녕하세요, 저는 경험이 풍부한 소프트웨어 개발자 박하늘입니다. 다양한 프로젝트를 통해 실력을 쌓아왔으며, 최근에는 스프링 기반의 프로젝트에 많은 관심을 가지고 있습니다.','저는 특히 스프링을 이용한 함수형 프로그래밍에 관심이 많으며, 이번 모임을 통해 관련 실습과 경험을 확장하고자 합니다.','user','어떤 유형의 프로젝트가 가장 도전적이라고 생각하시나요?',to_date('24/10/05','RR/MM/DD'),'Y','ㅇㅇㅇ','N');
Insert into ADMIN.TBL_STUDY_APPLICATION (FETCHAPPLICATIONID,FETCHAPPSTUDYID,FETCHAPPUSERID,SELFINTRO,STUDYGOAL,STUSTATUS,ADDITIONALQUESTIONS,FETCHAPPLICATION_DATE,FETCHAPPLSTATUS,REJECTIONMESSAGE,SGHIDE) values (369,400000157,'user11','저는 프론트엔드 개발자로 일하며 백엔드 기술에 대한 이해를 넓히고자 스프링을 공부하고 있는 조민준입니다. 실용적인 프로젝트 경험을 통해 전문성을 키우고 싶습니다.','이번 프로젝트에서는 스프링 부트를 이용한 마이크로서비스 구축 방법을 배우고 싶습니다.','user','프로젝트를 선택할 때 가장 중요하게 생각하는 기준은 무엇인가요?',to_date('24/10/05','RR/MM/DD'),'N','ㅇㅇㅇ','N');
Insert into ADMIN.TBL_STUDY_APPLICATION (FETCHAPPLICATIONID,FETCHAPPSTUDYID,FETCHAPPUSERID,SELFINTRO,STUDYGOAL,STUSTATUS,ADDITIONALQUESTIONS,FETCHAPPLICATION_DATE,FETCHAPPLSTATUS,REJECTIONMESSAGE,SGHIDE) values (380,400000159,'user07','방장 자동가입','방장 자동가입','admin','방장 자동가입',to_date('24/10/07','RR/MM/DD'),'Y',null,'N');
Insert into ADMIN.TBL_STUDY_APPLICATION (FETCHAPPLICATIONID,FETCHAPPSTUDYID,FETCHAPPUSERID,SELFINTRO,STUDYGOAL,STUSTATUS,ADDITIONALQUESTIONS,FETCHAPPLICATION_DATE,FETCHAPPLSTATUS,REJECTIONMESSAGE,SGHIDE) values (381,400000171,'user07','방장 자동가입','방장 자동가입','admin','방장 자동가입',to_date('24/10/07','RR/MM/DD'),'Y',null,'N');
Insert into ADMIN.TBL_STUDY_APPLICATION (FETCHAPPLICATIONID,FETCHAPPSTUDYID,FETCHAPPUSERID,SELFINTRO,STUDYGOAL,STUSTATUS,ADDITIONALQUESTIONS,FETCHAPPLICATION_DATE,FETCHAPPLSTATUS,REJECTIONMESSAGE,SGHIDE) values (382,400000160,'user07','방장 자동가입','방장 자동가입','admin','방장 자동가입',to_date('24/10/07','RR/MM/DD'),'Y',null,'N');
Insert into ADMIN.TBL_STUDY_APPLICATION (FETCHAPPLICATIONID,FETCHAPPSTUDYID,FETCHAPPUSERID,SELFINTRO,STUDYGOAL,STUSTATUS,ADDITIONALQUESTIONS,FETCHAPPLICATION_DATE,FETCHAPPLSTATUS,REJECTIONMESSAGE,SGHIDE) values (383,400000161,'user07','방장 자동가입','방장 자동가입','admin','방장 자동가입',to_date('24/10/07','RR/MM/DD'),'Y',null,'N');
Insert into ADMIN.TBL_STUDY_APPLICATION (FETCHAPPLICATIONID,FETCHAPPSTUDYID,FETCHAPPUSERID,SELFINTRO,STUDYGOAL,STUSTATUS,ADDITIONALQUESTIONS,FETCHAPPLICATION_DATE,FETCHAPPLSTATUS,REJECTIONMESSAGE,SGHIDE) values (384,400000162,'user07','방장 자동가입','방장 자동가입','admin','방장 자동가입',to_date('24/10/07','RR/MM/DD'),'Y',null,'N');
Insert into ADMIN.TBL_STUDY_APPLICATION (FETCHAPPLICATIONID,FETCHAPPSTUDYID,FETCHAPPUSERID,SELFINTRO,STUDYGOAL,STUSTATUS,ADDITIONALQUESTIONS,FETCHAPPLICATION_DATE,FETCHAPPLSTATUS,REJECTIONMESSAGE,SGHIDE) values (385,400000163,'user07','방장 자동가입','방장 자동가입','admin','방장 자동가입',to_date('24/10/07','RR/MM/DD'),'Y',null,'N');
Insert into ADMIN.TBL_STUDY_APPLICATION (FETCHAPPLICATIONID,FETCHAPPSTUDYID,FETCHAPPUSERID,SELFINTRO,STUDYGOAL,STUSTATUS,ADDITIONALQUESTIONS,FETCHAPPLICATION_DATE,FETCHAPPLSTATUS,REJECTIONMESSAGE,SGHIDE) values (386,400000164,'user07','방장 자동가입','방장 자동가입','admin','방장 자동가입',to_date('24/10/07','RR/MM/DD'),'Y',null,'N');
Insert into ADMIN.TBL_STUDY_APPLICATION (FETCHAPPLICATIONID,FETCHAPPSTUDYID,FETCHAPPUSERID,SELFINTRO,STUDYGOAL,STUSTATUS,ADDITIONALQUESTIONS,FETCHAPPLICATION_DATE,FETCHAPPLSTATUS,REJECTIONMESSAGE,SGHIDE) values (387,400000165,'user07','방장 자동가입','방장 자동가입','admin','방장 자동가입',to_date('24/10/07','RR/MM/DD'),'Y',null,'N');
Insert into ADMIN.TBL_STUDY_APPLICATION (FETCHAPPLICATIONID,FETCHAPPSTUDYID,FETCHAPPUSERID,SELFINTRO,STUDYGOAL,STUSTATUS,ADDITIONALQUESTIONS,FETCHAPPLICATION_DATE,FETCHAPPLSTATUS,REJECTIONMESSAGE,SGHIDE) values (388,400000166,'user07','방장 자동가입','방장 자동가입','admin','방장 자동가입',to_date('24/10/07','RR/MM/DD'),'Y',null,'N');
Insert into ADMIN.TBL_STUDY_APPLICATION (FETCHAPPLICATIONID,FETCHAPPSTUDYID,FETCHAPPUSERID,SELFINTRO,STUDYGOAL,STUSTATUS,ADDITIONALQUESTIONS,FETCHAPPLICATION_DATE,FETCHAPPLSTATUS,REJECTIONMESSAGE,SGHIDE) values (389,400000167,'user07','방장 자동가입','방장 자동가입','admin','방장 자동가입',to_date('24/10/07','RR/MM/DD'),'Y',null,'N');
Insert into ADMIN.TBL_STUDY_APPLICATION (FETCHAPPLICATIONID,FETCHAPPSTUDYID,FETCHAPPUSERID,SELFINTRO,STUDYGOAL,STUSTATUS,ADDITIONALQUESTIONS,FETCHAPPLICATION_DATE,FETCHAPPLSTATUS,REJECTIONMESSAGE,SGHIDE) values (390,400000168,'user07','방장 자동가입','방장 자동가입','admin','방장 자동가입',to_date('24/10/07','RR/MM/DD'),'Y',null,'N');
Insert into ADMIN.TBL_STUDY_APPLICATION (FETCHAPPLICATIONID,FETCHAPPSTUDYID,FETCHAPPUSERID,SELFINTRO,STUDYGOAL,STUSTATUS,ADDITIONALQUESTIONS,FETCHAPPLICATION_DATE,FETCHAPPLSTATUS,REJECTIONMESSAGE,SGHIDE) values (391,400000169,'user07','방장 자동가입','방장 자동가입','admin','방장 자동가입',to_date('24/10/07','RR/MM/DD'),'Y',null,'N');
Insert into ADMIN.TBL_STUDY_APPLICATION (FETCHAPPLICATIONID,FETCHAPPSTUDYID,FETCHAPPUSERID,SELFINTRO,STUDYGOAL,STUSTATUS,ADDITIONALQUESTIONS,FETCHAPPLICATION_DATE,FETCHAPPLSTATUS,REJECTIONMESSAGE,SGHIDE) values (392,400000170,'user07','방장 자동가입','방장 자동가입','admin','방장 자동가입',to_date('24/10/07','RR/MM/DD'),'Y',null,'N');
Insert into ADMIN.TBL_STUDY_APPLICATION (FETCHAPPLICATIONID,FETCHAPPSTUDYID,FETCHAPPUSERID,SELFINTRO,STUDYGOAL,STUSTATUS,ADDITIONALQUESTIONS,FETCHAPPLICATION_DATE,FETCHAPPLSTATUS,REJECTIONMESSAGE,SGHIDE) values (393,400000172,'user07','방장 자동가입','방장 자동가입','admin','방장 자동가입',to_date('24/10/07','RR/MM/DD'),'Y',null,'N');
Insert into ADMIN.TBL_STUDY_APPLICATION (FETCHAPPLICATIONID,FETCHAPPSTUDYID,FETCHAPPUSERID,SELFINTRO,STUDYGOAL,STUSTATUS,ADDITIONALQUESTIONS,FETCHAPPLICATION_DATE,FETCHAPPLSTATUS,REJECTIONMESSAGE,SGHIDE) values (394,400000173,'user07','방장 자동가입','방장 자동가입','admin','방장 자동가입',to_date('24/10/07','RR/MM/DD'),'Y',null,'N');
Insert into ADMIN.TBL_STUDY_APPLICATION (FETCHAPPLICATIONID,FETCHAPPSTUDYID,FETCHAPPUSERID,SELFINTRO,STUDYGOAL,STUSTATUS,ADDITIONALQUESTIONS,FETCHAPPLICATION_DATE,FETCHAPPLSTATUS,REJECTIONMESSAGE,SGHIDE) values (395,400000174,'user07','방장 자동가입','방장 자동가입','admin','방장 자동가입',to_date('24/10/07','RR/MM/DD'),'Y',null,'N');
Insert into ADMIN.TBL_STUDY_APPLICATION (FETCHAPPLICATIONID,FETCHAPPSTUDYID,FETCHAPPUSERID,SELFINTRO,STUDYGOAL,STUSTATUS,ADDITIONALQUESTIONS,FETCHAPPLICATION_DATE,FETCHAPPLSTATUS,REJECTIONMESSAGE,SGHIDE) values (396,400000175,'user07','방장 자동가입','방장 자동가입','admin','방장 자동가입',to_date('24/10/07','RR/MM/DD'),'Y',null,'N');
Insert into ADMIN.TBL_STUDY_APPLICATION (FETCHAPPLICATIONID,FETCHAPPSTUDYID,FETCHAPPUSERID,SELFINTRO,STUDYGOAL,STUSTATUS,ADDITIONALQUESTIONS,FETCHAPPLICATION_DATE,FETCHAPPLSTATUS,REJECTIONMESSAGE,SGHIDE) values (397,400000176,'user07','방장 자동가입','방장 자동가입','admin','방장 자동가입',to_date('24/10/07','RR/MM/DD'),'Y',null,'N');
Insert into ADMIN.TBL_STUDY_APPLICATION (FETCHAPPLICATIONID,FETCHAPPSTUDYID,FETCHAPPUSERID,SELFINTRO,STUDYGOAL,STUSTATUS,ADDITIONALQUESTIONS,FETCHAPPLICATION_DATE,FETCHAPPLSTATUS,REJECTIONMESSAGE,SGHIDE) values (398,400000177,'user07','방장 자동가입','방장 자동가입','admin','방장 자동가입',to_date('24/10/07','RR/MM/DD'),'Y',null,'N');
Insert into ADMIN.TBL_STUDY_APPLICATION (FETCHAPPLICATIONID,FETCHAPPSTUDYID,FETCHAPPUSERID,SELFINTRO,STUDYGOAL,STUSTATUS,ADDITIONALQUESTIONS,FETCHAPPLICATION_DATE,FETCHAPPLSTATUS,REJECTIONMESSAGE,SGHIDE) values (399,400000178,'user07','방장 자동가입','방장 자동가입','admin','방장 자동가입',to_date('24/10/07','RR/MM/DD'),'Y',null,'N');
Insert into ADMIN.TBL_STUDY_APPLICATION (FETCHAPPLICATIONID,FETCHAPPSTUDYID,FETCHAPPUSERID,SELFINTRO,STUDYGOAL,STUSTATUS,ADDITIONALQUESTIONS,FETCHAPPLICATION_DATE,FETCHAPPLSTATUS,REJECTIONMESSAGE,SGHIDE) values (400,400000179,'user07','방장 자동가입','방장 자동가입','admin','방장 자동가입',to_date('24/10/07','RR/MM/DD'),'Y',null,'N');
Insert into ADMIN.TBL_STUDY_APPLICATION (FETCHAPPLICATIONID,FETCHAPPSTUDYID,FETCHAPPUSERID,SELFINTRO,STUDYGOAL,STUSTATUS,ADDITIONALQUESTIONS,FETCHAPPLICATION_DATE,FETCHAPPLSTATUS,REJECTIONMESSAGE,SGHIDE) values (401,400000180,'user07','방장 자동가입','방장 자동가입','admin','방장 자동가입',to_date('24/10/07','RR/MM/DD'),'Y',null,'N');
Insert into ADMIN.TBL_STUDY_APPLICATION (FETCHAPPLICATIONID,FETCHAPPSTUDYID,FETCHAPPUSERID,SELFINTRO,STUDYGOAL,STUSTATUS,ADDITIONALQUESTIONS,FETCHAPPLICATION_DATE,FETCHAPPLSTATUS,REJECTIONMESSAGE,SGHIDE) values (402,400000181,'user07','방장 자동가입','방장 자동가입','admin','방장 자동가입',to_date('24/10/07','RR/MM/DD'),'Y',null,'N');
Insert into ADMIN.TBL_STUDY_APPLICATION (FETCHAPPLICATIONID,FETCHAPPSTUDYID,FETCHAPPUSERID,SELFINTRO,STUDYGOAL,STUSTATUS,ADDITIONALQUESTIONS,FETCHAPPLICATION_DATE,FETCHAPPLSTATUS,REJECTIONMESSAGE,SGHIDE) values (403,400000182,'user07','방장 자동가입','방장 자동가입','admin','방장 자동가입',to_date('24/10/07','RR/MM/DD'),'Y',null,'N');
Insert into ADMIN.TBL_STUDY_APPLICATION (FETCHAPPLICATIONID,FETCHAPPSTUDYID,FETCHAPPUSERID,SELFINTRO,STUDYGOAL,STUSTATUS,ADDITIONALQUESTIONS,FETCHAPPLICATION_DATE,FETCHAPPLSTATUS,REJECTIONMESSAGE,SGHIDE) values (404,400000183,'user07','방장 자동가입','방장 자동가입','admin','방장 자동가입',to_date('24/10/07','RR/MM/DD'),'Y',null,'N');
Insert into ADMIN.TBL_STUDY_APPLICATION (FETCHAPPLICATIONID,FETCHAPPSTUDYID,FETCHAPPUSERID,SELFINTRO,STUDYGOAL,STUSTATUS,ADDITIONALQUESTIONS,FETCHAPPLICATION_DATE,FETCHAPPLSTATUS,REJECTIONMESSAGE,SGHIDE) values (405,400000184,'user07','방장 자동가입','방장 자동가입','admin','방장 자동가입',to_date('24/10/07','RR/MM/DD'),'Y',null,'N');
Insert into ADMIN.TBL_STUDY_APPLICATION (FETCHAPPLICATIONID,FETCHAPPSTUDYID,FETCHAPPUSERID,SELFINTRO,STUDYGOAL,STUSTATUS,ADDITIONALQUESTIONS,FETCHAPPLICATION_DATE,FETCHAPPLSTATUS,REJECTIONMESSAGE,SGHIDE) values (406,400000185,'user07','방장 자동가입','방장 자동가입','admin','방장 자동가입',to_date('24/10/07','RR/MM/DD'),'Y',null,'N');
Insert into ADMIN.TBL_STUDY_APPLICATION (FETCHAPPLICATIONID,FETCHAPPSTUDYID,FETCHAPPUSERID,SELFINTRO,STUDYGOAL,STUSTATUS,ADDITIONALQUESTIONS,FETCHAPPLICATION_DATE,FETCHAPPLSTATUS,REJECTIONMESSAGE,SGHIDE) values (407,400000186,'user07','방장 자동가입','방장 자동가입','admin','방장 자동가입',to_date('24/10/07','RR/MM/DD'),'Y',null,'N');
Insert into ADMIN.TBL_STUDY_APPLICATION (FETCHAPPLICATIONID,FETCHAPPSTUDYID,FETCHAPPUSERID,SELFINTRO,STUDYGOAL,STUSTATUS,ADDITIONALQUESTIONS,FETCHAPPLICATION_DATE,FETCHAPPLSTATUS,REJECTIONMESSAGE,SGHIDE) values (408,400000187,'user07','방장 자동가입','방장 자동가입','admin','방장 자동가입',to_date('24/10/07','RR/MM/DD'),'Y',null,'N');
Insert into ADMIN.TBL_STUDY_APPLICATION (FETCHAPPLICATIONID,FETCHAPPSTUDYID,FETCHAPPUSERID,SELFINTRO,STUDYGOAL,STUSTATUS,ADDITIONALQUESTIONS,FETCHAPPLICATION_DATE,FETCHAPPLSTATUS,REJECTIONMESSAGE,SGHIDE) values (409,400000188,'user07','방장 자동가입','방장 자동가입','admin','방장 자동가입',to_date('24/10/07','RR/MM/DD'),'Y',null,'N');
Insert into ADMIN.TBL_STUDY_APPLICATION (FETCHAPPLICATIONID,FETCHAPPSTUDYID,FETCHAPPUSERID,SELFINTRO,STUDYGOAL,STUSTATUS,ADDITIONALQUESTIONS,FETCHAPPLICATION_DATE,FETCHAPPLSTATUS,REJECTIONMESSAGE,SGHIDE) values (410,400000189,'user07','방장 자동가입','방장 자동가입','admin','방장 자동가입',to_date('24/10/07','RR/MM/DD'),'Y',null,'N');
Insert into ADMIN.TBL_STUDY_APPLICATION (FETCHAPPLICATIONID,FETCHAPPSTUDYID,FETCHAPPUSERID,SELFINTRO,STUDYGOAL,STUSTATUS,ADDITIONALQUESTIONS,FETCHAPPLICATION_DATE,FETCHAPPLSTATUS,REJECTIONMESSAGE,SGHIDE) values (411,400000190,'user07','방장 자동가입','방장 자동가입','admin','방장 자동가입',to_date('24/10/07','RR/MM/DD'),'Y',null,'N');
Insert into ADMIN.TBL_STUDY_APPLICATION (FETCHAPPLICATIONID,FETCHAPPSTUDYID,FETCHAPPUSERID,SELFINTRO,STUDYGOAL,STUSTATUS,ADDITIONALQUESTIONS,FETCHAPPLICATION_DATE,FETCHAPPLSTATUS,REJECTIONMESSAGE,SGHIDE) values (412,400000191,'user07','방장 자동가입','방장 자동가입','admin','방장 자동가입',to_date('24/10/07','RR/MM/DD'),'Y',null,'N');
Insert into ADMIN.TBL_STUDY_APPLICATION (FETCHAPPLICATIONID,FETCHAPPSTUDYID,FETCHAPPUSERID,SELFINTRO,STUDYGOAL,STUSTATUS,ADDITIONALQUESTIONS,FETCHAPPLICATION_DATE,FETCHAPPLSTATUS,REJECTIONMESSAGE,SGHIDE) values (413,400000192,'user07','방장 자동가입','방장 자동가입','admin','방장 자동가입',to_date('24/10/07','RR/MM/DD'),'Y',null,'N');
Insert into ADMIN.TBL_STUDY_APPLICATION (FETCHAPPLICATIONID,FETCHAPPSTUDYID,FETCHAPPUSERID,SELFINTRO,STUDYGOAL,STUSTATUS,ADDITIONALQUESTIONS,FETCHAPPLICATION_DATE,FETCHAPPLSTATUS,REJECTIONMESSAGE,SGHIDE) values (414,400000193,'user07','방장 자동가입','방장 자동가입','admin','방장 자동가입',to_date('24/10/07','RR/MM/DD'),'Y',null,'N');
Insert into ADMIN.TBL_STUDY_APPLICATION (FETCHAPPLICATIONID,FETCHAPPSTUDYID,FETCHAPPUSERID,SELFINTRO,STUDYGOAL,STUSTATUS,ADDITIONALQUESTIONS,FETCHAPPLICATION_DATE,FETCHAPPLSTATUS,REJECTIONMESSAGE,SGHIDE) values (415,400000194,'user07','방장 자동가입','방장 자동가입','admin','방장 자동가입',to_date('24/10/07','RR/MM/DD'),'Y',null,'N');
Insert into ADMIN.TBL_STUDY_APPLICATION (FETCHAPPLICATIONID,FETCHAPPSTUDYID,FETCHAPPUSERID,SELFINTRO,STUDYGOAL,STUSTATUS,ADDITIONALQUESTIONS,FETCHAPPLICATION_DATE,FETCHAPPLSTATUS,REJECTIONMESSAGE,SGHIDE) values (435,400000216,'user08','방장 자동가입','방장 자동가입','admin','방장 자동가입',to_date('24/10/07','RR/MM/DD'),'Y',null,'N');
Insert into ADMIN.TBL_STUDY_APPLICATION (FETCHAPPLICATIONID,FETCHAPPSTUDYID,FETCHAPPUSERID,SELFINTRO,STUDYGOAL,STUSTATUS,ADDITIONALQUESTIONS,FETCHAPPLICATION_DATE,FETCHAPPLSTATUS,REJECTIONMESSAGE,SGHIDE) values (417,400000195,'user07','방장 자동가입','방장 자동가입','admin','방장 자동가입',to_date('24/10/07','RR/MM/DD'),'Y',null,'N');
Insert into ADMIN.TBL_STUDY_APPLICATION (FETCHAPPLICATIONID,FETCHAPPSTUDYID,FETCHAPPUSERID,SELFINTRO,STUDYGOAL,STUSTATUS,ADDITIONALQUESTIONS,FETCHAPPLICATION_DATE,FETCHAPPLSTATUS,REJECTIONMESSAGE,SGHIDE) values (441,400000189,'user03','asdfsda','fsdafsad','user','fsadfsdaf',to_date('24/10/11','RR/MM/DD'),'N',null,'N');
Insert into ADMIN.TBL_STUDY_APPLICATION (FETCHAPPLICATIONID,FETCHAPPSTUDYID,FETCHAPPUSERID,SELFINTRO,STUDYGOAL,STUSTATUS,ADDITIONALQUESTIONS,FETCHAPPLICATION_DATE,FETCHAPPLSTATUS,REJECTIONMESSAGE,SGHIDE) values (418,400000199,'user07','방장 자동가입','방장 자동가입','admin','방장 자동가입',to_date('24/10/07','RR/MM/DD'),'Y',null,'N');
Insert into ADMIN.TBL_STUDY_APPLICATION (FETCHAPPLICATIONID,FETCHAPPSTUDYID,FETCHAPPUSERID,SELFINTRO,STUDYGOAL,STUSTATUS,ADDITIONALQUESTIONS,FETCHAPPLICATION_DATE,FETCHAPPLSTATUS,REJECTIONMESSAGE,SGHIDE) values (370,400000157,'user12','저는 백엔드 개발자 김성태입니다. 다양한 웹 기술을 사용하여 여러 프로젝트를 진행해왔습니다. 스프링을 활용한 복잡한 비즈니스 로직 구현에 관심이 많습니다.','스프링 부트와 스프링 데이터 JPA를 활용하여 효율적인 데이터 관리 및 처리 방법을 배우고자 합니다.','user','현재 스프링에 대해 가장 궁금한 점이 무엇인가요?',to_date('24/10/05','RR/MM/DD'),'Y','ㅇㅇㅇ','N');
Insert into ADMIN.TBL_STUDY_APPLICATION (FETCHAPPLICATIONID,FETCHAPPSTUDYID,FETCHAPPUSERID,SELFINTRO,STUDYGOAL,STUSTATUS,ADDITIONALQUESTIONS,FETCHAPPLICATION_DATE,FETCHAPPLSTATUS,REJECTIONMESSAGE,SGHIDE) values (445,400000184,'admin','ji','eeee','user','rrrr',to_date('24/10/11','RR/MM/DD'),'N',null,'N');
Insert into ADMIN.TBL_STUDY_APPLICATION (FETCHAPPLICATIONID,FETCHAPPSTUDYID,FETCHAPPUSERID,SELFINTRO,STUDYGOAL,STUSTATUS,ADDITIONALQUESTIONS,FETCHAPPLICATION_DATE,FETCHAPPLSTATUS,REJECTIONMESSAGE,SGHIDE) values (446,400000219,'admin','방장 자동가입','방장 자동가입','admin','방장 자동가입',to_date('24/10/11','RR/MM/DD'),'Y',null,'N');
Insert into ADMIN.TBL_STUDY_APPLICATION (FETCHAPPLICATIONID,FETCHAPPSTUDYID,FETCHAPPUSERID,SELFINTRO,STUDYGOAL,STUSTATUS,ADDITIONALQUESTIONS,FETCHAPPLICATION_DATE,FETCHAPPLSTATUS,REJECTIONMESSAGE,SGHIDE) values (355,400000157,'user04','방장 자동가입','열심히 하자 !
','user','방장 자동가입',to_date('24/10/05','RR/MM/DD'),'Y',null,'N');
Insert into ADMIN.TBL_STUDY_APPLICATION (FETCHAPPLICATIONID,FETCHAPPSTUDYID,FETCHAPPUSERID,SELFINTRO,STUDYGOAL,STUSTATUS,ADDITIONALQUESTIONS,FETCHAPPLICATION_DATE,FETCHAPPLSTATUS,REJECTIONMESSAGE,SGHIDE) values (371,400000157,'user13','안녕하세요. 저는 경력 3년의 자바 개발자 박소현입니다. 제 기술을 통해 실용적이고 효율적인 솔루션을 제공하는 것을 목표로 하고 있습니다. 스프링 프로젝트를 통해 더 넓은 시야를 갖고 싶습니다.','이번 모임에서는 스프링 MVC를 깊이 있게 이해하고, 실제 프로젝트에 적용해 볼 수 있는 기회를 가지고 싶습니다.','user','지금까지 진행한 프로젝트 중 가장 기억에 남는 경험은 무엇인가요?',to_date('24/10/05','RR/MM/DD'),'L','출석 미만','N');
Insert into ADMIN.TBL_STUDY_APPLICATION (FETCHAPPLICATIONID,FETCHAPPSTUDYID,FETCHAPPUSERID,SELFINTRO,STUDYGOAL,STUSTATUS,ADDITIONALQUESTIONS,FETCHAPPLICATION_DATE,FETCHAPPLSTATUS,REJECTIONMESSAGE,SGHIDE) values (442,400000157,'admin','a','현수씨가그랬어요
','user','a',to_date('24/10/11','RR/MM/DD'),'Y',null,'N');
Insert into ADMIN.TBL_STUDY_APPLICATION (FETCHAPPLICATIONID,FETCHAPPSTUDYID,FETCHAPPUSERID,SELFINTRO,STUDYGOAL,STUSTATUS,ADDITIONALQUESTIONS,FETCHAPPLICATION_DATE,FETCHAPPLSTATUS,REJECTIONMESSAGE,SGHIDE) values (439,400000173,'user01','네','네ㅐ','user','네',to_date('24/10/11','RR/MM/DD'),'N',null,'N');
Insert into ADMIN.TBL_STUDY_APPLICATION (FETCHAPPLICATIONID,FETCHAPPSTUDYID,FETCHAPPUSERID,SELFINTRO,STUDYGOAL,STUSTATUS,ADDITIONALQUESTIONS,FETCHAPPLICATION_DATE,FETCHAPPLSTATUS,REJECTIONMESSAGE,SGHIDE) values (351,400000154,'user02','방장 자동가입','방장 자동가입','admin','방장 자동가입',to_date('24/10/05','RR/MM/DD'),'Y',null,'N');
Insert into ADMIN.TBL_STUDY_APPLICATION (FETCHAPPLICATIONID,FETCHAPPSTUDYID,FETCHAPPUSERID,SELFINTRO,STUDYGOAL,STUSTATUS,ADDITIONALQUESTIONS,FETCHAPPLICATION_DATE,FETCHAPPLSTATUS,REJECTIONMESSAGE,SGHIDE) values (346,400000072,'user14','I am passionate about improving my English skills, especially in communication and presentation.','My goal is to enhance my English speaking and listening skills to better communicate in international environments.','user','I am curious about the best practices for improving English pronunciation and gaining fluency.',to_date('24/10/04','RR/MM/DD'),'N',null,'N');
REM INSERTING into ADMIN.TBL_STUDY_GROUP
SET DEFINE OFF;
Insert into ADMIN.TBL_STUDY_GROUP (STUDY_GROUP_ID,STUDY_ADMIN_ID,SUBJECT_TYPE_ID,STUDY_NAME,DESCRIPTION,RELATED_BOOK,ONOFFMODE,PARTICIPANTS,MAX_PARTICIPANTS,GROUPSTATUS,STARTDATE,ENDDATE,STUDYTIME,AGE,GROUPPASSWORD,MYPAGE_STATUS,GENDERGROUP,GROUPPUBLIC,RELATEDBOOKDIRECT,CREATEDATE) values (400000219,'admin',2006,'독서 모음','독서 모임','9788986621327','오프',null,9,'Y',to_date('24/10/11','RR/MM/DD'),to_date('24/11/12','RR/MM/DD'),to_date('24/10/01','RR/MM/DD'),'성인',null,'N','혼성',null,null,to_date('24/10/11','RR/MM/DD'));
Insert into ADMIN.TBL_STUDY_GROUP (STUDY_GROUP_ID,STUDY_ADMIN_ID,SUBJECT_TYPE_ID,STUDY_NAME,DESCRIPTION,RELATED_BOOK,ONOFFMODE,PARTICIPANTS,MAX_PARTICIPANTS,GROUPSTATUS,STARTDATE,ENDDATE,STUDYTIME,AGE,GROUPPASSWORD,MYPAGE_STATUS,GENDERGROUP,GROUPPUBLIC,RELATEDBOOKDIRECT,CREATEDATE) values (400000215,'user03',2005,'역사 속으로의 시간여행 국사무쌍','각 시대별 중요 사건 탐구','9788925107134','온라인',null,6,'Y',to_date('24/10/07','RR/MM/DD'),to_date('24/11/14','RR/MM/DD'),to_date('24/10/01','RR/MM/DD'),'중딩',null,'N','남성',null,null,to_date('24/10/07','RR/MM/DD'));
Insert into ADMIN.TBL_STUDY_GROUP (STUDY_GROUP_ID,STUDY_ADMIN_ID,SUBJECT_TYPE_ID,STUDY_NAME,DESCRIPTION,RELATED_BOOK,ONOFFMODE,PARTICIPANTS,MAX_PARTICIPANTS,GROUPSTATUS,STARTDATE,ENDDATE,STUDYTIME,AGE,GROUPPASSWORD,MYPAGE_STATUS,GENDERGROUP,GROUPPUBLIC,RELATEDBOOKDIRECT,CREATEDATE) values (400000153,'user01',2001,'방학기간 국어 마스터 클래스 하실분','국어의 기본 문법과 문학적 요소를 학습합니다. 다양한 문체와 작문 기술을 개발합니다.',null,'온라인',null,6,'Y',to_date('24/12/23','RR/MM/DD'),to_date('25/02/05','RR/MM/DD'),to_date('24/10/01','RR/MM/DD'),'중딩',null,'N','혼성',null,null,to_date('24/10/07','RR/MM/DD'));
Insert into ADMIN.TBL_STUDY_GROUP (STUDY_GROUP_ID,STUDY_ADMIN_ID,SUBJECT_TYPE_ID,STUDY_NAME,DESCRIPTION,RELATED_BOOK,ONOFFMODE,PARTICIPANTS,MAX_PARTICIPANTS,GROUPSTATUS,STARTDATE,ENDDATE,STUDYTIME,AGE,GROUPPASSWORD,MYPAGE_STATUS,GENDERGROUP,GROUPPUBLIC,RELATEDBOOKDIRECT,CREATEDATE) values (400000216,'user08',2012,'사탕수수','ㅇㅇㅇㅇㅇ','9791189909147','오프',null,20,'Y',to_date('24/10/18','RR/MM/DD'),to_date('24/10/08','RR/MM/DD'),to_date('24/10/01','RR/MM/DD'),'대딩',null,'N','여성',null,null,to_date('24/10/07','RR/MM/DD'));
Insert into ADMIN.TBL_STUDY_GROUP (STUDY_GROUP_ID,STUDY_ADMIN_ID,SUBJECT_TYPE_ID,STUDY_NAME,DESCRIPTION,RELATED_BOOK,ONOFFMODE,PARTICIPANTS,MAX_PARTICIPANTS,GROUPSTATUS,STARTDATE,ENDDATE,STUDYTIME,AGE,GROUPPASSWORD,MYPAGE_STATUS,GENDERGROUP,GROUPPUBLIC,RELATEDBOOKDIRECT,CREATEDATE) values (400000157,'user03',2012,'스프링프로젝트 하실분!','스프링프로젝트 기획부터 함께 해보실분~~','9791192806129','혼합',null,12,'Y',to_date('24/11/01','RR/MM/DD'),to_date('24/12/01','RR/MM/DD'),to_date('24/10/01','RR/MM/DD'),'고딩',null,'N','남성',null,null,to_date('24/10/07','RR/MM/DD'));
Insert into ADMIN.TBL_STUDY_GROUP (STUDY_GROUP_ID,STUDY_ADMIN_ID,SUBJECT_TYPE_ID,STUDY_NAME,DESCRIPTION,RELATED_BOOK,ONOFFMODE,PARTICIPANTS,MAX_PARTICIPANTS,GROUPSTATUS,STARTDATE,ENDDATE,STUDYTIME,AGE,GROUPPASSWORD,MYPAGE_STATUS,GENDERGROUP,GROUPPUBLIC,RELATEDBOOKDIRECT,CREATEDATE) values (400000159,'user07',2001,'국어 문법 마스터','국어의 기본 문법부터 고급 문법까지 체계적으로 학습합니다.',null,'온라인',null,15,'Y',to_date('24/09/01','RR/MM/DD'),to_date('25/02/10','RR/MM/DD'),to_date('24/10/01','RR/MM/DD'),'고등학생',null,'N','혼성',null,null,to_date('24/10/06','RR/MM/DD'));
Insert into ADMIN.TBL_STUDY_GROUP (STUDY_GROUP_ID,STUDY_ADMIN_ID,SUBJECT_TYPE_ID,STUDY_NAME,DESCRIPTION,RELATED_BOOK,ONOFFMODE,PARTICIPANTS,MAX_PARTICIPANTS,GROUPSTATUS,STARTDATE,ENDDATE,STUDYTIME,AGE,GROUPPASSWORD,MYPAGE_STATUS,GENDERGROUP,GROUPPUBLIC,RELATEDBOOKDIRECT,CREATEDATE) values (400000171,'user07',2007,'사회 이슈 논술','현재 사회의 중요 이슈에 대한 통찰과 논술을 통해 비판적 사고를 심화합니다.','9791192518077','온라인',null,15,'Y',to_date('24/09/01','RR/MM/DD'),to_date('25/02/10','RR/MM/DD'),to_date('24/10/01','RR/MM/DD'),'성인',null,'N','혼성',null,null,to_date('24/10/06','RR/MM/DD'));
Insert into ADMIN.TBL_STUDY_GROUP (STUDY_GROUP_ID,STUDY_ADMIN_ID,SUBJECT_TYPE_ID,STUDY_NAME,DESCRIPTION,RELATED_BOOK,ONOFFMODE,PARTICIPANTS,MAX_PARTICIPANTS,GROUPSTATUS,STARTDATE,ENDDATE,STUDYTIME,AGE,GROUPPASSWORD,MYPAGE_STATUS,GENDERGROUP,GROUPPUBLIC,RELATEDBOOKDIRECT,CREATEDATE) values (400000160,'user07',2001,'문학 작품 깊이 읽기','다양한 시대와 장르의 문학 작품을 분석하고 토론합니다.',null,'오프',null,12,'Y',to_date('24/09/01','RR/MM/DD'),to_date('25/02/10','RR/MM/DD'),to_date('24/10/01','RR/MM/DD'),'성인',null,'N','혼성',null,null,to_date('24/10/06','RR/MM/DD'));
Insert into ADMIN.TBL_STUDY_GROUP (STUDY_GROUP_ID,STUDY_ADMIN_ID,SUBJECT_TYPE_ID,STUDY_NAME,DESCRIPTION,RELATED_BOOK,ONOFFMODE,PARTICIPANTS,MAX_PARTICIPANTS,GROUPSTATUS,STARTDATE,ENDDATE,STUDYTIME,AGE,GROUPPASSWORD,MYPAGE_STATUS,GENDERGROUP,GROUPPUBLIC,RELATEDBOOKDIRECT,CREATEDATE) values (400000161,'user07',2002,'실용 영어 회화','일상생활 및 비즈니스 상황에서 사용할 수 있는 영어 회화를 강화합니다.',null,'온라인',null,10,'Y',to_date('24/09/01','RR/MM/DD'),to_date('25/02/10','RR/MM/DD'),to_date('24/10/01','RR/MM/DD'),'성인',null,'N','혼성',null,null,to_date('24/10/06','RR/MM/DD'));
Insert into ADMIN.TBL_STUDY_GROUP (STUDY_GROUP_ID,STUDY_ADMIN_ID,SUBJECT_TYPE_ID,STUDY_NAME,DESCRIPTION,RELATED_BOOK,ONOFFMODE,PARTICIPANTS,MAX_PARTICIPANTS,GROUPSTATUS,STARTDATE,ENDDATE,STUDYTIME,AGE,GROUPPASSWORD,MYPAGE_STATUS,GENDERGROUP,GROUPPUBLIC,RELATEDBOOKDIRECT,CREATEDATE) values (400000162,'user07',2002,'영어 문법 집중 강좌','기초부터 고급까지 영어 문법을 체계적으로 학습합니다.','9791171010875','오프',null,15,'Y',to_date('24/09/01','RR/MM/DD'),to_date('25/02/10','RR/MM/DD'),to_date('24/10/01','RR/MM/DD'),'대학생',null,'N','혼성',null,null,to_date('24/10/06','RR/MM/DD'));
Insert into ADMIN.TBL_STUDY_GROUP (STUDY_GROUP_ID,STUDY_ADMIN_ID,SUBJECT_TYPE_ID,STUDY_NAME,DESCRIPTION,RELATED_BOOK,ONOFFMODE,PARTICIPANTS,MAX_PARTICIPANTS,GROUPSTATUS,STARTDATE,ENDDATE,STUDYTIME,AGE,GROUPPASSWORD,MYPAGE_STATUS,GENDERGROUP,GROUPPUBLIC,RELATEDBOOKDIRECT,CREATEDATE) values (400000163,'user07',2003,'고급 수학 문제 풀이','대학 입시 및 수학 올림피아드를 위한 고급 문제 풀이 기법을 배웁니다.',null,'온라인',null,20,'Y',to_date('24/09/01','RR/MM/DD'),to_date('25/02/10','RR/MM/DD'),to_date('24/10/01','RR/MM/DD'),'고등학생',null,'N','혼성',null,null,to_date('24/10/06','RR/MM/DD'));
Insert into ADMIN.TBL_STUDY_GROUP (STUDY_GROUP_ID,STUDY_ADMIN_ID,SUBJECT_TYPE_ID,STUDY_NAME,DESCRIPTION,RELATED_BOOK,ONOFFMODE,PARTICIPANTS,MAX_PARTICIPANTS,GROUPSTATUS,STARTDATE,ENDDATE,STUDYTIME,AGE,GROUPPASSWORD,MYPAGE_STATUS,GENDERGROUP,GROUPPUBLIC,RELATEDBOOKDIRECT,CREATEDATE) values (400000164,'user07',2003,'수학의 즐거움','수학을 통해 논리적 사고와 문제 해결 능력을 키우는 즐거운 학습을 경험합니다.',null,'오프',null,12,'Y',to_date('24/09/01','RR/MM/DD'),to_date('25/02/10','RR/MM/DD'),to_date('24/10/01','RR/MM/DD'),'성인',null,'N','혼성',null,null,to_date('24/10/06','RR/MM/DD'));
Insert into ADMIN.TBL_STUDY_GROUP (STUDY_GROUP_ID,STUDY_ADMIN_ID,SUBJECT_TYPE_ID,STUDY_NAME,DESCRIPTION,RELATED_BOOK,ONOFFMODE,PARTICIPANTS,MAX_PARTICIPANTS,GROUPSTATUS,STARTDATE,ENDDATE,STUDYTIME,AGE,GROUPPASSWORD,MYPAGE_STATUS,GENDERGROUP,GROUPPUBLIC,RELATEDBOOKDIRECT,CREATEDATE) values (400000165,'user07',2004,'현대 과학 탐구','현대 과학의 최신 이론과 발견을 탐구하고 실습합니다.','9788932473901','온라인',null,15,'Y',to_date('24/09/01','RR/MM/DD'),to_date('25/02/10','RR/MM/DD'),to_date('24/10/01','RR/MM/DD'),'고등학생',null,'N','혼성',null,null,to_date('24/10/07','RR/MM/DD'));
Insert into ADMIN.TBL_STUDY_GROUP (STUDY_GROUP_ID,STUDY_ADMIN_ID,SUBJECT_TYPE_ID,STUDY_NAME,DESCRIPTION,RELATED_BOOK,ONOFFMODE,PARTICIPANTS,MAX_PARTICIPANTS,GROUPSTATUS,STARTDATE,ENDDATE,STUDYTIME,AGE,GROUPPASSWORD,MYPAGE_STATUS,GENDERGROUP,GROUPPUBLIC,RELATEDBOOKDIRECT,CREATEDATE) values (400000166,'user07',2004,'생태학과 환경 보호','생태학의 기본 개념을 이해하고 환경 보호 활동에 참여하는 방법을 배웁니다.',null,'오프',null,10,'Y',to_date('24/09/01','RR/MM/DD'),to_date('25/02/10','RR/MM/DD'),to_date('24/10/01','RR/MM/DD'),'성인',null,'N','혼성',null,null,to_date('24/10/06','RR/MM/DD'));
Insert into ADMIN.TBL_STUDY_GROUP (STUDY_GROUP_ID,STUDY_ADMIN_ID,SUBJECT_TYPE_ID,STUDY_NAME,DESCRIPTION,RELATED_BOOK,ONOFFMODE,PARTICIPANTS,MAX_PARTICIPANTS,GROUPSTATUS,STARTDATE,ENDDATE,STUDYTIME,AGE,GROUPPASSWORD,MYPAGE_STATUS,GENDERGROUP,GROUPPUBLIC,RELATEDBOOKDIRECT,CREATEDATE) values (400000167,'user07',2005,'세계사 속 거대한 전환','세계 역사 속 주요 전환점을 학습하고 그 영향을 분석합니다.',null,'온라인',null,12,'Y',to_date('24/09/01','RR/MM/DD'),to_date('25/02/10','RR/MM/DD'),to_date('24/10/01','RR/MM/DD'),'고등학생',null,'N','혼성',null,null,to_date('24/10/06','RR/MM/DD'));
Insert into ADMIN.TBL_STUDY_GROUP (STUDY_GROUP_ID,STUDY_ADMIN_ID,SUBJECT_TYPE_ID,STUDY_NAME,DESCRIPTION,RELATED_BOOK,ONOFFMODE,PARTICIPANTS,MAX_PARTICIPANTS,GROUPSTATUS,STARTDATE,ENDDATE,STUDYTIME,AGE,GROUPPASSWORD,MYPAGE_STATUS,GENDERGROUP,GROUPPUBLIC,RELATEDBOOKDIRECT,CREATEDATE) values (400000168,'user07',2005,'한국사의 중요 사건들','한국사의 중요한 사건과 인물들을 통해 역사의 흐름을 이해합니다.',null,'오프',null,15,'Y',to_date('24/09/01','RR/MM/DD'),to_date('25/02/10','RR/MM/DD'),to_date('24/10/01','RR/MM/DD'),'성인',null,'N','혼성',null,null,to_date('24/10/06','RR/MM/DD'));
Insert into ADMIN.TBL_STUDY_GROUP (STUDY_GROUP_ID,STUDY_ADMIN_ID,SUBJECT_TYPE_ID,STUDY_NAME,DESCRIPTION,RELATED_BOOK,ONOFFMODE,PARTICIPANTS,MAX_PARTICIPANTS,GROUPSTATUS,STARTDATE,ENDDATE,STUDYTIME,AGE,GROUPPASSWORD,MYPAGE_STATUS,GENDERGROUP,GROUPPUBLIC,RELATEDBOOKDIRECT,CREATEDATE) values (400000169,'user07',2006,'문학과 함께하는 독서 모임','다양한 문학 장르를 함께 읽고 토론하며 깊이 있는 이해를 추구합니다.',null,'온라인',null,10,'Y',to_date('24/09/01','RR/MM/DD'),to_date('25/02/10','RR/MM/DD'),to_date('24/10/01','RR/MM/DD'),'고등학생',null,'N','혼성',null,null,to_date('24/10/06','RR/MM/DD'));
Insert into ADMIN.TBL_STUDY_GROUP (STUDY_GROUP_ID,STUDY_ADMIN_ID,SUBJECT_TYPE_ID,STUDY_NAME,DESCRIPTION,RELATED_BOOK,ONOFFMODE,PARTICIPANTS,MAX_PARTICIPANTS,GROUPSTATUS,STARTDATE,ENDDATE,STUDYTIME,AGE,GROUPPASSWORD,MYPAGE_STATUS,GENDERGROUP,GROUPPUBLIC,RELATEDBOOKDIRECT,CREATEDATE) values (400000170,'user07',2006,'비평적 독서와 사고','비평적 사고를 활용하여 독서 내용을 분석하고 평가하는 방법을 배웁니다.',null,'오프',null,15,'Y',to_date('24/09/01','RR/MM/DD'),to_date('25/02/10','RR/MM/DD'),to_date('24/10/01','RR/MM/DD'),'성인',null,'N','혼성',null,null,to_date('24/10/06','RR/MM/DD'));
Insert into ADMIN.TBL_STUDY_GROUP (STUDY_GROUP_ID,STUDY_ADMIN_ID,SUBJECT_TYPE_ID,STUDY_NAME,DESCRIPTION,RELATED_BOOK,ONOFFMODE,PARTICIPANTS,MAX_PARTICIPANTS,GROUPSTATUS,STARTDATE,ENDDATE,STUDYTIME,AGE,GROUPPASSWORD,MYPAGE_STATUS,GENDERGROUP,GROUPPUBLIC,RELATEDBOOKDIRECT,CREATEDATE) values (400000172,'user07',2007,'학문적 글쓰기','학문적 논리와 체계를 갖춘 글쓰기를 통해 학술 논문 작성 기술을 배웁니다.','9791192518077','혼합',null,12,'Y',to_date('24/09/01','RR/MM/DD'),to_date('25/02/10','RR/MM/DD'),to_date('24/10/01','RR/MM/DD'),'대학생',null,'N','혼성',null,null,to_date('24/10/06','RR/MM/DD'));
Insert into ADMIN.TBL_STUDY_GROUP (STUDY_GROUP_ID,STUDY_ADMIN_ID,SUBJECT_TYPE_ID,STUDY_NAME,DESCRIPTION,RELATED_BOOK,ONOFFMODE,PARTICIPANTS,MAX_PARTICIPANTS,GROUPSTATUS,STARTDATE,ENDDATE,STUDYTIME,AGE,GROUPPASSWORD,MYPAGE_STATUS,GENDERGROUP,GROUPPUBLIC,RELATEDBOOKDIRECT,CREATEDATE) values (400000173,'user07',2008,'어학 실전 대화','실제 상황에서 사용할 수 있는 언어 스킬을 개발하고 대화 능력을 강화합니다.','9788965424215','온라인',null,10,'Y',to_date('24/09/01','RR/MM/DD'),to_date('25/02/10','RR/MM/DD'),to_date('24/10/01','RR/MM/DD'),'성인',null,'N','혼성',null,null,to_date('24/10/07','RR/MM/DD'));
Insert into ADMIN.TBL_STUDY_GROUP (STUDY_GROUP_ID,STUDY_ADMIN_ID,SUBJECT_TYPE_ID,STUDY_NAME,DESCRIPTION,RELATED_BOOK,ONOFFMODE,PARTICIPANTS,MAX_PARTICIPANTS,GROUPSTATUS,STARTDATE,ENDDATE,STUDYTIME,AGE,GROUPPASSWORD,MYPAGE_STATUS,GENDERGROUP,GROUPPUBLIC,RELATEDBOOKDIRECT,CREATEDATE) values (400000174,'user07',2008,'다국어 기초 학습','여러 나라의 언어 기초를 배우고 다양한 문화에 대한 이해를 증진합니다.','9788965424215','혼합',null,15,'Y',to_date('24/09/01','RR/MM/DD'),to_date('25/02/10','RR/MM/DD'),to_date('24/10/01','RR/MM/DD'),'대학생',null,'N','혼성',null,null,to_date('24/10/06','RR/MM/DD'));
Insert into ADMIN.TBL_STUDY_GROUP (STUDY_GROUP_ID,STUDY_ADMIN_ID,SUBJECT_TYPE_ID,STUDY_NAME,DESCRIPTION,RELATED_BOOK,ONOFFMODE,PARTICIPANTS,MAX_PARTICIPANTS,GROUPSTATUS,STARTDATE,ENDDATE,STUDYTIME,AGE,GROUPPASSWORD,MYPAGE_STATUS,GENDERGROUP,GROUPPUBLIC,RELATEDBOOKDIRECT,CREATEDATE) values (400000175,'user07',2009,'IT 자격증 취득 코스','IT 분야에서 요구하는 기술과 자격증 취득 준비를 위한 실전 지식을 제공합니다.','9788982519536','온라인',null,10,'Y',to_date('24/09/01','RR/MM/DD'),to_date('25/02/10','RR/MM/DD'),to_date('24/10/01','RR/MM/DD'),'성인',null,'N','혼성',null,null,to_date('24/10/06','RR/MM/DD'));
Insert into ADMIN.TBL_STUDY_GROUP (STUDY_GROUP_ID,STUDY_ADMIN_ID,SUBJECT_TYPE_ID,STUDY_NAME,DESCRIPTION,RELATED_BOOK,ONOFFMODE,PARTICIPANTS,MAX_PARTICIPANTS,GROUPSTATUS,STARTDATE,ENDDATE,STUDYTIME,AGE,GROUPPASSWORD,MYPAGE_STATUS,GENDERGROUP,GROUPPUBLIC,RELATEDBOOKDIRECT,CREATEDATE) values (400000176,'user07',2009,'전문 자격증 심화학습','특정 분야의 전문 자격증을 목표로 심화된 이론과 실습을 진행합니다.','9788982519536','혼합',null,12,'Y',to_date('24/09/01','RR/MM/DD'),to_date('25/02/10','RR/MM/DD'),to_date('24/10/01','RR/MM/DD'),'대학생',null,'N','혼성',null,null,to_date('24/10/06','RR/MM/DD'));
Insert into ADMIN.TBL_STUDY_GROUP (STUDY_GROUP_ID,STUDY_ADMIN_ID,SUBJECT_TYPE_ID,STUDY_NAME,DESCRIPTION,RELATED_BOOK,ONOFFMODE,PARTICIPANTS,MAX_PARTICIPANTS,GROUPSTATUS,STARTDATE,ENDDATE,STUDYTIME,AGE,GROUPPASSWORD,MYPAGE_STATUS,GENDERGROUP,GROUPPUBLIC,RELATEDBOOKDIRECT,CREATEDATE) values (400000177,'user07',2010,'창의적 프로젝트 디자인','다양한 분야에서 창의적 아이디어를 발휘하여 실제 프로젝트를 설계하고 실행합니다.',null,'온라인',null,10,'Y',to_date('24/09/01','RR/MM/DD'),to_date('25/02/10','RR/MM/DD'),to_date('24/10/01','RR/MM/DD'),'성인',null,'N','혼성',null,null,to_date('24/10/06','RR/MM/DD'));
Insert into ADMIN.TBL_STUDY_GROUP (STUDY_GROUP_ID,STUDY_ADMIN_ID,SUBJECT_TYPE_ID,STUDY_NAME,DESCRIPTION,RELATED_BOOK,ONOFFMODE,PARTICIPANTS,MAX_PARTICIPANTS,GROUPSTATUS,STARTDATE,ENDDATE,STUDYTIME,AGE,GROUPPASSWORD,MYPAGE_STATUS,GENDERGROUP,GROUPPUBLIC,RELATEDBOOKDIRECT,CREATEDATE) values (400000178,'user07',2010,'팀 기반 프로젝트 관리','팀워크를 중심으로 프로젝트를 계획, 실행하며 관리 기술을 향상시킵니다.',null,'혼합',null,15,'Y',to_date('24/09/01','RR/MM/DD'),to_date('25/02/10','RR/MM/DD'),to_date('24/10/01','RR/MM/DD'),'대학생',null,'N','혼성',null,null,to_date('24/10/06','RR/MM/DD'));
Insert into ADMIN.TBL_STUDY_GROUP (STUDY_GROUP_ID,STUDY_ADMIN_ID,SUBJECT_TYPE_ID,STUDY_NAME,DESCRIPTION,RELATED_BOOK,ONOFFMODE,PARTICIPANTS,MAX_PARTICIPANTS,GROUPSTATUS,STARTDATE,ENDDATE,STUDYTIME,AGE,GROUPPASSWORD,MYPAGE_STATUS,GENDERGROUP,GROUPPUBLIC,RELATEDBOOKDIRECT,CREATEDATE) values (400000179,'user07',2011,'취업 성공 전략','취업 시장에서 성공하기 위한 이력서 작성, 면접 준비, 네트워킹 기술을 배웁니다.',null,'온라인',null,15,'Y',to_date('24/09/01','RR/MM/DD'),to_date('25/02/10','RR/MM/DD'),to_date('24/10/01','RR/MM/DD'),'성인',null,'N','혼성',null,null,to_date('24/10/07','RR/MM/DD'));
Insert into ADMIN.TBL_STUDY_GROUP (STUDY_GROUP_ID,STUDY_ADMIN_ID,SUBJECT_TYPE_ID,STUDY_NAME,DESCRIPTION,RELATED_BOOK,ONOFFMODE,PARTICIPANTS,MAX_PARTICIPANTS,GROUPSTATUS,STARTDATE,ENDDATE,STUDYTIME,AGE,GROUPPASSWORD,MYPAGE_STATUS,GENDERGROUP,GROUPPUBLIC,RELATEDBOOKDIRECT,CREATEDATE) values (400000180,'user07',2011,'직장 내 커뮤니케이션 스킬','효과적인 직장 내 커뮤니케이션 기술과 팀워크를 향상시키는 방법을 학습합니다.','9788934003861','혼합',null,12,'Y',to_date('24/09/01','RR/MM/DD'),to_date('25/02/10','RR/MM/DD'),to_date('24/10/01','RR/MM/DD'),'대학생',null,'N','혼성',null,null,to_date('24/10/06','RR/MM/DD'));
Insert into ADMIN.TBL_STUDY_GROUP (STUDY_GROUP_ID,STUDY_ADMIN_ID,SUBJECT_TYPE_ID,STUDY_NAME,DESCRIPTION,RELATED_BOOK,ONOFFMODE,PARTICIPANTS,MAX_PARTICIPANTS,GROUPSTATUS,STARTDATE,ENDDATE,STUDYTIME,AGE,GROUPPASSWORD,MYPAGE_STATUS,GENDERGROUP,GROUPPUBLIC,RELATEDBOOKDIRECT,CREATEDATE) values (400000181,'user07',2012,'프로그래밍 입문','프로그래밍 기초부터 시작하여 실제 어플리케이션을 만드는 과정까지 배웁니다.','9791189909147','온라인',null,10,'Y',to_date('24/09/01','RR/MM/DD'),to_date('25/02/10','RR/MM/DD'),to_date('24/10/01','RR/MM/DD'),'고등학생',null,'N','혼성',null,null,to_date('24/10/06','RR/MM/DD'));
Insert into ADMIN.TBL_STUDY_GROUP (STUDY_GROUP_ID,STUDY_ADMIN_ID,SUBJECT_TYPE_ID,STUDY_NAME,DESCRIPTION,RELATED_BOOK,ONOFFMODE,PARTICIPANTS,MAX_PARTICIPANTS,GROUPSTATUS,STARTDATE,ENDDATE,STUDYTIME,AGE,GROUPPASSWORD,MYPAGE_STATUS,GENDERGROUP,GROUPPUBLIC,RELATEDBOOKDIRECT,CREATEDATE) values (400000182,'user07',2012,'데이터베이스 관리','데이터베이스 설계 및 관리 기술을 배우고 SQL을 통해 데이터를 조작하는 방법을 학습합니다.','9791189909147','혼합',null,15,'Y',to_date('24/09/01','RR/MM/DD'),to_date('25/02/10','RR/MM/DD'),to_date('24/10/01','RR/MM/DD'),'성인',null,'N','혼성',null,null,to_date('24/10/06','RR/MM/DD'));
Insert into ADMIN.TBL_STUDY_GROUP (STUDY_GROUP_ID,STUDY_ADMIN_ID,SUBJECT_TYPE_ID,STUDY_NAME,DESCRIPTION,RELATED_BOOK,ONOFFMODE,PARTICIPANTS,MAX_PARTICIPANTS,GROUPSTATUS,STARTDATE,ENDDATE,STUDYTIME,AGE,GROUPPASSWORD,MYPAGE_STATUS,GENDERGROUP,GROUPPUBLIC,RELATEDBOOKDIRECT,CREATEDATE) values (400000183,'user07',2001,'국어 심화 이론','국어 고급 이론과 비평을 통해 문학적 소양을 넓힙니다.','9791163036227','온라인',null,7,'Y',to_date('24/09/01','RR/MM/DD'),to_date('25/02/10','RR/MM/DD'),to_date('24/10/01','RR/MM/DD'),'고등학생',null,'N','혼성',null,null,to_date('24/10/06','RR/MM/DD'));
Insert into ADMIN.TBL_STUDY_GROUP (STUDY_GROUP_ID,STUDY_ADMIN_ID,SUBJECT_TYPE_ID,STUDY_NAME,DESCRIPTION,RELATED_BOOK,ONOFFMODE,PARTICIPANTS,MAX_PARTICIPANTS,GROUPSTATUS,STARTDATE,ENDDATE,STUDYTIME,AGE,GROUPPASSWORD,MYPAGE_STATUS,GENDERGROUP,GROUPPUBLIC,RELATEDBOOKDIRECT,CREATEDATE) values (400000184,'user07',2001,'국어 작문 클래스','다양한 주제로 작문 연습을 하며 표현력과 문장 구성 능력을 키웁니다.','9791163036227','오프',null,5,'Y',to_date('24/09/01','RR/MM/DD'),to_date('25/02/10','RR/MM/DD'),to_date('24/10/01','RR/MM/DD'),'성인',null,'N','혼성',null,null,to_date('24/10/07','RR/MM/DD'));
Insert into ADMIN.TBL_STUDY_GROUP (STUDY_GROUP_ID,STUDY_ADMIN_ID,SUBJECT_TYPE_ID,STUDY_NAME,DESCRIPTION,RELATED_BOOK,ONOFFMODE,PARTICIPANTS,MAX_PARTICIPANTS,GROUPSTATUS,STARTDATE,ENDDATE,STUDYTIME,AGE,GROUPPASSWORD,MYPAGE_STATUS,GENDERGROUP,GROUPPUBLIC,RELATEDBOOKDIRECT,CREATEDATE) values (400000185,'user07',2002,'실전 영어 마스터','실생활에서 바로 쓸 수 있는 영어 표현을 배우고 연습합니다.','9791192806129','온라인',null,6,'Y',to_date('24/09/01','RR/MM/DD'),to_date('25/02/10','RR/MM/DD'),to_date('24/10/01','RR/MM/DD'),'고등학생',null,'N','혼성',null,null,to_date('24/10/06','RR/MM/DD'));
Insert into ADMIN.TBL_STUDY_GROUP (STUDY_GROUP_ID,STUDY_ADMIN_ID,SUBJECT_TYPE_ID,STUDY_NAME,DESCRIPTION,RELATED_BOOK,ONOFFMODE,PARTICIPANTS,MAX_PARTICIPANTS,GROUPSTATUS,STARTDATE,ENDDATE,STUDYTIME,AGE,GROUPPASSWORD,MYPAGE_STATUS,GENDERGROUP,GROUPPUBLIC,RELATEDBOOKDIRECT,CREATEDATE) values (400000186,'user07',2002,'비즈니스 영어 특강','글로벌 비즈니스 환경에서 필요한 전문 영어 스킬을 배웁니다.','9791192806129','오프',null,4,'Y',to_date('24/09/01','RR/MM/DD'),to_date('25/02/10','RR/MM/DD'),to_date('24/10/01','RR/MM/DD'),'성인',null,'N','혼성',null,null,to_date('24/10/06','RR/MM/DD'));
Insert into ADMIN.TBL_STUDY_GROUP (STUDY_GROUP_ID,STUDY_ADMIN_ID,SUBJECT_TYPE_ID,STUDY_NAME,DESCRIPTION,RELATED_BOOK,ONOFFMODE,PARTICIPANTS,MAX_PARTICIPANTS,GROUPSTATUS,STARTDATE,ENDDATE,STUDYTIME,AGE,GROUPPASSWORD,MYPAGE_STATUS,GENDERGROUP,GROUPPUBLIC,RELATEDBOOKDIRECT,CREATEDATE) values (400000187,'user07',2003,'수학적 사고력 향상','수학 문제를 해결하기 위한 다양한 전략과 테크닉을 배우고 실습해보세요.','9791193638408','온라인',null,3,'Y',to_date('24/09/01','RR/MM/DD'),to_date('25/02/10','RR/MM/DD'),to_date('24/10/01','RR/MM/DD'),'고등학생',null,'N','혼성',null,null,to_date('24/10/06','RR/MM/DD'));
Insert into ADMIN.TBL_STUDY_GROUP (STUDY_GROUP_ID,STUDY_ADMIN_ID,SUBJECT_TYPE_ID,STUDY_NAME,DESCRIPTION,RELATED_BOOK,ONOFFMODE,PARTICIPANTS,MAX_PARTICIPANTS,GROUPSTATUS,STARTDATE,ENDDATE,STUDYTIME,AGE,GROUPPASSWORD,MYPAGE_STATUS,GENDERGROUP,GROUPPUBLIC,RELATEDBOOKDIRECT,CREATEDATE) values (400000188,'user07',2003,'대학 수학의 이해','대학 수학의 기초부터 고급 주제까지 폭넓게 이해하고 응용력을 높이세요.','9791193638408','오프',null,4,'Y',to_date('24/09/01','RR/MM/DD'),to_date('25/02/10','RR/MM/DD'),to_date('24/10/01','RR/MM/DD'),'성인',null,'N','혼성',null,null,to_date('24/10/06','RR/MM/DD'));
Insert into ADMIN.TBL_STUDY_GROUP (STUDY_GROUP_ID,STUDY_ADMIN_ID,SUBJECT_TYPE_ID,STUDY_NAME,DESCRIPTION,RELATED_BOOK,ONOFFMODE,PARTICIPANTS,MAX_PARTICIPANTS,GROUPSTATUS,STARTDATE,ENDDATE,STUDYTIME,AGE,GROUPPASSWORD,MYPAGE_STATUS,GENDERGROUP,GROUPPUBLIC,RELATEDBOOKDIRECT,CREATEDATE) values (400000189,'user07',2004,'현대 과학 탐구','현대 과학의 최신 이론과 발견을 탐구하고 실습합니다.','9788962624953','온라인',null,5,'Y',to_date('24/09/01','RR/MM/DD'),to_date('25/02/10','RR/MM/DD'),to_date('24/10/01','RR/MM/DD'),'고등학생',null,'N','혼성',null,null,to_date('24/10/07','RR/MM/DD'));
Insert into ADMIN.TBL_STUDY_GROUP (STUDY_GROUP_ID,STUDY_ADMIN_ID,SUBJECT_TYPE_ID,STUDY_NAME,DESCRIPTION,RELATED_BOOK,ONOFFMODE,PARTICIPANTS,MAX_PARTICIPANTS,GROUPSTATUS,STARTDATE,ENDDATE,STUDYTIME,AGE,GROUPPASSWORD,MYPAGE_STATUS,GENDERGROUP,GROUPPUBLIC,RELATEDBOOKDIRECT,CREATEDATE) values (400000190,'user07',2004,'생태학과 환경 보호','생태학의 기본 개념을 이해하고 환경 보호 활동에 참여하는 방법을 배웁니다.','9788962624953','오프',null,7,'Y',to_date('24/09/01','RR/MM/DD'),to_date('25/02/10','RR/MM/DD'),to_date('24/10/01','RR/MM/DD'),'성인',null,'N','혼성',null,null,to_date('24/10/06','RR/MM/DD'));
Insert into ADMIN.TBL_STUDY_GROUP (STUDY_GROUP_ID,STUDY_ADMIN_ID,SUBJECT_TYPE_ID,STUDY_NAME,DESCRIPTION,RELATED_BOOK,ONOFFMODE,PARTICIPANTS,MAX_PARTICIPANTS,GROUPSTATUS,STARTDATE,ENDDATE,STUDYTIME,AGE,GROUPPASSWORD,MYPAGE_STATUS,GENDERGROUP,GROUPPUBLIC,RELATEDBOOKDIRECT,CREATEDATE) values (400000191,'user07',2005,'세계사 속 거대한 전환','세계 역사 속 주요 전환점을 학습하고 그 영향을 분석합니다.','9788959797998','온라인',null,6,'Y',to_date('24/09/01','RR/MM/DD'),to_date('25/02/10','RR/MM/DD'),to_date('24/10/01','RR/MM/DD'),'고등학생',null,'N','혼성',null,null,to_date('24/10/06','RR/MM/DD'));
Insert into ADMIN.TBL_STUDY_GROUP (STUDY_GROUP_ID,STUDY_ADMIN_ID,SUBJECT_TYPE_ID,STUDY_NAME,DESCRIPTION,RELATED_BOOK,ONOFFMODE,PARTICIPANTS,MAX_PARTICIPANTS,GROUPSTATUS,STARTDATE,ENDDATE,STUDYTIME,AGE,GROUPPASSWORD,MYPAGE_STATUS,GENDERGROUP,GROUPPUBLIC,RELATEDBOOKDIRECT,CREATEDATE) values (400000192,'user07',2005,'한국사의 중요 사건들','한국사의 중요한 사건과 인물들을 통해 역사의 흐름을 이해합니다.','9791193027356','오프',null,5,'Y',to_date('24/09/01','RR/MM/DD'),to_date('25/02/10','RR/MM/DD'),to_date('24/10/01','RR/MM/DD'),'성인',null,'N','혼성',null,null,to_date('24/10/06','RR/MM/DD'));
Insert into ADMIN.TBL_STUDY_GROUP (STUDY_GROUP_ID,STUDY_ADMIN_ID,SUBJECT_TYPE_ID,STUDY_NAME,DESCRIPTION,RELATED_BOOK,ONOFFMODE,PARTICIPANTS,MAX_PARTICIPANTS,GROUPSTATUS,STARTDATE,ENDDATE,STUDYTIME,AGE,GROUPPASSWORD,MYPAGE_STATUS,GENDERGROUP,GROUPPUBLIC,RELATEDBOOKDIRECT,CREATEDATE) values (400000154,'user02',2004,'슈뢰딩거의 자연철학 강의','기초과학부터 고급 실험까지 실습합니다. 과학 이론의 실생활 적용 사례를 탐구합니다.','9791190254366','온라인',null,5,'Y',to_date('24/10/05','RR/MM/DD'),to_date('25/02/28','RR/MM/DD'),to_date('24/10/01','RR/MM/DD'),'고딩',null,'N','혼성',null,null,to_date('24/10/07','RR/MM/DD'));
Insert into ADMIN.TBL_STUDY_GROUP (STUDY_GROUP_ID,STUDY_ADMIN_ID,SUBJECT_TYPE_ID,STUDY_NAME,DESCRIPTION,RELATED_BOOK,ONOFFMODE,PARTICIPANTS,MAX_PARTICIPANTS,GROUPSTATUS,STARTDATE,ENDDATE,STUDYTIME,AGE,GROUPPASSWORD,MYPAGE_STATUS,GENDERGROUP,GROUPPUBLIC,RELATEDBOOKDIRECT,CREATEDATE) values (400000193,'user07',2006,'문학과 함께하는 독서 모임','다양한 문학 장르를 함께 읽고 토론하며 깊이 있는 이해를 추구합니다.','9791168622760','온라인',null,4,'Y',to_date('24/09/01','RR/MM/DD'),to_date('25/02/10','RR/MM/DD'),to_date('24/10/01','RR/MM/DD'),'고등학생',null,'N','혼성',null,null,to_date('24/10/06','RR/MM/DD'));
Insert into ADMIN.TBL_STUDY_GROUP (STUDY_GROUP_ID,STUDY_ADMIN_ID,SUBJECT_TYPE_ID,STUDY_NAME,DESCRIPTION,RELATED_BOOK,ONOFFMODE,PARTICIPANTS,MAX_PARTICIPANTS,GROUPSTATUS,STARTDATE,ENDDATE,STUDYTIME,AGE,GROUPPASSWORD,MYPAGE_STATUS,GENDERGROUP,GROUPPUBLIC,RELATEDBOOKDIRECT,CREATEDATE) values (400000194,'user07',2006,'비평적 독서와 사고','비평적 사고를 활용하여 독서 내용을 분석하고 평가하는 방법을 배웁니다.','9791168622760','오프',null,3,'Y',to_date('24/09/01','RR/MM/DD'),to_date('25/02/10','RR/MM/DD'),to_date('24/10/01','RR/MM/DD'),'성인',null,'N','혼성',null,null,to_date('24/10/06','RR/MM/DD'));
REM INSERTING into ADMIN.TBL_STU_COMM
SET DEFINE OFF;
Insert into ADMIN.TBL_STU_COMM (BOARD_ID,BOARD_TYPE,TITLE,AUTHOR,CREATED_DATE,UPDATE_DATE,VIEWS,LIKES,BOARD_STATUS) values (170,3001,'저는 이번 수능 수학 14번문제 이렇게풀었어요 ','user04',to_date('24/10/05','RR/MM/DD'),null,51,0,'N');
Insert into ADMIN.TBL_STU_COMM (BOARD_ID,BOARD_TYPE,TITLE,AUTHOR,CREATED_DATE,UPDATE_DATE,VIEWS,LIKES,BOARD_STATUS) values (172,3001,'수학 공식 한페이지로 정리함 ','user06',to_date('24/10/05','RR/MM/DD'),null,11,0,'N');
Insert into ADMIN.TBL_STU_COMM (BOARD_ID,BOARD_TYPE,TITLE,AUTHOR,CREATED_DATE,UPDATE_DATE,VIEWS,LIKES,BOARD_STATUS) values (173,3002,'수학 중2문제 모르겠어요.. 알려주실분.. 관계식임..','user07',to_date('24/10/05','RR/MM/DD'),null,53,0,'N');
Insert into ADMIN.TBL_STU_COMM (BOARD_ID,BOARD_TYPE,TITLE,AUTHOR,CREATED_DATE,UPDATE_DATE,VIEWS,LIKES,BOARD_STATUS) values (184,1004,'질문이요~~','user03',to_date('24/10/06','RR/MM/DD'),null,32,0,'N');
Insert into ADMIN.TBL_STU_COMM (BOARD_ID,BOARD_TYPE,TITLE,AUTHOR,CREATED_DATE,UPDATE_DATE,VIEWS,LIKES,BOARD_STATUS) values (160,2001,'테스트1입니다. ','user01',to_date('24/10/04','RR/MM/DD'),null,40,0,'N');
Insert into ADMIN.TBL_STU_COMM (BOARD_ID,BOARD_TYPE,TITLE,AUTHOR,CREATED_DATE,UPDATE_DATE,VIEWS,LIKES,BOARD_STATUS) values (167,1002,'[이벤트 종료]? 노트필기 경쟁대회, 오답노트 이벤트 9월! ? ','admin',to_date('24/10/04','RR/MM/DD'),to_date('24/10/05','RR/MM/DD'),25,0,'N');
Insert into ADMIN.TBL_STU_COMM (BOARD_ID,BOARD_TYPE,TITLE,AUTHOR,CREATED_DATE,UPDATE_DATE,VIEWS,LIKES,BOARD_STATUS) values (166,1002,'? 노트필기 경쟁대회, 오답노트 이벤트 10월! ?','admin',to_date('24/10/04','RR/MM/DD'),to_date('24/10/04','RR/MM/DD'),48,0,'N');
Insert into ADMIN.TBL_STU_COMM (BOARD_ID,BOARD_TYPE,TITLE,AUTHOR,CREATED_DATE,UPDATE_DATE,VIEWS,LIKES,BOARD_STATUS) values (171,3001,'제 영단어 노트필기법 ','user05',to_date('24/10/05','RR/MM/DD'),null,14,0,'N');
Insert into ADMIN.TBL_STU_COMM (BOARD_ID,BOARD_TYPE,TITLE,AUTHOR,CREATED_DATE,UPDATE_DATE,VIEWS,LIKES,BOARD_STATUS) values (174,3002,'수학문제 진리집합인데 혹시 알려주실분..','user12',to_date('24/10/05','RR/MM/DD'),to_date('24/10/05','RR/MM/DD'),18,0,'N');
Insert into ADMIN.TBL_STU_COMM (BOARD_ID,BOARD_TYPE,TITLE,AUTHOR,CREATED_DATE,UPDATE_DATE,VIEWS,LIKES,BOARD_STATUS) values (175,3002,'수학문제 알려a.. ','user02',to_date('24/10/05','RR/MM/DD'),null,38,0,'Y');
Insert into ADMIN.TBL_STU_COMM (BOARD_ID,BOARD_TYPE,TITLE,AUTHOR,CREATED_DATE,UPDATE_DATE,VIEWS,LIKES,BOARD_STATUS) values (162,2001,'국어책 추천점 해주세요 . ','user01',to_date('24/10/04','RR/MM/DD'),null,6,0,'N');
Insert into ADMIN.TBL_STU_COMM (BOARD_ID,BOARD_TYPE,TITLE,AUTHOR,CREATED_DATE,UPDATE_DATE,VIEWS,LIKES,BOARD_STATUS) values (180,1003,'자유게시판 한번 써보기 ','user04',to_date('24/10/05','RR/MM/DD'),null,7,0,'N');
Insert into ADMIN.TBL_STU_COMM (BOARD_ID,BOARD_TYPE,TITLE,AUTHOR,CREATED_DATE,UPDATE_DATE,VIEWS,LIKES,BOARD_STATUS) values (181,1003,'나는 아구몬 ','user03',to_date('24/10/05','RR/MM/DD'),null,24,0,'N');
Insert into ADMIN.TBL_STU_COMM (BOARD_ID,BOARD_TYPE,TITLE,AUTHOR,CREATED_DATE,UPDATE_DATE,VIEWS,LIKES,BOARD_STATUS) values (183,1004,'안녕하세요 질문이 있는데요','admin',to_date('24/10/06','RR/MM/DD'),null,37,0,'N');
Insert into ADMIN.TBL_STU_COMM (BOARD_ID,BOARD_TYPE,TITLE,AUTHOR,CREATED_DATE,UPDATE_DATE,VIEWS,LIKES,BOARD_STATUS) values (186,2002,'영어가싫어요 ','user03',to_date('24/10/07','RR/MM/DD'),null,147,0,'N');
Insert into ADMIN.TBL_STU_COMM (BOARD_ID,BOARD_TYPE,TITLE,AUTHOR,CREATED_DATE,UPDATE_DATE,VIEWS,LIKES,BOARD_STATUS) values (187,1003,'ㅇ','user08',to_date('24/10/07','RR/MM/DD'),null,3,0,'N');
Insert into ADMIN.TBL_STU_COMM (BOARD_ID,BOARD_TYPE,TITLE,AUTHOR,CREATED_DATE,UPDATE_DATE,VIEWS,LIKES,BOARD_STATUS) values (188,1004,'ㅁㄴㅇㄹㅇㅁㄴㄹ','admin',to_date('24/10/11','RR/MM/DD'),null,10,0,'N');
Insert into ADMIN.TBL_STU_COMM (BOARD_ID,BOARD_TYPE,TITLE,AUTHOR,CREATED_DATE,UPDATE_DATE,VIEWS,LIKES,BOARD_STATUS) values (169,1003,'데이터 입력하는거 귀찮네요 ','user04',to_date('24/10/05','RR/MM/DD'),null,3,0,'N');
Insert into ADMIN.TBL_STU_COMM (BOARD_ID,BOARD_TYPE,TITLE,AUTHOR,CREATED_DATE,UPDATE_DATE,VIEWS,LIKES,BOARD_STATUS) values (161,2003,'수학의정석','user01',to_date('24/10/04','RR/MM/DD'),null,8,0,'N');
Insert into ADMIN.TBL_STU_COMM (BOARD_ID,BOARD_TYPE,TITLE,AUTHOR,CREATED_DATE,UPDATE_DATE,VIEWS,LIKES,BOARD_STATUS) values (182,1003,'나도아구몬','user03',to_date('24/10/05','RR/MM/DD'),null,30,0,'N');
Insert into ADMIN.TBL_STU_COMM (BOARD_ID,BOARD_TYPE,TITLE,AUTHOR,CREATED_DATE,UPDATE_DATE,VIEWS,LIKES,BOARD_STATUS) values (164,1003,'집에가고싶은사람~~ ','user03',to_date('24/10/04','RR/MM/DD'),null,2,0,'N');
Insert into ADMIN.TBL_STU_COMM (BOARD_ID,BOARD_TYPE,TITLE,AUTHOR,CREATED_DATE,UPDATE_DATE,VIEWS,LIKES,BOARD_STATUS) values (176,1003,'ㅇㅇ','user04',to_date('24/10/05','RR/MM/DD'),null,11,0,'N');
Insert into ADMIN.TBL_STU_COMM (BOARD_ID,BOARD_TYPE,TITLE,AUTHOR,CREATED_DATE,UPDATE_DATE,VIEWS,LIKES,BOARD_STATUS) values (185,1003,'안녕 20241007','user03',to_date('24/10/07','RR/MM/DD'),null,4,0,'Y');
Insert into ADMIN.TBL_STU_COMM (BOARD_ID,BOARD_TYPE,TITLE,AUTHOR,CREATED_DATE,UPDATE_DATE,VIEWS,LIKES,BOARD_STATUS) values (178,1003,'..','user04',to_date('24/10/05','RR/MM/DD'),null,2,0,'N');
Insert into ADMIN.TBL_STU_COMM (BOARD_ID,BOARD_TYPE,TITLE,AUTHOR,CREATED_DATE,UPDATE_DATE,VIEWS,LIKES,BOARD_STATUS) values (163,2002,'영어공부하기싫어','user02',to_date('24/10/04','RR/MM/DD'),null,0,0,'N');
Insert into ADMIN.TBL_STU_COMM (BOARD_ID,BOARD_TYPE,TITLE,AUTHOR,CREATED_DATE,UPDATE_DATE,VIEWS,LIKES,BOARD_STATUS) values (179,1003,'나만없는 고양이','user12',to_date('24/10/05','RR/MM/DD'),null,36,0,'Y');
Insert into ADMIN.TBL_STU_COMM (BOARD_ID,BOARD_TYPE,TITLE,AUTHOR,CREATED_DATE,UPDATE_DATE,VIEWS,LIKES,BOARD_STATUS) values (168,1002,'내가 오늘 해야할꺼 ','admin',to_date('24/10/05','RR/MM/DD'),null,31,0,'N');
REM INSERTING into ADMIN.TBL_STU_COMMENTS
SET DEFINE OFF;
Insert into ADMIN.TBL_STU_COMMENTS (COMMENT_ID,POST_ID,AUTHOR,CREATED_DATE,UPDATE_DATE,PARENT_COMMENT_ID,COMMENTSTATUS,UPMODE,REMODE) values (200000214,169,'user04',to_date('24/10/05','RR/MM/DD'),null,null,'N','N','N');
Insert into ADMIN.TBL_STU_COMMENTS (COMMENT_ID,POST_ID,AUTHOR,CREATED_DATE,UPDATE_DATE,PARENT_COMMENT_ID,COMMENTSTATUS,UPMODE,REMODE) values (200000215,173,'user08',to_date('24/10/05','RR/MM/DD'),null,null,'N','N','N');
Insert into ADMIN.TBL_STU_COMMENTS (COMMENT_ID,POST_ID,AUTHOR,CREATED_DATE,UPDATE_DATE,PARENT_COMMENT_ID,COMMENTSTATUS,UPMODE,REMODE) values (200000217,173,'user08',to_date('24/10/05','RR/MM/DD'),null,200000215,'N','N','N');
Insert into ADMIN.TBL_STU_COMMENTS (COMMENT_ID,POST_ID,AUTHOR,CREATED_DATE,UPDATE_DATE,PARENT_COMMENT_ID,COMMENTSTATUS,UPMODE,REMODE) values (200000218,173,'user07',to_date('24/10/05','RR/MM/DD'),null,200000215,'N','N','N');
Insert into ADMIN.TBL_STU_COMMENTS (COMMENT_ID,POST_ID,AUTHOR,CREATED_DATE,UPDATE_DATE,PARENT_COMMENT_ID,COMMENTSTATUS,UPMODE,REMODE) values (200000222,175,'user02',to_date('24/10/05','RR/MM/DD'),null,200000221,'N','N','N');
Insert into ADMIN.TBL_STU_COMMENTS (COMMENT_ID,POST_ID,AUTHOR,CREATED_DATE,UPDATE_DATE,PARENT_COMMENT_ID,COMMENTSTATUS,UPMODE,REMODE) values (200000224,179,'user12',to_date('24/10/05','RR/MM/DD'),to_date('24/10/05','RR/MM/DD'),null,'N','N','N');
Insert into ADMIN.TBL_STU_COMMENTS (COMMENT_ID,POST_ID,AUTHOR,CREATED_DATE,UPDATE_DATE,PARENT_COMMENT_ID,COMMENTSTATUS,UPMODE,REMODE) values (200000228,179,'admin',to_date('24/10/05','RR/MM/DD'),null,null,'N','N','N');
Insert into ADMIN.TBL_STU_COMMENTS (COMMENT_ID,POST_ID,AUTHOR,CREATED_DATE,UPDATE_DATE,PARENT_COMMENT_ID,COMMENTSTATUS,UPMODE,REMODE) values (200000230,179,'admin',to_date('24/10/05','RR/MM/DD'),null,null,'N','N','N');
Insert into ADMIN.TBL_STU_COMMENTS (COMMENT_ID,POST_ID,AUTHOR,CREATED_DATE,UPDATE_DATE,PARENT_COMMENT_ID,COMMENTSTATUS,UPMODE,REMODE) values (200000233,179,'admin',to_date('24/10/05','RR/MM/DD'),null,null,'N','N','N');
Insert into ADMIN.TBL_STU_COMMENTS (COMMENT_ID,POST_ID,AUTHOR,CREATED_DATE,UPDATE_DATE,PARENT_COMMENT_ID,COMMENTSTATUS,UPMODE,REMODE) values (200000235,179,'admin',to_date('24/10/05','RR/MM/DD'),null,null,'N','N','N');
Insert into ADMIN.TBL_STU_COMMENTS (COMMENT_ID,POST_ID,AUTHOR,CREATED_DATE,UPDATE_DATE,PARENT_COMMENT_ID,COMMENTSTATUS,UPMODE,REMODE) values (200000238,179,'admin',to_date('24/10/05','RR/MM/DD'),null,null,'N','N','N');
Insert into ADMIN.TBL_STU_COMMENTS (COMMENT_ID,POST_ID,AUTHOR,CREATED_DATE,UPDATE_DATE,PARENT_COMMENT_ID,COMMENTSTATUS,UPMODE,REMODE) values (200000239,179,'admin',to_date('24/10/05','RR/MM/DD'),null,null,'N','N','N');
Insert into ADMIN.TBL_STU_COMMENTS (COMMENT_ID,POST_ID,AUTHOR,CREATED_DATE,UPDATE_DATE,PARENT_COMMENT_ID,COMMENTSTATUS,UPMODE,REMODE) values (200000259,182,'user03',to_date('24/10/06','RR/MM/DD'),to_date('24/10/06','RR/MM/DD'),null,'N','N','N');
Insert into ADMIN.TBL_STU_COMMENTS (COMMENT_ID,POST_ID,AUTHOR,CREATED_DATE,UPDATE_DATE,PARENT_COMMENT_ID,COMMENTSTATUS,UPMODE,REMODE) values (200000242,173,'user04',to_date('24/10/05','RR/MM/DD'),null,null,'N','N','N');
Insert into ADMIN.TBL_STU_COMMENTS (COMMENT_ID,POST_ID,AUTHOR,CREATED_DATE,UPDATE_DATE,PARENT_COMMENT_ID,COMMENTSTATUS,UPMODE,REMODE) values (200000246,183,'user01',to_date('24/10/06','RR/MM/DD'),null,null,'N','N','N');
Insert into ADMIN.TBL_STU_COMMENTS (COMMENT_ID,POST_ID,AUTHOR,CREATED_DATE,UPDATE_DATE,PARENT_COMMENT_ID,COMMENTSTATUS,UPMODE,REMODE) values (200000265,181,'user03',to_date('24/10/06','RR/MM/DD'),null,null,'N','N','N');
Insert into ADMIN.TBL_STU_COMMENTS (COMMENT_ID,POST_ID,AUTHOR,CREATED_DATE,UPDATE_DATE,PARENT_COMMENT_ID,COMMENTSTATUS,UPMODE,REMODE) values (200000266,181,'user03',to_date('24/10/06','RR/MM/DD'),null,null,'N','N','N');
Insert into ADMIN.TBL_STU_COMMENTS (COMMENT_ID,POST_ID,AUTHOR,CREATED_DATE,UPDATE_DATE,PARENT_COMMENT_ID,COMMENTSTATUS,UPMODE,REMODE) values (200000284,186,'user03',to_date('24/10/07','RR/MM/DD'),null,200000273,'N','N','N');
Insert into ADMIN.TBL_STU_COMMENTS (COMMENT_ID,POST_ID,AUTHOR,CREATED_DATE,UPDATE_DATE,PARENT_COMMENT_ID,COMMENTSTATUS,UPMODE,REMODE) values (200000285,186,'user03',to_date('24/10/07','RR/MM/DD'),null,200000273,'N','N','N');
Insert into ADMIN.TBL_STU_COMMENTS (COMMENT_ID,POST_ID,AUTHOR,CREATED_DATE,UPDATE_DATE,PARENT_COMMENT_ID,COMMENTSTATUS,UPMODE,REMODE) values (200000287,186,'user03',to_date('24/10/07','RR/MM/DD'),null,200000273,'N','N','N');
Insert into ADMIN.TBL_STU_COMMENTS (COMMENT_ID,POST_ID,AUTHOR,CREATED_DATE,UPDATE_DATE,PARENT_COMMENT_ID,COMMENTSTATUS,UPMODE,REMODE) values (200000288,186,'user03',to_date('24/10/07','RR/MM/DD'),null,200000273,'N','N','N');
Insert into ADMIN.TBL_STU_COMMENTS (COMMENT_ID,POST_ID,AUTHOR,CREATED_DATE,UPDATE_DATE,PARENT_COMMENT_ID,COMMENTSTATUS,UPMODE,REMODE) values (200000289,186,'user03',to_date('24/10/07','RR/MM/DD'),null,200000273,'N','N','N');
Insert into ADMIN.TBL_STU_COMMENTS (COMMENT_ID,POST_ID,AUTHOR,CREATED_DATE,UPDATE_DATE,PARENT_COMMENT_ID,COMMENTSTATUS,UPMODE,REMODE) values (200000294,186,'user03',to_date('24/10/07','RR/MM/DD'),null,200000273,'N','N','N');
Insert into ADMIN.TBL_STU_COMMENTS (COMMENT_ID,POST_ID,AUTHOR,CREATED_DATE,UPDATE_DATE,PARENT_COMMENT_ID,COMMENTSTATUS,UPMODE,REMODE) values (200000300,186,'user16',to_date('24/10/10','RR/MM/DD'),null,200000286,'N','N','N');
Insert into ADMIN.TBL_STU_COMMENTS (COMMENT_ID,POST_ID,AUTHOR,CREATED_DATE,UPDATE_DATE,PARENT_COMMENT_ID,COMMENTSTATUS,UPMODE,REMODE) values (200000211,160,'user01',to_date('24/10/04','RR/MM/DD'),null,null,'N','N','N');
Insert into ADMIN.TBL_STU_COMMENTS (COMMENT_ID,POST_ID,AUTHOR,CREATED_DATE,UPDATE_DATE,PARENT_COMMENT_ID,COMMENTSTATUS,UPMODE,REMODE) values (200000213,162,'user02',to_date('24/10/04','RR/MM/DD'),null,null,'N','N','N');
Insert into ADMIN.TBL_STU_COMMENTS (COMMENT_ID,POST_ID,AUTHOR,CREATED_DATE,UPDATE_DATE,PARENT_COMMENT_ID,COMMENTSTATUS,UPMODE,REMODE) values (200000219,174,'user13',to_date('24/10/05','RR/MM/DD'),null,null,'N','N','N');
Insert into ADMIN.TBL_STU_COMMENTS (COMMENT_ID,POST_ID,AUTHOR,CREATED_DATE,UPDATE_DATE,PARENT_COMMENT_ID,COMMENTSTATUS,UPMODE,REMODE) values (200000220,174,'user12',to_date('24/10/05','RR/MM/DD'),null,200000219,'N','N','N');
Insert into ADMIN.TBL_STU_COMMENTS (COMMENT_ID,POST_ID,AUTHOR,CREATED_DATE,UPDATE_DATE,PARENT_COMMENT_ID,COMMENTSTATUS,UPMODE,REMODE) values (200000240,179,'admin',to_date('24/10/05','RR/MM/DD'),null,null,'N','N','N');
Insert into ADMIN.TBL_STU_COMMENTS (COMMENT_ID,POST_ID,AUTHOR,CREATED_DATE,UPDATE_DATE,PARENT_COMMENT_ID,COMMENTSTATUS,UPMODE,REMODE) values (200000244,183,'user01',to_date('24/10/06','RR/MM/DD'),null,null,'N','N','N');
Insert into ADMIN.TBL_STU_COMMENTS (COMMENT_ID,POST_ID,AUTHOR,CREATED_DATE,UPDATE_DATE,PARENT_COMMENT_ID,COMMENTSTATUS,UPMODE,REMODE) values (200000252,184,'user03',to_date('24/10/06','RR/MM/DD'),null,null,'N','N','Y');
Insert into ADMIN.TBL_STU_COMMENTS (COMMENT_ID,POST_ID,AUTHOR,CREATED_DATE,UPDATE_DATE,PARENT_COMMENT_ID,COMMENTSTATUS,UPMODE,REMODE) values (200000254,184,'user03',to_date('24/10/06','RR/MM/DD'),null,null,'N','N','N');
Insert into ADMIN.TBL_STU_COMMENTS (COMMENT_ID,POST_ID,AUTHOR,CREATED_DATE,UPDATE_DATE,PARENT_COMMENT_ID,COMMENTSTATUS,UPMODE,REMODE) values (200000257,182,'user03',to_date('24/10/06','RR/MM/DD'),to_date('24/10/06','RR/MM/DD'),null,'N','N','N');
Insert into ADMIN.TBL_STU_COMMENTS (COMMENT_ID,POST_ID,AUTHOR,CREATED_DATE,UPDATE_DATE,PARENT_COMMENT_ID,COMMENTSTATUS,UPMODE,REMODE) values (200000258,182,'user03',to_date('24/10/06','RR/MM/DD'),null,200000257,'N','N','N');
Insert into ADMIN.TBL_STU_COMMENTS (COMMENT_ID,POST_ID,AUTHOR,CREATED_DATE,UPDATE_DATE,PARENT_COMMENT_ID,COMMENTSTATUS,UPMODE,REMODE) values (200000260,182,'user03',to_date('24/10/06','RR/MM/DD'),null,200000259,'N','N','N');
Insert into ADMIN.TBL_STU_COMMENTS (COMMENT_ID,POST_ID,AUTHOR,CREATED_DATE,UPDATE_DATE,PARENT_COMMENT_ID,COMMENTSTATUS,UPMODE,REMODE) values (200000273,186,'user03',to_date('24/10/07','RR/MM/DD'),to_date('24/10/07','RR/MM/DD'),null,'N','N','N');
Insert into ADMIN.TBL_STU_COMMENTS (COMMENT_ID,POST_ID,AUTHOR,CREATED_DATE,UPDATE_DATE,PARENT_COMMENT_ID,COMMENTSTATUS,UPMODE,REMODE) values (200000267,181,'user03',to_date('24/10/06','RR/MM/DD'),to_date('24/10/06','RR/MM/DD'),null,'N','N','N');
Insert into ADMIN.TBL_STU_COMMENTS (COMMENT_ID,POST_ID,AUTHOR,CREATED_DATE,UPDATE_DATE,PARENT_COMMENT_ID,COMMENTSTATUS,UPMODE,REMODE) values (200000276,160,'admin',to_date('24/10/07','RR/MM/DD'),null,null,'N','N','N');
Insert into ADMIN.TBL_STU_COMMENTS (COMMENT_ID,POST_ID,AUTHOR,CREATED_DATE,UPDATE_DATE,PARENT_COMMENT_ID,COMMENTSTATUS,UPMODE,REMODE) values (200000280,176,'user08',to_date('24/10/07','RR/MM/DD'),null,200000279,'N','N','N');
Insert into ADMIN.TBL_STU_COMMENTS (COMMENT_ID,POST_ID,AUTHOR,CREATED_DATE,UPDATE_DATE,PARENT_COMMENT_ID,COMMENTSTATUS,UPMODE,REMODE) values (200000281,176,'user08',to_date('24/10/07','RR/MM/DD'),null,200000279,'N','N','N');
Insert into ADMIN.TBL_STU_COMMENTS (COMMENT_ID,POST_ID,AUTHOR,CREATED_DATE,UPDATE_DATE,PARENT_COMMENT_ID,COMMENTSTATUS,UPMODE,REMODE) values (200000295,166,'admin',to_date('24/10/07','RR/MM/DD'),to_date('24/10/07','RR/MM/DD'),null,'N','N','N');
Insert into ADMIN.TBL_STU_COMMENTS (COMMENT_ID,POST_ID,AUTHOR,CREATED_DATE,UPDATE_DATE,PARENT_COMMENT_ID,COMMENTSTATUS,UPMODE,REMODE) values (200000298,183,'admin',to_date('24/10/08','RR/MM/DD'),null,200000244,'N','N','N');
Insert into ADMIN.TBL_STU_COMMENTS (COMMENT_ID,POST_ID,AUTHOR,CREATED_DATE,UPDATE_DATE,PARENT_COMMENT_ID,COMMENTSTATUS,UPMODE,REMODE) values (200000299,186,'user16',to_date('24/10/10','RR/MM/DD'),to_date('24/10/10','RR/MM/DD'),null,'N','N','N');
Insert into ADMIN.TBL_STU_COMMENTS (COMMENT_ID,POST_ID,AUTHOR,CREATED_DATE,UPDATE_DATE,PARENT_COMMENT_ID,COMMENTSTATUS,UPMODE,REMODE) values (200000209,160,'user01',to_date('24/10/04','RR/MM/DD'),null,null,'N','N','N');
Insert into ADMIN.TBL_STU_COMMENTS (COMMENT_ID,POST_ID,AUTHOR,CREATED_DATE,UPDATE_DATE,PARENT_COMMENT_ID,COMMENTSTATUS,UPMODE,REMODE) values (200000216,173,'user07',to_date('24/10/05','RR/MM/DD'),null,200000215,'N','N','N');
Insert into ADMIN.TBL_STU_COMMENTS (COMMENT_ID,POST_ID,AUTHOR,CREATED_DATE,UPDATE_DATE,PARENT_COMMENT_ID,COMMENTSTATUS,UPMODE,REMODE) values (200000269,184,'user03',to_date('24/10/07','RR/MM/DD'),null,null,'N','N','N');
Insert into ADMIN.TBL_STU_COMMENTS (COMMENT_ID,POST_ID,AUTHOR,CREATED_DATE,UPDATE_DATE,PARENT_COMMENT_ID,COMMENTSTATUS,UPMODE,REMODE) values (200000278,183,'user08',to_date('24/10/07','RR/MM/DD'),null,null,'N','N','N');
Insert into ADMIN.TBL_STU_COMMENTS (COMMENT_ID,POST_ID,AUTHOR,CREATED_DATE,UPDATE_DATE,PARENT_COMMENT_ID,COMMENTSTATUS,UPMODE,REMODE) values (200000293,186,'user03',to_date('24/10/07','RR/MM/DD'),null,null,'N','N','N');
Insert into ADMIN.TBL_STU_COMMENTS (COMMENT_ID,POST_ID,AUTHOR,CREATED_DATE,UPDATE_DATE,PARENT_COMMENT_ID,COMMENTSTATUS,UPMODE,REMODE) values (200000297,166,'admin',to_date('24/10/07','RR/MM/DD'),to_date('24/10/07','RR/MM/DD'),null,'N','N','N');
Insert into ADMIN.TBL_STU_COMMENTS (COMMENT_ID,POST_ID,AUTHOR,CREATED_DATE,UPDATE_DATE,PARENT_COMMENT_ID,COMMENTSTATUS,UPMODE,REMODE) values (200000301,188,'admin',to_date('24/10/11','RR/MM/DD'),null,null,'N','N','N');
Insert into ADMIN.TBL_STU_COMMENTS (COMMENT_ID,POST_ID,AUTHOR,CREATED_DATE,UPDATE_DATE,PARENT_COMMENT_ID,COMMENTSTATUS,UPMODE,REMODE) values (200000302,188,'admin',to_date('24/10/11','RR/MM/DD'),to_date('24/10/11','RR/MM/DD'),null,'N','N','N');
Insert into ADMIN.TBL_STU_COMMENTS (COMMENT_ID,POST_ID,AUTHOR,CREATED_DATE,UPDATE_DATE,PARENT_COMMENT_ID,COMMENTSTATUS,UPMODE,REMODE) values (200000303,188,'admin',to_date('24/10/11','RR/MM/DD'),null,200000302,'N','N','N');
Insert into ADMIN.TBL_STU_COMMENTS (COMMENT_ID,POST_ID,AUTHOR,CREATED_DATE,UPDATE_DATE,PARENT_COMMENT_ID,COMMENTSTATUS,UPMODE,REMODE) values (200000248,183,'user03',to_date('24/10/06','RR/MM/DD'),null,200000244,'N','N','N');
Insert into ADMIN.TBL_STU_COMMENTS (COMMENT_ID,POST_ID,AUTHOR,CREATED_DATE,UPDATE_DATE,PARENT_COMMENT_ID,COMMENTSTATUS,UPMODE,REMODE) values (200000250,183,'user03',to_date('24/10/06','RR/MM/DD'),null,null,'N','N','N');
Insert into ADMIN.TBL_STU_COMMENTS (COMMENT_ID,POST_ID,AUTHOR,CREATED_DATE,UPDATE_DATE,PARENT_COMMENT_ID,COMMENTSTATUS,UPMODE,REMODE) values (200000251,183,'user03',to_date('24/10/06','RR/MM/DD'),null,null,'N','N','N');
Insert into ADMIN.TBL_STU_COMMENTS (COMMENT_ID,POST_ID,AUTHOR,CREATED_DATE,UPDATE_DATE,PARENT_COMMENT_ID,COMMENTSTATUS,UPMODE,REMODE) values (200000256,184,'user03',to_date('24/10/06','RR/MM/DD'),null,null,'N','N','N');
Insert into ADMIN.TBL_STU_COMMENTS (COMMENT_ID,POST_ID,AUTHOR,CREATED_DATE,UPDATE_DATE,PARENT_COMMENT_ID,COMMENTSTATUS,UPMODE,REMODE) values (200000262,182,'user03',to_date('24/10/06','RR/MM/DD'),null,null,'N','N','N');
Insert into ADMIN.TBL_STU_COMMENTS (COMMENT_ID,POST_ID,AUTHOR,CREATED_DATE,UPDATE_DATE,PARENT_COMMENT_ID,COMMENTSTATUS,UPMODE,REMODE) values (200000263,182,'user03',to_date('24/10/06','RR/MM/DD'),null,null,'N','N','N');
Insert into ADMIN.TBL_STU_COMMENTS (COMMENT_ID,POST_ID,AUTHOR,CREATED_DATE,UPDATE_DATE,PARENT_COMMENT_ID,COMMENTSTATUS,UPMODE,REMODE) values (200000264,182,'user03',to_date('24/10/06','RR/MM/DD'),null,null,'N','N','N');
Insert into ADMIN.TBL_STU_COMMENTS (COMMENT_ID,POST_ID,AUTHOR,CREATED_DATE,UPDATE_DATE,PARENT_COMMENT_ID,COMMENTSTATUS,UPMODE,REMODE) values (200000270,184,'user03',to_date('24/10/07','RR/MM/DD'),to_date('24/10/07','RR/MM/DD'),null,'N','N','N');
Insert into ADMIN.TBL_STU_COMMENTS (COMMENT_ID,POST_ID,AUTHOR,CREATED_DATE,UPDATE_DATE,PARENT_COMMENT_ID,COMMENTSTATUS,UPMODE,REMODE) values (200000274,166,'admin',to_date('24/10/07','RR/MM/DD'),null,null,'N','N','N');
Insert into ADMIN.TBL_STU_COMMENTS (COMMENT_ID,POST_ID,AUTHOR,CREATED_DATE,UPDATE_DATE,PARENT_COMMENT_ID,COMMENTSTATUS,UPMODE,REMODE) values (200000275,166,'admin',to_date('24/10/07','RR/MM/DD'),null,null,'N','N','N');
Insert into ADMIN.TBL_STU_COMMENTS (COMMENT_ID,POST_ID,AUTHOR,CREATED_DATE,UPDATE_DATE,PARENT_COMMENT_ID,COMMENTSTATUS,UPMODE,REMODE) values (200000305,181,'admin',to_date('24/10/11','RR/MM/DD'),null,200000304,'N','N','N');
Insert into ADMIN.TBL_STU_COMMENTS (COMMENT_ID,POST_ID,AUTHOR,CREATED_DATE,UPDATE_DATE,PARENT_COMMENT_ID,COMMENTSTATUS,UPMODE,REMODE) values (200000282,168,'user08',to_date('24/10/07','RR/MM/DD'),null,null,'N','N','N');
Insert into ADMIN.TBL_STU_COMMENTS (COMMENT_ID,POST_ID,AUTHOR,CREATED_DATE,UPDATE_DATE,PARENT_COMMENT_ID,COMMENTSTATUS,UPMODE,REMODE) values (200000243,168,'user03',to_date('24/10/05','RR/MM/DD'),null,null,'N','N','N');
Insert into ADMIN.TBL_STU_COMMENTS (COMMENT_ID,POST_ID,AUTHOR,CREATED_DATE,UPDATE_DATE,PARENT_COMMENT_ID,COMMENTSTATUS,UPMODE,REMODE) values (200000249,183,'user03',to_date('24/10/06','RR/MM/DD'),null,null,'N','N','N');
Insert into ADMIN.TBL_STU_COMMENTS (COMMENT_ID,POST_ID,AUTHOR,CREATED_DATE,UPDATE_DATE,PARENT_COMMENT_ID,COMMENTSTATUS,UPMODE,REMODE) values (200000221,175,'user03',to_date('24/10/05','RR/MM/DD'),null,null,'N','N','N');
Insert into ADMIN.TBL_STU_COMMENTS (COMMENT_ID,POST_ID,AUTHOR,CREATED_DATE,UPDATE_DATE,PARENT_COMMENT_ID,COMMENTSTATUS,UPMODE,REMODE) values (200000223,175,'user01',to_date('24/10/05','RR/MM/DD'),null,null,'N','N','N');
Insert into ADMIN.TBL_STU_COMMENTS (COMMENT_ID,POST_ID,AUTHOR,CREATED_DATE,UPDATE_DATE,PARENT_COMMENT_ID,COMMENTSTATUS,UPMODE,REMODE) values (200000225,179,'user12',to_date('24/10/05','RR/MM/DD'),null,null,'N','N','N');
Insert into ADMIN.TBL_STU_COMMENTS (COMMENT_ID,POST_ID,AUTHOR,CREATED_DATE,UPDATE_DATE,PARENT_COMMENT_ID,COMMENTSTATUS,UPMODE,REMODE) values (200000226,179,'user12',to_date('24/10/05','RR/MM/DD'),null,200000224,'N','N','N');
Insert into ADMIN.TBL_STU_COMMENTS (COMMENT_ID,POST_ID,AUTHOR,CREATED_DATE,UPDATE_DATE,PARENT_COMMENT_ID,COMMENTSTATUS,UPMODE,REMODE) values (200000227,179,'admin',to_date('24/10/05','RR/MM/DD'),null,null,'N','N','N');
Insert into ADMIN.TBL_STU_COMMENTS (COMMENT_ID,POST_ID,AUTHOR,CREATED_DATE,UPDATE_DATE,PARENT_COMMENT_ID,COMMENTSTATUS,UPMODE,REMODE) values (200000229,179,'admin',to_date('24/10/05','RR/MM/DD'),null,null,'N','N','N');
Insert into ADMIN.TBL_STU_COMMENTS (COMMENT_ID,POST_ID,AUTHOR,CREATED_DATE,UPDATE_DATE,PARENT_COMMENT_ID,COMMENTSTATUS,UPMODE,REMODE) values (200000231,179,'admin',to_date('24/10/05','RR/MM/DD'),null,null,'N','N','N');
Insert into ADMIN.TBL_STU_COMMENTS (COMMENT_ID,POST_ID,AUTHOR,CREATED_DATE,UPDATE_DATE,PARENT_COMMENT_ID,COMMENTSTATUS,UPMODE,REMODE) values (200000232,179,'admin',to_date('24/10/05','RR/MM/DD'),null,null,'N','N','N');
Insert into ADMIN.TBL_STU_COMMENTS (COMMENT_ID,POST_ID,AUTHOR,CREATED_DATE,UPDATE_DATE,PARENT_COMMENT_ID,COMMENTSTATUS,UPMODE,REMODE) values (200000234,179,'admin',to_date('24/10/05','RR/MM/DD'),null,null,'N','N','N');
Insert into ADMIN.TBL_STU_COMMENTS (COMMENT_ID,POST_ID,AUTHOR,CREATED_DATE,UPDATE_DATE,PARENT_COMMENT_ID,COMMENTSTATUS,UPMODE,REMODE) values (200000236,179,'admin',to_date('24/10/05','RR/MM/DD'),null,null,'N','N','N');
Insert into ADMIN.TBL_STU_COMMENTS (COMMENT_ID,POST_ID,AUTHOR,CREATED_DATE,UPDATE_DATE,PARENT_COMMENT_ID,COMMENTSTATUS,UPMODE,REMODE) values (200000237,179,'admin',to_date('24/10/05','RR/MM/DD'),null,null,'N','N','N');
Insert into ADMIN.TBL_STU_COMMENTS (COMMENT_ID,POST_ID,AUTHOR,CREATED_DATE,UPDATE_DATE,PARENT_COMMENT_ID,COMMENTSTATUS,UPMODE,REMODE) values (200000245,183,'user01',to_date('24/10/06','RR/MM/DD'),null,null,'N','N','N');
Insert into ADMIN.TBL_STU_COMMENTS (COMMENT_ID,POST_ID,AUTHOR,CREATED_DATE,UPDATE_DATE,PARENT_COMMENT_ID,COMMENTSTATUS,UPMODE,REMODE) values (200000247,183,'user03',to_date('24/10/06','RR/MM/DD'),to_date('24/10/06','RR/MM/DD'),null,'N','N','N');
Insert into ADMIN.TBL_STU_COMMENTS (COMMENT_ID,POST_ID,AUTHOR,CREATED_DATE,UPDATE_DATE,PARENT_COMMENT_ID,COMMENTSTATUS,UPMODE,REMODE) values (200000253,184,'user03',to_date('24/10/06','RR/MM/DD'),to_date('24/10/06','RR/MM/DD'),null,'N','N','N');
Insert into ADMIN.TBL_STU_COMMENTS (COMMENT_ID,POST_ID,AUTHOR,CREATED_DATE,UPDATE_DATE,PARENT_COMMENT_ID,COMMENTSTATUS,UPMODE,REMODE) values (200000255,184,'user03',to_date('24/10/06','RR/MM/DD'),null,null,'N','N','N');
Insert into ADMIN.TBL_STU_COMMENTS (COMMENT_ID,POST_ID,AUTHOR,CREATED_DATE,UPDATE_DATE,PARENT_COMMENT_ID,COMMENTSTATUS,UPMODE,REMODE) values (200000268,181,'user03',to_date('24/10/06','RR/MM/DD'),null,200000267,'N','N','N');
Insert into ADMIN.TBL_STU_COMMENTS (COMMENT_ID,POST_ID,AUTHOR,CREATED_DATE,UPDATE_DATE,PARENT_COMMENT_ID,COMMENTSTATUS,UPMODE,REMODE) values (200000271,184,'user03',to_date('24/10/07','RR/MM/DD'),null,null,'N','N','N');
Insert into ADMIN.TBL_STU_COMMENTS (COMMENT_ID,POST_ID,AUTHOR,CREATED_DATE,UPDATE_DATE,PARENT_COMMENT_ID,COMMENTSTATUS,UPMODE,REMODE) values (200000272,185,'user03',to_date('24/10/07','RR/MM/DD'),null,null,'N','N','N');
Insert into ADMIN.TBL_STU_COMMENTS (COMMENT_ID,POST_ID,AUTHOR,CREATED_DATE,UPDATE_DATE,PARENT_COMMENT_ID,COMMENTSTATUS,UPMODE,REMODE) values (200000279,176,'user08',to_date('24/10/07','RR/MM/DD'),null,null,'N','N','N');
Insert into ADMIN.TBL_STU_COMMENTS (COMMENT_ID,POST_ID,AUTHOR,CREATED_DATE,UPDATE_DATE,PARENT_COMMENT_ID,COMMENTSTATUS,UPMODE,REMODE) values (200000283,186,'user03',to_date('24/10/07','RR/MM/DD'),null,200000273,'N','N','N');
Insert into ADMIN.TBL_STU_COMMENTS (COMMENT_ID,POST_ID,AUTHOR,CREATED_DATE,UPDATE_DATE,PARENT_COMMENT_ID,COMMENTSTATUS,UPMODE,REMODE) values (200000296,166,'admin',to_date('24/10/07','RR/MM/DD'),null,200000274,'N','N','N');
Insert into ADMIN.TBL_STU_COMMENTS (COMMENT_ID,POST_ID,AUTHOR,CREATED_DATE,UPDATE_DATE,PARENT_COMMENT_ID,COMMENTSTATUS,UPMODE,REMODE) values (200000304,181,'admin',to_date('24/10/11','RR/MM/DD'),to_date('24/10/11','RR/MM/DD'),null,'N','N','N');
Insert into ADMIN.TBL_STU_COMMENTS (COMMENT_ID,POST_ID,AUTHOR,CREATED_DATE,UPDATE_DATE,PARENT_COMMENT_ID,COMMENTSTATUS,UPMODE,REMODE) values (200000210,160,'user01',to_date('24/10/04','RR/MM/DD'),null,null,'N','N','N');
Insert into ADMIN.TBL_STU_COMMENTS (COMMENT_ID,POST_ID,AUTHOR,CREATED_DATE,UPDATE_DATE,PARENT_COMMENT_ID,COMMENTSTATUS,UPMODE,REMODE) values (200000212,161,'user01',to_date('24/10/04','RR/MM/DD'),to_date('24/10/04','RR/MM/DD'),null,'N','N','N');
REM INSERTING into ADMIN.TBL_STU_COMM_BOARD_TYPES
SET DEFINE OFF;
Insert into ADMIN.TBL_STU_COMM_BOARD_TYPES (BOARD_TYPE_ID,NAME,PART,FULLVIEW) values (2012,'IT',2000,'1000');
Insert into ADMIN.TBL_STU_COMM_BOARD_TYPES (BOARD_TYPE_ID,NAME,PART,FULLVIEW) values (1000,'전체글보기',1000,'1000');
Insert into ADMIN.TBL_STU_COMM_BOARD_TYPES (BOARD_TYPE_ID,NAME,PART,FULLVIEW) values (1001,'인기글',1000,'1000');
Insert into ADMIN.TBL_STU_COMM_BOARD_TYPES (BOARD_TYPE_ID,NAME,PART,FULLVIEW) values (1002,'공지사항',1000,'1000');
Insert into ADMIN.TBL_STU_COMM_BOARD_TYPES (BOARD_TYPE_ID,NAME,PART,FULLVIEW) values (1003,'자유게시판',1000,'1000');
Insert into ADMIN.TBL_STU_COMM_BOARD_TYPES (BOARD_TYPE_ID,NAME,PART,FULLVIEW) values (1004,'질문게시판',1000,'1000');
Insert into ADMIN.TBL_STU_COMM_BOARD_TYPES (BOARD_TYPE_ID,NAME,PART,FULLVIEW) values (2000,'스터디 전체글보기',2000,'1000');
Insert into ADMIN.TBL_STU_COMM_BOARD_TYPES (BOARD_TYPE_ID,NAME,PART,FULLVIEW) values (2001,'국어',2000,'1000');
Insert into ADMIN.TBL_STU_COMM_BOARD_TYPES (BOARD_TYPE_ID,NAME,PART,FULLVIEW) values (2002,'영어',2000,'1000');
Insert into ADMIN.TBL_STU_COMM_BOARD_TYPES (BOARD_TYPE_ID,NAME,PART,FULLVIEW) values (2003,'수학',2000,'1000');
Insert into ADMIN.TBL_STU_COMM_BOARD_TYPES (BOARD_TYPE_ID,NAME,PART,FULLVIEW) values (2004,'과학',2000,'1000');
Insert into ADMIN.TBL_STU_COMM_BOARD_TYPES (BOARD_TYPE_ID,NAME,PART,FULLVIEW) values (2005,'역사',2000,'1000');
Insert into ADMIN.TBL_STU_COMM_BOARD_TYPES (BOARD_TYPE_ID,NAME,PART,FULLVIEW) values (2006,'독서',2000,'1000');
Insert into ADMIN.TBL_STU_COMM_BOARD_TYPES (BOARD_TYPE_ID,NAME,PART,FULLVIEW) values (2007,'논술',2000,'1000');
Insert into ADMIN.TBL_STU_COMM_BOARD_TYPES (BOARD_TYPE_ID,NAME,PART,FULLVIEW) values (2008,'어학',2000,'1000');
Insert into ADMIN.TBL_STU_COMM_BOARD_TYPES (BOARD_TYPE_ID,NAME,PART,FULLVIEW) values (2009,'자격증',2000,'1000');
Insert into ADMIN.TBL_STU_COMM_BOARD_TYPES (BOARD_TYPE_ID,NAME,PART,FULLVIEW) values (2010,'플젝',2000,'1000');
Insert into ADMIN.TBL_STU_COMM_BOARD_TYPES (BOARD_TYPE_ID,NAME,PART,FULLVIEW) values (2011,'취준',2000,'1000');
Insert into ADMIN.TBL_STU_COMM_BOARD_TYPES (BOARD_TYPE_ID,NAME,PART,FULLVIEW) values (3001,'[이벤트]노트필기 경쟁대회',3000,'1000');
Insert into ADMIN.TBL_STU_COMM_BOARD_TYPES (BOARD_TYPE_ID,NAME,PART,FULLVIEW) values (3002,'[이벤트]오답노트',3000,'1000');
REM INSERTING into ADMIN.TBL_USER
SET DEFINE OFF;
Insert into ADMIN.TBL_USER (USER_ID,USER_NAME,USER_NICKNAME,PASSWORD,EMAIL,BAN,STATUS,CREATED_DATE,UPDATE_DATE,BIRTH,GENDER,PHONE,USER_NO) values ('asd','asd','test','1234','asd','N','USER',to_timestamp('24/09/11 00:00:00.000000000','RR/MM/DD HH24:MI:SSXFF'),to_timestamp('24/09/04 00:00:00.000000000','RR/MM/DD HH24:MI:SSXFF'),null,null,null,'599999991');
Insert into ADMIN.TBL_USER (USER_ID,USER_NAME,USER_NICKNAME,PASSWORD,EMAIL,BAN,STATUS,CREATED_DATE,UPDATE_DATE,BIRTH,GENDER,PHONE,USER_NO) values ('qwer1234','황현','황현','qwer1234!','asdfs@naver.com','N','USER',to_timestamp('24/10/02 17:59:44.483025000','RR/MM/DD HH24:MI:SSXFF'),to_timestamp('24/10/02 17:59:44.483025000','RR/MM/DD HH24:MI:SSXFF'),'921221','F','01045678454',null);
Insert into ADMIN.TBL_USER (USER_ID,USER_NAME,USER_NICKNAME,PASSWORD,EMAIL,BAN,STATUS,CREATED_DATE,UPDATE_DATE,BIRTH,GENDER,PHONE,USER_NO) values ('zxc1234','김김','김김','wkfmvm1122!','asdf@naver.com','N','USER',to_timestamp('24/10/02 18:04:25.095281000','RR/MM/DD HH24:MI:SSXFF'),to_timestamp('24/10/02 18:04:25.095281000','RR/MM/DD HH24:MI:SSXFF'),'001211','M','01045678945',null);
Insert into ADMIN.TBL_USER (USER_ID,USER_NAME,USER_NICKNAME,PASSWORD,EMAIL,BAN,STATUS,CREATED_DATE,UPDATE_DATE,BIRTH,GENDER,PHONE,USER_NO) values ('zxc12342','김김','김김3','wkfmvm1122!','asdf@naver.com','N','USER',to_timestamp('24/10/02 18:07:05.749735000','RR/MM/DD HH24:MI:SSXFF'),to_timestamp('24/10/02 18:07:05.749735000','RR/MM/DD HH24:MI:SSXFF'),'001211','M','01045678945',null);
Insert into ADMIN.TBL_USER (USER_ID,USER_NAME,USER_NICKNAME,PASSWORD,EMAIL,BAN,STATUS,CREATED_DATE,UPDATE_DATE,BIRTH,GENDER,PHONE,USER_NO) values ('dddddd1','김용준','dddddd1','marinboy654!','dydwns@naver.com','N','USER',to_timestamp('24/10/07 12:50:41.312169000','RR/MM/DD HH24:MI:SSXFF'),to_timestamp('24/10/07 12:50:41.312169000','RR/MM/DD HH24:MI:SSXFF'),'020710',null,'01091458604','600000015');
Insert into ADMIN.TBL_USER (USER_ID,USER_NAME,USER_NICKNAME,PASSWORD,EMAIL,BAN,STATUS,CREATED_DATE,UPDATE_DATE,BIRTH,GENDER,PHONE,USER_NO) values ('asdf1234','황보현','현씨','asdf1234!','asdfdsa@naver.com','N','USER',to_timestamp('24/10/02 17:56:02.875254000','RR/MM/DD HH24:MI:SSXFF'),to_timestamp('24/10/02 17:56:02.875254000','RR/MM/DD HH24:MI:SSXFF'),'001201','M','01045678451',null);
Insert into ADMIN.TBL_USER (USER_ID,USER_NAME,USER_NICKNAME,PASSWORD,EMAIL,BAN,STATUS,CREATED_DATE,UPDATE_DATE,BIRTH,GENDER,PHONE,USER_NO) values ('qwert1234','김김김','김용','qwer1234!','asdfdf@naver.com','N','USER',to_timestamp('24/10/02 17:58:36.265084000','RR/MM/DD HH24:MI:SSXFF'),to_timestamp('24/10/02 17:58:36.265084000','RR/MM/DD HH24:MI:SSXFF'),'001221','M','01045784545',null);
Insert into ADMIN.TBL_USER (USER_ID,USER_NAME,USER_NICKNAME,PASSWORD,EMAIL,BAN,STATUS,CREATED_DATE,UPDATE_DATE,BIRTH,GENDER,PHONE,USER_NO) values ('user17','황보현','erter','qwer!@#','aakima@naver.com','N','USER',to_timestamp('24/10/11 16:19:17.284894000','RR/MM/DD HH24:MI:SSXFF'),to_timestamp('24/10/11 16:19:17.284894000','RR/MM/DD HH24:MI:SSXFF'),'970224',null,'01090152361','600000018');
Insert into ADMIN.TBL_USER (USER_ID,USER_NAME,USER_NICKNAME,PASSWORD,EMAIL,BAN,STATUS,CREATED_DATE,UPDATE_DATE,BIRTH,GENDER,PHONE,USER_NO) values ('user07','김지수','아이언맨','1','jisoo2@naver.com','N','USER',to_timestamp('24/09/27 12:14:17.354793000','RR/MM/DD HH24:MI:SSXFF'),to_timestamp('24/09/27 12:14:17.354793000','RR/MM/DD HH24:MI:SSXFF'),'1995-03-15','F','01012345678','600000001');
Insert into ADMIN.TBL_USER (USER_ID,USER_NAME,USER_NICKNAME,PASSWORD,EMAIL,BAN,STATUS,CREATED_DATE,UPDATE_DATE,BIRTH,GENDER,PHONE,USER_NO) values ('user08','박민수','현씨','1','minsoo@naver.com','N','USER',to_timestamp('24/09/27 12:14:22.742015000','RR/MM/DD HH24:MI:SSXFF'),to_timestamp('24/09/27 12:14:22.742015000','RR/MM/DD HH24:MI:SSXFF'),'1993-06-24','M','01023456789','600000002');
Insert into ADMIN.TBL_USER (USER_ID,USER_NAME,USER_NICKNAME,PASSWORD,EMAIL,BAN,STATUS,CREATED_DATE,UPDATE_DATE,BIRTH,GENDER,PHONE,USER_NO) values ('user09','이수진','마루','1','soojin@naver.com','N','USER',to_timestamp('24/09/27 12:14:25.483308000','RR/MM/DD HH24:MI:SSXFF'),to_timestamp('24/09/27 12:14:25.483308000','RR/MM/DD HH24:MI:SSXFF'),'1992-02-11','F','01034567890','600000003');
Insert into ADMIN.TBL_USER (USER_ID,USER_NAME,USER_NICKNAME,PASSWORD,EMAIL,BAN,STATUS,CREATED_DATE,UPDATE_DATE,BIRTH,GENDER,PHONE,USER_NO) values ('user11','한지민','라바','1','jimin@naver.com','N','USER',to_timestamp('24/09/27 12:15:11.834076000','RR/MM/DD HH24:MI:SSXFF'),to_timestamp('24/09/27 12:15:11.834076000','RR/MM/DD HH24:MI:SSXFF'),'1990-05-23','F','01056789012','600000004');
Insert into ADMIN.TBL_USER (USER_ID,USER_NAME,USER_NICKNAME,PASSWORD,EMAIL,BAN,STATUS,CREATED_DATE,UPDATE_DATE,BIRTH,GENDER,PHONE,USER_NO) values ('admin','Admin User','관리자','admin1234','admin@example.com','N','ADMIN',to_timestamp('24/09/27 02:48:40.744951000','RR/MM/DD HH24:MI:SSXFF'),to_timestamp('24/09/27 02:48:40.744951000','RR/MM/DD HH24:MI:SSXFF'),null,null,null,'599999998');
Insert into ADMIN.TBL_USER (USER_ID,USER_NAME,USER_NICKNAME,PASSWORD,EMAIL,BAN,STATUS,CREATED_DATE,UPDATE_DATE,BIRTH,GENDER,PHONE,USER_NO) values ('dydwns020710','김용준','용준123','marinboy654!','dydwns020710@naver.com','N','USER',to_timestamp('24/10/07 14:36:17.606337000','RR/MM/DD HH24:MI:SSXFF'),to_timestamp('24/10/07 14:36:17.606337000','RR/MM/DD HH24:MI:SSXFF'),'020710',null,'01091458604','600000016');
Insert into ADMIN.TBL_USER (USER_ID,USER_NAME,USER_NICKNAME,PASSWORD,EMAIL,BAN,STATUS,CREATED_DATE,UPDATE_DATE,BIRTH,GENDER,PHONE,USER_NO) values ('user12','유나경','몰랑이','1','yoona@naver.com','Y','USER',to_timestamp('24/09/27 12:15:15.394189000','RR/MM/DD HH24:MI:SSXFF'),to_timestamp('24/09/27 12:15:15.394189000','RR/MM/DD HH24:MI:SSXFF'),'1994-12-30','F','01067890123','600000005');
Insert into ADMIN.TBL_USER (USER_ID,USER_NAME,USER_NICKNAME,PASSWORD,EMAIL,BAN,STATUS,CREATED_DATE,UPDATE_DATE,BIRTH,GENDER,PHONE,USER_NO) values ('user13','조현우','보노보노','1','hyunwoo@naver.com','N','USER',to_timestamp('24/09/27 12:15:20.580639000','RR/MM/DD HH24:MI:SSXFF'),to_timestamp('24/09/27 12:15:20.580639000','RR/MM/DD HH24:MI:SSXFF'),'1988-11-19','M','01078901234','600000006');
Insert into ADMIN.TBL_USER (USER_ID,USER_NAME,USER_NICKNAME,PASSWORD,EMAIL,BAN,STATUS,CREATED_DATE,UPDATE_DATE,BIRTH,GENDER,PHONE,USER_NO) values ('user15','오하늘','하유성팀장','1','haneul@naver.com','N','USER',to_timestamp('24/09/27 12:15:23.255168000','RR/MM/DD HH24:MI:SSXFF'),to_timestamp('24/09/27 12:15:23.255168000','RR/MM/DD HH24:MI:SSXFF'),'1995-09-02','F','01090123456','600000007');
Insert into ADMIN.TBL_USER (USER_ID,USER_NAME,USER_NICKNAME,PASSWORD,EMAIL,BAN,STATUS,CREATED_DATE,UPDATE_DATE,BIRTH,GENDER,PHONE,USER_NO) values ('user01','김용준','둘리','1','jisoo@naver.com','N','USER',to_timestamp('24/09/13 17:07:08.811479000','RR/MM/DD HH24:MI:SSXFF'),to_timestamp('24/09/13 17:07:08.811479000','RR/MM/DD HH24:MI:SSXFF'),null,null,null,'599999992');
Insert into ADMIN.TBL_USER (USER_ID,USER_NAME,USER_NICKNAME,PASSWORD,EMAIL,BAN,STATUS,CREATED_DATE,UPDATE_DATE,BIRTH,GENDER,PHONE,USER_NO) values ('user02','하유성','손오공','1','loey@naver.com','N','USER',to_timestamp('24/09/13 17:07:15.988509000','RR/MM/DD HH24:MI:SSXFF'),to_timestamp('24/09/13 17:07:15.988509000','RR/MM/DD HH24:MI:SSXFF'),null,null,'01096420456','599999993');
Insert into ADMIN.TBL_USER (USER_ID,USER_NAME,USER_NICKNAME,PASSWORD,EMAIL,BAN,STATUS,CREATED_DATE,UPDATE_DATE,BIRTH,GENDER,PHONE,USER_NO) values ('user03','강선민','아구몬','1','jungkook@naver.com','N','USER',to_timestamp('24/09/13 17:07:34.034641000','RR/MM/DD HH24:MI:SSXFF'),to_timestamp('24/09/13 17:07:34.034641000','RR/MM/DD HH24:MI:SSXFF'),null,null,'01099904117','599999994');
Insert into ADMIN.TBL_USER (USER_ID,USER_NAME,USER_NICKNAME,PASSWORD,EMAIL,BAN,STATUS,CREATED_DATE,UPDATE_DATE,BIRTH,GENDER,PHONE,USER_NO) values ('user04','송태근','뽀로로','1','taeyong@naver.com','N','USER',to_timestamp('24/09/13 17:07:57.854073000','RR/MM/DD HH24:MI:SSXFF'),to_timestamp('24/09/13 17:07:57.854073000','RR/MM/DD HH24:MI:SSXFF'),null,null,null,'999999995');
Insert into ADMIN.TBL_USER (USER_ID,USER_NAME,USER_NICKNAME,PASSWORD,EMAIL,BAN,STATUS,CREATED_DATE,UPDATE_DATE,BIRTH,GENDER,PHONE,USER_NO) values ('user05','황보현','헬로키티','1','lisa@naver.com','Y','USER',to_timestamp('24/09/13 17:08:13.900900000','RR/MM/DD HH24:MI:SSXFF'),to_timestamp('24/09/13 17:08:13.900900000','RR/MM/DD HH24:MI:SSXFF'),null,null,null,'599999996');
Insert into ADMIN.TBL_USER (USER_ID,USER_NAME,USER_NICKNAME,PASSWORD,EMAIL,BAN,STATUS,CREATED_DATE,UPDATE_DATE,BIRTH,GENDER,PHONE,USER_NO) values ('user06','이강인','펭수','1','hbhyun3102@naver.com','Y','USER',to_timestamp('24/09/26 00:00:00.000000000','RR/MM/DD HH24:MI:SSXFF'),to_timestamp('24/09/20 00:00:00.000000000','RR/MM/DD HH24:MI:SSXFF'),null,null,null,'599999997');
Insert into ADMIN.TBL_USER (USER_ID,USER_NAME,USER_NICKNAME,PASSWORD,EMAIL,BAN,STATUS,CREATED_DATE,UPDATE_DATE,BIRTH,GENDER,PHONE,USER_NO) values ('NOTICE','그룹알리미','그룹알리미','dlalwl1!','aksdf@naver.com','N','USER',to_timestamp('24/10/03 22:47:23.584150000','RR/MM/DD HH24:MI:SSXFF'),to_timestamp('24/10/03 22:47:23.584150000','RR/MM/DD HH24:MI:SSXFF'),'001221',null,'01045784545','599999888');
Insert into ADMIN.TBL_USER (USER_ID,USER_NAME,USER_NICKNAME,PASSWORD,EMAIL,BAN,STATUS,CREATED_DATE,UPDATE_DATE,BIRTH,GENDER,PHONE,USER_NO) values ('user10','이미지','졸라맨','1','dlalwl@naver.com','N','USER',to_timestamp('24/10/03 22:52:18.681431000','RR/MM/DD HH24:MI:SSXFF'),to_timestamp('24/10/03 22:52:18.681431000','RR/MM/DD HH24:MI:SSXFF'),'121212',null,'01045545554','600000010');
Insert into ADMIN.TBL_USER (USER_ID,USER_NAME,USER_NICKNAME,PASSWORD,EMAIL,BAN,STATUS,CREATED_DATE,UPDATE_DATE,BIRTH,GENDER,PHONE,USER_NO) values ('asdf12342','임지연','admin','wkfmvm1234!','123213@naver.com','N','USER',to_timestamp('24/10/03 23:09:10.781820000','RR/MM/DD HH24:MI:SSXFF'),to_timestamp('24/10/03 23:09:10.781820000','RR/MM/DD HH24:MI:SSXFF'),'931225',null,'01012345678','600000011');
Insert into ADMIN.TBL_USER (USER_ID,USER_NAME,USER_NICKNAME,PASSWORD,EMAIL,BAN,STATUS,CREATED_DATE,UPDATE_DATE,BIRTH,GENDER,PHONE,USER_NO) values ('hbhyun3102','참깨','참깨꿀','hbhyun1212!','hbhyun3102@naver.com','N','USER',to_timestamp('24/10/05 19:04:17.296410000','RR/MM/DD HH24:MI:SSXFF'),to_timestamp('24/10/05 19:04:17.296410000','RR/MM/DD HH24:MI:SSXFF'),'000219',null,'0','600000012');
Insert into ADMIN.TBL_USER (USER_ID,USER_NAME,USER_NICKNAME,PASSWORD,EMAIL,BAN,STATUS,CREATED_DATE,UPDATE_DATE,BIRTH,GENDER,PHONE,USER_NO) values ('user16','김유정','라라라','qwer1234!!','3jcma@naver.net','Y','USER',to_timestamp('24/10/10 18:20:39.914567000','RR/MM/DD HH24:MI:SSXFF'),to_timestamp('24/10/10 18:20:39.914567000','RR/MM/DD HH24:MI:SSXFF'),'950713',null,'01044863524','600000017');
--------------------------------------------------------
--  DDL for Index PK_TBL_BOARDFILE
--------------------------------------------------------

  CREATE UNIQUE INDEX "ADMIN"."PK_TBL_BOARDFILE" ON "ADMIN"."TBL_BOARDFILE" ("FILENO") 
  PCTFREE 10 INITRANS 2 MAXTRANS 255 COMPUTE STATISTICS 
  STORAGE(INITIAL 65536 NEXT 1048576 MINEXTENTS 1 MAXEXTENTS 2147483645
  PCTINCREASE 0 FREELISTS 1 FREELIST GROUPS 1
  BUFFER_POOL DEFAULT FLASH_CACHE DEFAULT CELL_FLASH_CACHE DEFAULT)
  TABLESPACE "USERS" ;
--------------------------------------------------------
--  DDL for Index TBL_ADDRESS_PK
--------------------------------------------------------

  CREATE UNIQUE INDEX "ADMIN"."TBL_ADDRESS_PK" ON "ADMIN"."TBL_ADDRESS" ("ADDRESS_NO") 
  PCTFREE 10 INITRANS 2 MAXTRANS 255 COMPUTE STATISTICS 
  STORAGE(INITIAL 65536 NEXT 1048576 MINEXTENTS 1 MAXEXTENTS 2147483645
  PCTINCREASE 0 FREELISTS 1 FREELIST GROUPS 1
  BUFFER_POOL DEFAULT FLASH_CACHE DEFAULT CELL_FLASH_CACHE DEFAULT)
  TABLESPACE "USERS" ;
--------------------------------------------------------
--  DDL for Trigger TRG_ANSWER_INSERT
--------------------------------------------------------

  CREATE OR REPLACE EDITIONABLE TRIGGER "ADMIN"."TRG_ANSWER_INSERT" 
AFTER INSERT ON TBL_ANSWER -- 스터디 그룹 테이블
FOR EACH ROW
DECLARE
    v_userId VARCHAR2(20);
    v_category VARCHAR2(50) := 'ANSWER';
BEGIN
    SELECT USER_ID INTO v_userId
    FROM TBL_INQUIRY
    WHERE inquiry_id = :NEW.INQUIRY_ID;

    INSERT INTO TBL_NOTIFICATION (board_No, category, user_Id, status, message)  -- 알림을 생성
    VALUES (:NEW.ANSWER_ID, v_category, v_userId, '', '신청한 고객 문의에 답변이 달렸습니다.');  -- 자동 생성된 studyGroupId를 boardNo로 사용
END;

/
ALTER TRIGGER "ADMIN"."TRG_ANSWER_INSERT" ENABLE;
--------------------------------------------------------
--  DDL for Trigger TRG_APPLICATION_BAN
--------------------------------------------------------

  CREATE OR REPLACE EDITIONABLE TRIGGER "ADMIN"."TRG_APPLICATION_BAN" 
AFTER UPDATE ON TBL_STUDY_APPLICATION
FOR EACH ROW
 WHEN (NEW.FETCHAPPLSTATUS = 'L') DECLARE 
    v_userId VARCHAR2(20);
    v_category VARCHAR2(50) := 'APP';
    v_studyName VARCHAR2(100);
BEGIN
    SELECT TSG.STUDY_NAME INTO v_studyName
    FROM tbl_study_group TSG
    WHERE TSG.STUDY_GROUP_ID = :NEW.FETCHAPPSTUDYID;

    INSERT INTO TBL_NOTIFICATION (board_No, category, user_Id, status, message) 
    VALUES (:NEW.FETCHAPPSTUDYID, v_category, :OLD.FETCHAPPUSERID, '', '스터디 그룹 ('|| v_studyName ||') 에서 강퇴되었습니다. 사유:' || :NEW.REJECTIONMESSAGE);
END;
/
ALTER TRIGGER "ADMIN"."TRG_APPLICATION_BAN" ENABLE;
--------------------------------------------------------
--  DDL for Trigger TRG_APPLICATION_BAN_JOINNOTICE
--------------------------------------------------------

  CREATE OR REPLACE EDITIONABLE TRIGGER "ADMIN"."TRG_APPLICATION_BAN_JOINNOTICE" 
AFTER UPDATE ON TBL_STUDY_APPLICATION
FOR EACH ROW
DECLARE 
    v_nickname VARCHAR2(100);
BEGIN
    IF :NEW.FETCHAPPLSTATUS = 'L' AND :OLD.FETCHAPPLSTATUS != 'L' THEN
        SELECT TU.USER_NICKNAME INTO v_nickname
        FROM TBL_USER TU
        WHERE TU.USER_ID = :NEW.FETCHAPPUSERID;

        INSERT INTO TBL_MESSAGE (
            MESSAGEID, 
            MESSAGESTUDYGROUPID, 
            MESSAGEUSERID, 
            MESSAGECONTENT, 
            MESSAGECREATEDDATE, 
            MESSAGEISDELETED
        ) VALUES (
            MESSAGESEQ.NEXTVAL,      
            :OLD.FETCHAPPSTUDYID,                       
            'NOTICE',              
            v_nickname || '님이 강퇴되었습니다.',                  
            SYSDATE + (9/24),        
            'N'                       
        );
    END IF;
END;
/
ALTER TRIGGER "ADMIN"."TRG_APPLICATION_BAN_JOINNOTICE" ENABLE;
--------------------------------------------------------
--  DDL for Trigger TRG_APPLICATION_DELETE
--------------------------------------------------------

  CREATE OR REPLACE EDITIONABLE TRIGGER "ADMIN"."TRG_APPLICATION_DELETE" 
AFTER DELETE ON TBL_STUDY_APPLICATION
FOR EACH ROW
 WHEN (OLD.FETCHAPPLSTATUS = 'N') DECLARE 
    v_category VARCHAR2(50) := 'APP';
    v_studyName VARCHAR2(100);
BEGIN
    SELECT TSG.STUDY_NAME INTO v_studyName
    FROM tbl_study_group TSG
    WHERE TSG.STUDY_GROUP_ID = :OLD.FETCHAPPSTUDYID;
    
    INSERT INTO TBL_NOTIFICATION (board_No, category, user_Id, status, message)  -- 알림을 생성
    VALUES (TO_CHAR(:OLD.FETCHAPPLICATIONID), v_category, :OLD.FETCHAPPUSERID, '', '스터디 그룹 ('|| v_studyName ||')가입이 거절되었습니다.');  -- 자동 생성된 studyGroupId를 boardNo로 사용
END;
/
ALTER TRIGGER "ADMIN"."TRG_APPLICATION_DELETE" ENABLE;
--------------------------------------------------------
--  DDL for Trigger TRG_APPLICATION_INSERT
--------------------------------------------------------

  CREATE OR REPLACE EDITIONABLE TRIGGER "ADMIN"."TRG_APPLICATION_INSERT" 
AFTER INSERT ON TBL_STUDY_APPLICATION
FOR EACH ROW
 WHEN (NEW.STUSTATUS = 'user') DECLARE 
    v_userId VARCHAR2(20);
    v_category VARCHAR2(50) := 'APP';
BEGIN
    SELECT STUDY_ADMIN_ID INTO v_userId
    FROM TBL_STUDY_GROUP TSG
    WHERE STUDY_GROUP_ID = :NEW.FETCHAPPSTUDYID;

    INSERT INTO TBL_NOTIFICATION (board_No, category, user_Id, status, message)  -- 알림을 생성
    VALUES (:NEW.FETCHAPPSTUDYID, v_category, v_userId, '', '새로운 스터디 가입 요청이 있습니다.');  -- 자동 생성된 studyGroupId를 boardNo로 사용
END;
/
ALTER TRIGGER "ADMIN"."TRG_APPLICATION_INSERT" ENABLE;
--------------------------------------------------------
--  DDL for Trigger TRG_APPLICATION_UPDATE
--------------------------------------------------------

  CREATE OR REPLACE EDITIONABLE TRIGGER "ADMIN"."TRG_APPLICATION_UPDATE" 
AFTER UPDATE ON TBL_STUDY_APPLICATION
FOR EACH ROW
DECLARE 
    v_category VARCHAR2(50) := 'APP';
    v_studyName VARCHAR2(100);
BEGIN
    IF :NEW.FETCHAPPLSTATUS = 'Y' AND :OLD.STUSTATUS = :NEW.STUSTATUS THEN
        SELECT TSG.STUDY_NAME INTO v_studyName
        FROM tbl_study_group TSG
        WHERE TSG.STUDY_GROUP_ID = :NEW.FETCHAPPSTUDYID;

        INSERT INTO TBL_NOTIFICATION (board_No, category, user_Id, status, message)  -- 알림을 생성
        VALUES (TO_CHAR(:NEW.FETCHAPPLICATIONID), v_category, :NEW.FETCHAPPUSERID, '', '스터디 그룹 ('|| v_studyName ||') 가입이 승인되었습니다.');  -- 자동 생성된 studyGroupId를 boardNo로 사용
    END IF;
END;
/
ALTER TRIGGER "ADMIN"."TRG_APPLICATION_UPDATE" ENABLE;
--------------------------------------------------------
--  DDL for Trigger TRG_APPLICATION_UPDATE_ADMIN
--------------------------------------------------------

  CREATE OR REPLACE EDITIONABLE TRIGGER "ADMIN"."TRG_APPLICATION_UPDATE_ADMIN" 
AFTER UPDATE ON TBL_STUDY_APPLICATION
FOR EACH ROW
 WHEN (NEW.STUSTATUS = 'admin') DECLARE 
    v_category VARCHAR2(50) := 'APP';
    v_studyName VARCHAR2(100);
BEGIN
    -- 스터디 이름을 가져오기 위한 SELECT 문
    SELECT TSG.STUDY_NAME INTO v_studyName
    FROM TBL_STUDY_GROUP TSG
    WHERE TSG.STUDY_GROUP_ID = :NEW.FETCHAPPSTUDYID;

    -- 알림을 생성하기 위한 INSERT 문
    INSERT INTO TBL_NOTIFICATION (board_No, category, user_Id, status, message)
    VALUES (TO_CHAR(:NEW.FETCHAPPLICATIONID), v_category, :NEW.FETCHAPPUSERID, '', '스터디 그룹 (' || v_studyName || ') 의 그룹장이 되셨습니다.');
END;

/
ALTER TRIGGER "ADMIN"."TRG_APPLICATION_UPDATE_ADMIN" ENABLE;
--------------------------------------------------------
--  DDL for Trigger TRG_APPLICATION_UPDATE_JOINNOTICE
--------------------------------------------------------

  CREATE OR REPLACE EDITIONABLE TRIGGER "ADMIN"."TRG_APPLICATION_UPDATE_JOINNOTICE" 
AFTER UPDATE ON TBL_STUDY_APPLICATION
FOR EACH ROW
 WHEN (OLD.FETCHAPPLSTATUS = 'N') DECLARE 
    v_nickname VARCHAR2(100); -- v_nickname 변수를 선언, 데이터 타입은 필요에 따라 조정
BEGIN
    IF :NEW.FETCHAPPLSTATUS = 'Y' AND :OLD.STUSTATUS = :NEW.STUSTATUS THEN
        SELECT TU.USER_NICKNAME INTO v_nickname
        FROM TBL_USER TU
        WHERE TU.USER_ID = :NEW.FETCHAPPUSERID;

        INSERT INTO TBL_MESSAGE (
            MESSAGEID, 
            MESSAGESTUDYGROUPID, 
            MESSAGEUSERID, 
            MESSAGECONTENT, 
            MESSAGECREATEDDATE, 
            MESSAGEISDELETED
        ) VALUES (
            MESSAGESEQ.NEXTVAL,      
            :OLD.FETCHAPPSTUDYID,                       
            'NOTICE',              
            v_nickname || '님의 가입을 환영합니다.',                  
            SYSDATE + (9/24),        
            'N'                       
        );
    END IF;
END;
/
ALTER TRIGGER "ADMIN"."TRG_APPLICATION_UPDATE_JOINNOTICE" ENABLE;
--------------------------------------------------------
--  DDL for Trigger TRG_FAQ_ID
--------------------------------------------------------

  CREATE OR REPLACE EDITIONABLE TRIGGER "ADMIN"."TRG_FAQ_ID" 
BEFORE INSERT ON TBL_FAQ
FOR EACH ROW
BEGIN
    :NEW.faq_id := faq_seq.NEXTVAL;
END;

/
ALTER TRIGGER "ADMIN"."TRG_FAQ_ID" ENABLE;
--------------------------------------------------------
--  DDL for Trigger TRG_GROUP_DELETE
--------------------------------------------------------

  CREATE OR REPLACE EDITIONABLE TRIGGER "ADMIN"."TRG_GROUP_DELETE" 
AFTER DELETE ON TBL_STUDY_GROUP
FOR EACH ROW
BEGIN
    DELETE FROM TBL_STUDY_APPLICATION
    WHERE fetchappstudyid = :OLD.STUDY_GROUP_ID;
END;
/
ALTER TRIGGER "ADMIN"."TRG_GROUP_DELETE" ENABLE;
--------------------------------------------------------
--  DDL for Trigger TRG_INQUIRY_INSERT
--------------------------------------------------------

  CREATE OR REPLACE EDITIONABLE TRIGGER "ADMIN"."TRG_INQUIRY_INSERT" 
AFTER INSERT ON TBL_INQUIRY -- 스터디 그룹 테이블
FOR EACH ROW
DECLARE
    v_category VARCHAR2(50) := 'INQUIRY';
BEGIN
    INSERT INTO TBL_NOTIFICATION (board_No, category, user_Id, status, message)  -- 알림을 생성
    VALUES (:NEW.INQUIRY_ID, v_category, '', 'ADMIN', '새로운 고객 문의가 있습니다.');  -- 자동 생성된 studyGroupId를 boardNo로 사용
END;

/
ALTER TRIGGER "ADMIN"."TRG_INQUIRY_INSERT" ENABLE;
--------------------------------------------------------
--  DDL for Trigger TRG_NOTICE_ID
--------------------------------------------------------

  CREATE OR REPLACE EDITIONABLE TRIGGER "ADMIN"."TRG_NOTICE_ID" 
BEFORE INSERT ON TBL_NOTICE
FOR EACH ROW
BEGIN
    :NEW.notice_id := notice_seq.NEXTVAL;
END;

/
ALTER TRIGGER "ADMIN"."TRG_NOTICE_ID" ENABLE;
--------------------------------------------------------
--  DDL for Trigger TRG_REFUND_INSERT
--------------------------------------------------------

  CREATE OR REPLACE EDITIONABLE TRIGGER "ADMIN"."TRG_REFUND_INSERT" 
AFTER INSERT ON TBL_REFUND  -- 스터디 그룹 테이블
FOR EACH ROW
DECLARE
    v_category VARCHAR2(50) := 'REFUND';
BEGIN
    INSERT INTO TBL_NOTIFICATION (board_No, category, user_Id, status, message)  -- 알림을 생성
    VALUES (:NEW.REFUND_ID, v_category, '', 'ADMIN', '새로운 환불 요청이 있습니다.');  -- 자동 생성된 studyGroupId를 boardNo로 사용
END;

/
ALTER TRIGGER "ADMIN"."TRG_REFUND_INSERT" ENABLE;
--------------------------------------------------------
--  DDL for Trigger TRG_REFUND_UPDATE
--------------------------------------------------------

  CREATE OR REPLACE EDITIONABLE TRIGGER "ADMIN"."TRG_REFUND_UPDATE" 
AFTER UPDATE ON TBL_ORDER
FOR EACH ROW
DECLARE 
    v_category VARCHAR2(50) := 'REFUND';
BEGIN
    IF :NEW.STATUS = '환불 처리 완료' THEN
        INSERT INTO TBL_NOTIFICATION (board_No, category, user_Id, status, message)  
        VALUES (:NEW.ORDER_ID, v_category, :NEW.USER_ID, '', '환불 요청이 처리되었습니다.');
    END IF;
END;
/
ALTER TRIGGER "ADMIN"."TRG_REFUND_UPDATE" ENABLE;
--------------------------------------------------------
--  DDL for Trigger TRG_STUDY_INSERT
--------------------------------------------------------

  CREATE OR REPLACE EDITIONABLE TRIGGER "ADMIN"."TRG_STUDY_INSERT" 
AFTER INSERT ON TBL_STUDY_GROUP  -- 스터디 그룹 테이블
FOR EACH ROW
DECLARE
    v_category VARCHAR2(50) := 'STUDY';
BEGIN
    INSERT INTO TBL_NOTIFICATION (board_No, category, user_Id, status, message)  -- 알림을 생성
    VALUES (:NEW.STUDY_GROUP_ID, v_category, '', 'ADMIN', '새로운 스터디 요청이 있습니다.');  -- 자동 생성된 studyGroupId를 boardNo로 사용
END;

/
ALTER TRIGGER "ADMIN"."TRG_STUDY_INSERT" ENABLE;
--------------------------------------------------------
--  DDL for Trigger TRG_STUDY_UPDATE
--------------------------------------------------------

  CREATE OR REPLACE EDITIONABLE TRIGGER "ADMIN"."TRG_STUDY_UPDATE" 
AFTER UPDATE ON TBL_STUDY_GROUP
FOR EACH ROW
 WHEN ( OLD.GROUPSTATUS = 'N' AND NEW.GROUPSTATUS = 'Y' ) DECLARE 
    v_category VARCHAR2(50) := 'STUDY';
BEGIN
    INSERT INTO TBL_NOTIFICATION (board_No, category, user_Id, status, message)  -- 알림을 생성
    VALUES (TO_CHAR(:NEW.STUDY_GROUP_ID), v_category, :NEW.STUDY_ADMIN_ID, '', '스터디 그룹 (' || :OLD.STUDY_NAME || ') 생성이 승인되었습니다.');  -- 자동 생성된 studyGroupId를 boardNo로 사용
END;
/
ALTER TRIGGER "ADMIN"."TRG_STUDY_UPDATE" ENABLE;
--------------------------------------------------------
--  DDL for Procedure UPDATE_ORDER_STATUS
--------------------------------------------------------
set define off;

  CREATE OR REPLACE EDITIONABLE PROCEDURE "ADMIN"."UPDATE_ORDER_STATUS" IS
BEGIN
    -- 현재 날짜와 시간을 기준으로 '배송 중'인 레코드 상태 업데이트
    UPDATE tbl_order
    SET status = '배송 완료'
    WHERE status = '배송 중'
    AND arrived_date <= TRUNC(SYSDATE+9/24);  -- 오늘 날짜 또는 이미 지난 날짜

    -- 커밋하여 변경 사항 적용
    COMMIT;
END;

/
--------------------------------------------------------
--  Constraints for Table TBL_NOTICE
--------------------------------------------------------

  ALTER TABLE "ADMIN"."TBL_NOTICE" MODIFY ("TITLE" NOT NULL ENABLE);
  ALTER TABLE "ADMIN"."TBL_NOTICE" MODIFY ("AUTHOR" NOT NULL ENABLE);
  ALTER TABLE "ADMIN"."TBL_NOTICE" ADD PRIMARY KEY ("NOTICE_ID")
  USING INDEX PCTFREE 10 INITRANS 2 MAXTRANS 255 COMPUTE STATISTICS 
  STORAGE(INITIAL 65536 NEXT 1048576 MINEXTENTS 1 MAXEXTENTS 2147483645
  PCTINCREASE 0 FREELISTS 1 FREELIST GROUPS 1
  BUFFER_POOL DEFAULT FLASH_CACHE DEFAULT CELL_FLASH_CACHE DEFAULT)
  TABLESPACE "USERS"  ENABLE;
--------------------------------------------------------
--  Constraints for Table TBL_STUDY_GROUP
--------------------------------------------------------

  ALTER TABLE "ADMIN"."TBL_STUDY_GROUP" MODIFY ("SUBJECT_TYPE_ID" NOT NULL ENABLE);
  ALTER TABLE "ADMIN"."TBL_STUDY_GROUP" ADD PRIMARY KEY ("STUDY_GROUP_ID")
  USING INDEX PCTFREE 10 INITRANS 2 MAXTRANS 255 COMPUTE STATISTICS 
  STORAGE(INITIAL 65536 NEXT 1048576 MINEXTENTS 1 MAXEXTENTS 2147483645
  PCTINCREASE 0 FREELISTS 1 FREELIST GROUPS 1
  BUFFER_POOL DEFAULT FLASH_CACHE DEFAULT CELL_FLASH_CACHE DEFAULT)
  TABLESPACE "USERS"  ENABLE;
--------------------------------------------------------
--  Constraints for Table TBL_REVIEW
--------------------------------------------------------

  ALTER TABLE "ADMIN"."TBL_REVIEW" MODIFY ("REVIEW_ID" NOT NULL ENABLE);
  ALTER TABLE "ADMIN"."TBL_REVIEW" ADD PRIMARY KEY ("REVIEW_ID")
  USING INDEX PCTFREE 10 INITRANS 2 MAXTRANS 255 COMPUTE STATISTICS 
  STORAGE(INITIAL 65536 NEXT 1048576 MINEXTENTS 1 MAXEXTENTS 2147483645
  PCTINCREASE 0 FREELISTS 1 FREELIST GROUPS 1
  BUFFER_POOL DEFAULT FLASH_CACHE DEFAULT CELL_FLASH_CACHE DEFAULT)
  TABLESPACE "USERS"  ENABLE;
--------------------------------------------------------
--  Constraints for Table TBL_BOOK
--------------------------------------------------------

  ALTER TABLE "ADMIN"."TBL_BOOK" MODIFY ("TITLE" NOT NULL ENABLE);
  ALTER TABLE "ADMIN"."TBL_BOOK" ADD PRIMARY KEY ("BOOK_ID")
  USING INDEX PCTFREE 10 INITRANS 2 MAXTRANS 255 COMPUTE STATISTICS 
  STORAGE(INITIAL 65536 NEXT 1048576 MINEXTENTS 1 MAXEXTENTS 2147483645
  PCTINCREASE 0 FREELISTS 1 FREELIST GROUPS 1
  BUFFER_POOL DEFAULT FLASH_CACHE DEFAULT CELL_FLASH_CACHE DEFAULT)
  TABLESPACE "USERS"  ENABLE;
--------------------------------------------------------
--  Constraints for Table TBL_STU_COMM
--------------------------------------------------------

  ALTER TABLE "ADMIN"."TBL_STU_COMM" ADD PRIMARY KEY ("BOARD_ID")
  USING INDEX PCTFREE 10 INITRANS 2 MAXTRANS 255 COMPUTE STATISTICS 
  STORAGE(INITIAL 65536 NEXT 1048576 MINEXTENTS 1 MAXEXTENTS 2147483645
  PCTINCREASE 0 FREELISTS 1 FREELIST GROUPS 1
  BUFFER_POOL DEFAULT FLASH_CACHE DEFAULT CELL_FLASH_CACHE DEFAULT)
  TABLESPACE "USERS"  ENABLE;
--------------------------------------------------------
--  Constraints for Table TBL_FAQ
--------------------------------------------------------

  ALTER TABLE "ADMIN"."TBL_FAQ" MODIFY ("QUESTION" NOT NULL ENABLE);
  ALTER TABLE "ADMIN"."TBL_FAQ" MODIFY ("ANSWER" NOT NULL ENABLE);
  ALTER TABLE "ADMIN"."TBL_FAQ" ADD PRIMARY KEY ("FAQ_ID")
  USING INDEX PCTFREE 10 INITRANS 2 MAXTRANS 255 COMPUTE STATISTICS 
  STORAGE(INITIAL 65536 NEXT 1048576 MINEXTENTS 1 MAXEXTENTS 2147483645
  PCTINCREASE 0 FREELISTS 1 FREELIST GROUPS 1
  BUFFER_POOL DEFAULT FLASH_CACHE DEFAULT CELL_FLASH_CACHE DEFAULT)
  TABLESPACE "USERS"  ENABLE;
--------------------------------------------------------
--  Constraints for Table TBL_STU_COMMENTS
--------------------------------------------------------

  ALTER TABLE "ADMIN"."TBL_STU_COMMENTS" ADD PRIMARY KEY ("COMMENT_ID")
  USING INDEX PCTFREE 10 INITRANS 2 MAXTRANS 255 COMPUTE STATISTICS 
  STORAGE(INITIAL 65536 NEXT 1048576 MINEXTENTS 1 MAXEXTENTS 2147483645
  PCTINCREASE 0 FREELISTS 1 FREELIST GROUPS 1
  BUFFER_POOL DEFAULT FLASH_CACHE DEFAULT CELL_FLASH_CACHE DEFAULT)
  TABLESPACE "USERS"  ENABLE;
--------------------------------------------------------
--  Constraints for Table TBL_NOTIFICATION
--------------------------------------------------------

  ALTER TABLE "ADMIN"."TBL_NOTIFICATION" MODIFY ("NOTIFICATION_ID" NOT NULL ENABLE);
  ALTER TABLE "ADMIN"."TBL_NOTIFICATION" ADD PRIMARY KEY ("NOTIFICATION_ID")
  USING INDEX PCTFREE 10 INITRANS 2 MAXTRANS 255 COMPUTE STATISTICS 
  STORAGE(INITIAL 65536 NEXT 1048576 MINEXTENTS 1 MAXEXTENTS 2147483645
  PCTINCREASE 0 FREELISTS 1 FREELIST GROUPS 1
  BUFFER_POOL DEFAULT FLASH_CACHE DEFAULT CELL_FLASH_CACHE DEFAULT)
  TABLESPACE "USERS"  ENABLE;
--------------------------------------------------------
--  Constraints for Table TBL_ORDER_ITEM
--------------------------------------------------------

  ALTER TABLE "ADMIN"."TBL_ORDER_ITEM" MODIFY ("ORDER_ID" NOT NULL ENABLE);
  ALTER TABLE "ADMIN"."TBL_ORDER_ITEM" MODIFY ("BOOK_ID" NOT NULL ENABLE);
  ALTER TABLE "ADMIN"."TBL_ORDER_ITEM" MODIFY ("QUANTITY" NOT NULL ENABLE);
  ALTER TABLE "ADMIN"."TBL_ORDER_ITEM" MODIFY ("PRICE" NOT NULL ENABLE);
  ALTER TABLE "ADMIN"."TBL_ORDER_ITEM" ADD PRIMARY KEY ("ORDER_ID", "BOOK_ID")
  USING INDEX PCTFREE 10 INITRANS 2 MAXTRANS 255 COMPUTE STATISTICS 
  STORAGE(INITIAL 65536 NEXT 1048576 MINEXTENTS 1 MAXEXTENTS 2147483645
  PCTINCREASE 0 FREELISTS 1 FREELIST GROUPS 1
  BUFFER_POOL DEFAULT FLASH_CACHE DEFAULT CELL_FLASH_CACHE DEFAULT)
  TABLESPACE "USERS"  ENABLE;
--------------------------------------------------------
--  Constraints for Table TBL_CART
--------------------------------------------------------

  ALTER TABLE "ADMIN"."TBL_CART" MODIFY ("CART_ID" NOT NULL ENABLE);
  ALTER TABLE "ADMIN"."TBL_CART" MODIFY ("USER_ID" NOT NULL ENABLE);
  ALTER TABLE "ADMIN"."TBL_CART" MODIFY ("BOOK_ID" NOT NULL ENABLE);
  ALTER TABLE "ADMIN"."TBL_CART" MODIFY ("QUANTITY" NOT NULL ENABLE);
  ALTER TABLE "ADMIN"."TBL_CART" MODIFY ("ADDED_AT" NOT NULL ENABLE);
  ALTER TABLE "ADMIN"."TBL_CART" ADD PRIMARY KEY ("CART_ID")
  USING INDEX PCTFREE 10 INITRANS 2 MAXTRANS 255 COMPUTE STATISTICS 
  STORAGE(INITIAL 65536 NEXT 1048576 MINEXTENTS 1 MAXEXTENTS 2147483645
  PCTINCREASE 0 FREELISTS 1 FREELIST GROUPS 1
  BUFFER_POOL DEFAULT FLASH_CACHE DEFAULT CELL_FLASH_CACHE DEFAULT)
  TABLESPACE "USERS"  ENABLE;
--------------------------------------------------------
--  Constraints for Table TBL_ADDRESS
--------------------------------------------------------

  ALTER TABLE "ADMIN"."TBL_ADDRESS" MODIFY ("ADDRESS_NO" NOT NULL ENABLE);
  ALTER TABLE "ADMIN"."TBL_ADDRESS" MODIFY ("SAVEYN" NOT NULL ENABLE);
  ALTER TABLE "ADMIN"."TBL_ADDRESS" MODIFY ("DEFAULTYN" NOT NULL ENABLE);
  ALTER TABLE "ADMIN"."TBL_ADDRESS" ADD CHECK (defaultYN IN ('Y', 'N')) ENABLE;
  ALTER TABLE "ADMIN"."TBL_ADDRESS" ADD CONSTRAINT "TBL_ADDRESS_PK" PRIMARY KEY ("ADDRESS_NO")
  USING INDEX PCTFREE 10 INITRANS 2 MAXTRANS 255 COMPUTE STATISTICS 
  STORAGE(INITIAL 65536 NEXT 1048576 MINEXTENTS 1 MAXEXTENTS 2147483645
  PCTINCREASE 0 FREELISTS 1 FREELIST GROUPS 1
  BUFFER_POOL DEFAULT FLASH_CACHE DEFAULT CELL_FLASH_CACHE DEFAULT)
  TABLESPACE "USERS"  ENABLE;
--------------------------------------------------------
--  Constraints for Table TBL_ORDER
--------------------------------------------------------

  ALTER TABLE "ADMIN"."TBL_ORDER" MODIFY ("ORDER_ID" NOT NULL ENABLE);
  ALTER TABLE "ADMIN"."TBL_ORDER" MODIFY ("USER_ID" NOT NULL ENABLE);
  ALTER TABLE "ADMIN"."TBL_ORDER" MODIFY ("ORDER_DATE" NOT NULL ENABLE);
  ALTER TABLE "ADMIN"."TBL_ORDER" ADD PRIMARY KEY ("ORDER_ID")
  USING INDEX PCTFREE 10 INITRANS 2 MAXTRANS 255 COMPUTE STATISTICS 
  STORAGE(INITIAL 65536 NEXT 1048576 MINEXTENTS 1 MAXEXTENTS 2147483645
  PCTINCREASE 0 FREELISTS 1 FREELIST GROUPS 1
  BUFFER_POOL DEFAULT FLASH_CACHE DEFAULT CELL_FLASH_CACHE DEFAULT)
  TABLESPACE "USERS"  ENABLE;
--------------------------------------------------------
--  Constraints for Table TBL_LIKES
--------------------------------------------------------

  ALTER TABLE "ADMIN"."TBL_LIKES" MODIFY ("LIKEUSERID" NOT NULL ENABLE);
  ALTER TABLE "ADMIN"."TBL_LIKES" MODIFY ("TARGETID" NOT NULL ENABLE);
  ALTER TABLE "ADMIN"."TBL_LIKES" MODIFY ("TARGETTYPE" NOT NULL ENABLE);
  ALTER TABLE "ADMIN"."TBL_LIKES" ADD PRIMARY KEY ("LIKEID")
  USING INDEX PCTFREE 10 INITRANS 2 MAXTRANS 255 COMPUTE STATISTICS 
  STORAGE(INITIAL 65536 NEXT 1048576 MINEXTENTS 1 MAXEXTENTS 2147483645
  PCTINCREASE 0 FREELISTS 1 FREELIST GROUPS 1
  BUFFER_POOL DEFAULT FLASH_CACHE DEFAULT CELL_FLASH_CACHE DEFAULT)
  TABLESPACE "USERS"  ENABLE;
--------------------------------------------------------
--  Constraints for Table TBL_REFUND
--------------------------------------------------------

  ALTER TABLE "ADMIN"."TBL_REFUND" MODIFY ("REFUND_ID" NOT NULL ENABLE);
  ALTER TABLE "ADMIN"."TBL_REFUND" MODIFY ("CREATED_DATE" NOT NULL ENABLE);
  ALTER TABLE "ADMIN"."TBL_REFUND" ADD PRIMARY KEY ("REFUND_ID")
  USING INDEX PCTFREE 10 INITRANS 2 MAXTRANS 255 COMPUTE STATISTICS 
  STORAGE(INITIAL 65536 NEXT 1048576 MINEXTENTS 1 MAXEXTENTS 2147483645
  PCTINCREASE 0 FREELISTS 1 FREELIST GROUPS 1
  BUFFER_POOL DEFAULT FLASH_CACHE DEFAULT CELL_FLASH_CACHE DEFAULT)
  TABLESPACE "USERS"  ENABLE;
--------------------------------------------------------
--  Constraints for Table TBL_USER
--------------------------------------------------------

  ALTER TABLE "ADMIN"."TBL_USER" MODIFY ("USER_NAME" NOT NULL ENABLE);
  ALTER TABLE "ADMIN"."TBL_USER" MODIFY ("USER_NICKNAME" NOT NULL ENABLE);
  ALTER TABLE "ADMIN"."TBL_USER" MODIFY ("PASSWORD" NOT NULL ENABLE);
  ALTER TABLE "ADMIN"."TBL_USER" MODIFY ("EMAIL" NOT NULL ENABLE);
  ALTER TABLE "ADMIN"."TBL_USER" MODIFY ("BAN" NOT NULL ENABLE);
  ALTER TABLE "ADMIN"."TBL_USER" MODIFY ("STATUS" NOT NULL ENABLE);
  ALTER TABLE "ADMIN"."TBL_USER" ADD PRIMARY KEY ("USER_ID")
  USING INDEX PCTFREE 10 INITRANS 2 MAXTRANS 255 COMPUTE STATISTICS 
  STORAGE(INITIAL 65536 NEXT 1048576 MINEXTENTS 1 MAXEXTENTS 2147483645
  PCTINCREASE 0 FREELISTS 1 FREELIST GROUPS 1
  BUFFER_POOL DEFAULT FLASH_CACHE DEFAULT CELL_FLASH_CACHE DEFAULT)
  TABLESPACE "USERS"  ENABLE;
  ALTER TABLE "ADMIN"."TBL_USER" ADD UNIQUE ("USER_NICKNAME") DISABLE;
  ALTER TABLE "ADMIN"."TBL_USER" ADD UNIQUE ("EMAIL") DISABLE;
--------------------------------------------------------
--  Constraints for Table TBL_BOARDFILE
--------------------------------------------------------

  ALTER TABLE "ADMIN"."TBL_BOARDFILE" MODIFY ("FILENO" NOT NULL ENABLE);
  ALTER TABLE "ADMIN"."TBL_BOARDFILE" ADD CONSTRAINT "PK_TBL_BOARDFILE" PRIMARY KEY ("FILENO")
  USING INDEX PCTFREE 10 INITRANS 2 MAXTRANS 255 COMPUTE STATISTICS 
  STORAGE(INITIAL 65536 NEXT 1048576 MINEXTENTS 1 MAXEXTENTS 2147483645
  PCTINCREASE 0 FREELISTS 1 FREELIST GROUPS 1
  BUFFER_POOL DEFAULT FLASH_CACHE DEFAULT CELL_FLASH_CACHE DEFAULT)
  TABLESPACE "USERS"  ENABLE;
--------------------------------------------------------
--  Constraints for Table TBL_INQUIRY
--------------------------------------------------------

  ALTER TABLE "ADMIN"."TBL_INQUIRY" MODIFY ("CATEGORY" NOT NULL ENABLE);
  ALTER TABLE "ADMIN"."TBL_INQUIRY" MODIFY ("TITLE" NOT NULL ENABLE);
  ALTER TABLE "ADMIN"."TBL_INQUIRY" MODIFY ("MESSAGE" NOT NULL ENABLE);
  ALTER TABLE "ADMIN"."TBL_INQUIRY" ADD PRIMARY KEY ("INQUIRY_ID")
  USING INDEX PCTFREE 10 INITRANS 2 MAXTRANS 255 COMPUTE STATISTICS 
  STORAGE(INITIAL 65536 NEXT 1048576 MINEXTENTS 1 MAXEXTENTS 2147483645
  PCTINCREASE 0 FREELISTS 1 FREELIST GROUPS 1
  BUFFER_POOL DEFAULT FLASH_CACHE DEFAULT CELL_FLASH_CACHE DEFAULT)
  TABLESPACE "USERS"  ENABLE;
  ALTER TABLE "ADMIN"."TBL_INQUIRY" MODIFY ("USER_ID" NOT NULL ENABLE);
--------------------------------------------------------
--  Constraints for Table TBL_REFUND_REASON_LIST
--------------------------------------------------------

  ALTER TABLE "ADMIN"."TBL_REFUND_REASON_LIST" MODIFY ("REASON_TEXT" NOT NULL ENABLE);
  ALTER TABLE "ADMIN"."TBL_REFUND_REASON_LIST" MODIFY ("TEXTAREA" NOT NULL ENABLE);
  ALTER TABLE "ADMIN"."TBL_REFUND_REASON_LIST" MODIFY ("FILE_UPLOAD" NOT NULL ENABLE);
  ALTER TABLE "ADMIN"."TBL_REFUND_REASON_LIST" ADD PRIMARY KEY ("REASON_ID")
  USING INDEX PCTFREE 10 INITRANS 2 MAXTRANS 255 COMPUTE STATISTICS 
  STORAGE(INITIAL 65536 NEXT 1048576 MINEXTENTS 1 MAXEXTENTS 2147483645
  PCTINCREASE 0 FREELISTS 1 FREELIST GROUPS 1
  BUFFER_POOL DEFAULT FLASH_CACHE DEFAULT CELL_FLASH_CACHE DEFAULT)
  TABLESPACE "USERS"  ENABLE;
--------------------------------------------------------
--  Constraints for Table TBL_REFUND_ITEM
--------------------------------------------------------

  ALTER TABLE "ADMIN"."TBL_REFUND_ITEM" MODIFY ("STATUS" NOT NULL ENABLE);
  ALTER TABLE "ADMIN"."TBL_REFUND_ITEM" MODIFY ("REFUND_ID" NOT NULL ENABLE);
  ALTER TABLE "ADMIN"."TBL_REFUND_ITEM" MODIFY ("QUANTITY" NOT NULL ENABLE);
--------------------------------------------------------
--  Constraints for Table TBL_CATEGORIES
--------------------------------------------------------

  ALTER TABLE "ADMIN"."TBL_CATEGORIES" MODIFY ("CATEGORY_ID" NOT NULL ENABLE);
  ALTER TABLE "ADMIN"."TBL_CATEGORIES" MODIFY ("CATEGORY_NAME" NOT NULL ENABLE);
  ALTER TABLE "ADMIN"."TBL_CATEGORIES" ADD PRIMARY KEY ("CATEGORY_ID")
  USING INDEX PCTFREE 10 INITRANS 2 MAXTRANS 255 
  TABLESPACE "USERS"  ENABLE;
  ALTER TABLE "ADMIN"."TBL_CATEGORIES" ADD UNIQUE ("CATEGORY_NAME")
  USING INDEX PCTFREE 10 INITRANS 2 MAXTRANS 255 
  TABLESPACE "USERS"  ENABLE;
--------------------------------------------------------
--  Constraints for Table TBL_MESSAGE
--------------------------------------------------------

  ALTER TABLE "ADMIN"."TBL_MESSAGE" ADD PRIMARY KEY ("MESSAGEID")
  USING INDEX PCTFREE 10 INITRANS 2 MAXTRANS 255 COMPUTE STATISTICS 
  STORAGE(INITIAL 65536 NEXT 1048576 MINEXTENTS 1 MAXEXTENTS 2147483645
  PCTINCREASE 0 FREELISTS 1 FREELIST GROUPS 1
  BUFFER_POOL DEFAULT FLASH_CACHE DEFAULT CELL_FLASH_CACHE DEFAULT)
  TABLESPACE "USERS"  ENABLE;
--------------------------------------------------------
--  Constraints for Table TBL_STUDY_APPLICATION
--------------------------------------------------------

  ALTER TABLE "ADMIN"."TBL_STUDY_APPLICATION" MODIFY ("FETCHAPPSTUDYID" NOT NULL ENABLE);
  ALTER TABLE "ADMIN"."TBL_STUDY_APPLICATION" MODIFY ("FETCHAPPUSERID" NOT NULL ENABLE);
  ALTER TABLE "ADMIN"."TBL_STUDY_APPLICATION" ADD PRIMARY KEY ("FETCHAPPLICATIONID")
  USING INDEX PCTFREE 10 INITRANS 2 MAXTRANS 255 COMPUTE STATISTICS 
  STORAGE(INITIAL 65536 NEXT 1048576 MINEXTENTS 1 MAXEXTENTS 2147483645
  PCTINCREASE 0 FREELISTS 1 FREELIST GROUPS 1
  BUFFER_POOL DEFAULT FLASH_CACHE DEFAULT CELL_FLASH_CACHE DEFAULT)
  TABLESPACE "USERS"  ENABLE;
--------------------------------------------------------
--  Constraints for Table TBL_STU_COMM_BOARD_TYPES
--------------------------------------------------------

  ALTER TABLE "ADMIN"."TBL_STU_COMM_BOARD_TYPES" ADD PRIMARY KEY ("BOARD_TYPE_ID")
  USING INDEX PCTFREE 10 INITRANS 2 MAXTRANS 255 COMPUTE STATISTICS 
  STORAGE(INITIAL 65536 NEXT 1048576 MINEXTENTS 1 MAXEXTENTS 2147483645
  PCTINCREASE 0 FREELISTS 1 FREELIST GROUPS 1
  BUFFER_POOL DEFAULT FLASH_CACHE DEFAULT CELL_FLASH_CACHE DEFAULT)
  TABLESPACE "USERS"  ENABLE;
--------------------------------------------------------
--  Constraints for Table TBL_ANSWER
--------------------------------------------------------

  ALTER TABLE "ADMIN"."TBL_ANSWER" MODIFY ("INQUIRY_ID" NOT NULL ENABLE);
  ALTER TABLE "ADMIN"."TBL_ANSWER" MODIFY ("ANSWER_MESSAGE" NOT NULL ENABLE);
  ALTER TABLE "ADMIN"."TBL_ANSWER" ADD PRIMARY KEY ("ANSWER_ID")
  USING INDEX PCTFREE 10 INITRANS 2 MAXTRANS 255 COMPUTE STATISTICS 
  STORAGE(INITIAL 65536 NEXT 1048576 MINEXTENTS 1 MAXEXTENTS 2147483645
  PCTINCREASE 0 FREELISTS 1 FREELIST GROUPS 1
  BUFFER_POOL DEFAULT FLASH_CACHE DEFAULT CELL_FLASH_CACHE DEFAULT)
  TABLESPACE "USERS"  ENABLE;
--------------------------------------------------------
--  Ref Constraints for Table TBL_ANSWER
--------------------------------------------------------

  ALTER TABLE "ADMIN"."TBL_ANSWER" ADD CONSTRAINT "FK_INQUIRY" FOREIGN KEY ("INQUIRY_ID")
	  REFERENCES "ADMIN"."TBL_INQUIRY" ("INQUIRY_ID") ON DELETE CASCADE ENABLE;
--------------------------------------------------------
--  Ref Constraints for Table TBL_INQUIRY
--------------------------------------------------------

  ALTER TABLE "ADMIN"."TBL_INQUIRY" ADD FOREIGN KEY ("USER_ID")
	  REFERENCES "ADMIN"."TBL_USER" ("USER_ID") ENABLE;
--------------------------------------------------------
--  Ref Constraints for Table TBL_STUDY_GROUP
--------------------------------------------------------

  ALTER TABLE "ADMIN"."TBL_STUDY_GROUP" ADD FOREIGN KEY ("SUBJECT_TYPE_ID")
	  REFERENCES "ADMIN"."TBL_STU_COMM_BOARD_TYPES" ("BOARD_TYPE_ID") ENABLE;
